# Trials behind speed.md. Written by `mise run bench:speed`; do not edit by hand.
# Date: 2026-10-07
# Roblox: 0.741.19.7411056
# Machine: 12th Gen Intel(R) Core(TM) i9-12900KF, 16 threads, win32 10.0.26200
# Runs: 2, back to back
# surge: 324c701
# rbxts-transformer-surge: 680cff4
# roblox-ts: 3.0.0
# @rbxts/flamework-binary-serializer: 0.7.0
# @rbxts/serio: 1.2.7
# Blink: 0.18.8
# Method: 9 trials per cell, each at least 0.2 seconds of calls after 0.1 seconds of warm-up calls, timed in chunks of 250 calls so that the yields between chunks are not in the time; within a row the libraries take turns, one trial each, and 3 idle frames separate one row from the next
fixture	library	half	run	trial	rate
small flat struct	surge	encode	1	1	5982380
small flat struct	surge	encode	1	2	5946137
small flat struct	surge	encode	1	3	5451838
small flat struct	surge	encode	1	4	5674884
small flat struct	surge	encode	1	5	5982909
small flat struct	surge	encode	1	6	5912246
small flat struct	surge	encode	1	7	5881230
small flat struct	surge	encode	1	8	5971705
small flat struct	surge	encode	1	9	5918052
small flat struct	surge	encode	2	1	6137575
small flat struct	surge	encode	2	2	5918638
small flat struct	surge	encode	2	3	5835710
small flat struct	surge	encode	2	4	6023825
small flat struct	surge	encode	2	5	5454821
small flat struct	surge	encode	2	6	5326042
small flat struct	surge	encode	2	7	5916216
small flat struct	surge	encode	2	8	5948619
small flat struct	surge	encode	2	9	5868339
small flat struct	surge	decode	1	1	5677435
small flat struct	surge	decode	1	2	5627155
small flat struct	surge	decode	1	3	5648566
small flat struct	surge	decode	1	4	5436665
small flat struct	surge	decode	1	5	5546463
small flat struct	surge	decode	1	6	5548301
small flat struct	surge	decode	1	7	5705491
small flat struct	surge	decode	1	8	5591583
small flat struct	surge	decode	1	9	5393656
small flat struct	surge	decode	2	1	5449869
small flat struct	surge	decode	2	2	5447372
small flat struct	surge	decode	2	3	5467399
small flat struct	surge	decode	2	4	5407267
small flat struct	surge	decode	2	5	5156567
small flat struct	surge	decode	2	6	5427545
small flat struct	surge	decode	2	7	5506454
small flat struct	surge	decode	2	8	5533597
small flat struct	surge	decode	2	9	5402011
small flat struct	fbs	encode	1	1	2479918
small flat struct	fbs	encode	1	2	2458540
small flat struct	fbs	encode	1	3	2291581
small flat struct	fbs	encode	1	4	2439358
small flat struct	fbs	encode	1	5	2408304
small flat struct	fbs	encode	1	6	2518674
small flat struct	fbs	encode	1	7	2482162
small flat struct	fbs	encode	1	8	2492382
small flat struct	fbs	encode	1	9	2469655
small flat struct	fbs	encode	2	1	2515634
small flat struct	fbs	encode	2	2	2532199
small flat struct	fbs	encode	2	3	2479764
small flat struct	fbs	encode	2	4	2539196
small flat struct	fbs	encode	2	5	2226881
small flat struct	fbs	encode	2	6	2397621
small flat struct	fbs	encode	2	7	2557286
small flat struct	fbs	encode	2	8	2404211
small flat struct	fbs	encode	2	9	2463774
small flat struct	fbs	decode	1	1	3336522
small flat struct	fbs	decode	1	2	3330517
small flat struct	fbs	decode	1	3	3275945
small flat struct	fbs	decode	1	4	3324013
small flat struct	fbs	decode	1	5	3413035
small flat struct	fbs	decode	1	6	3293526
small flat struct	fbs	decode	1	7	3336417
small flat struct	fbs	decode	1	8	3335528
small flat struct	fbs	decode	1	9	3315925
small flat struct	fbs	decode	2	1	3342309
small flat struct	fbs	decode	2	2	3272500
small flat struct	fbs	decode	2	3	3134782
small flat struct	fbs	decode	2	4	3306161
small flat struct	fbs	decode	2	5	3065634
small flat struct	fbs	decode	2	6	3303729
small flat struct	fbs	decode	2	7	3382294
small flat struct	fbs	decode	2	8	3335613
small flat struct	fbs	decode	2	9	3293264
small flat struct	serio	encode	1	1	840723
small flat struct	serio	encode	1	2	842846
small flat struct	serio	encode	1	3	839220
small flat struct	serio	encode	1	4	840241
small flat struct	serio	encode	1	5	844869
small flat struct	serio	encode	1	6	840140
small flat struct	serio	encode	1	7	835438
small flat struct	serio	encode	1	8	847489
small flat struct	serio	encode	1	9	850578
small flat struct	serio	encode	2	1	844190
small flat struct	serio	encode	2	2	825488
small flat struct	serio	encode	2	3	842026
small flat struct	serio	encode	2	4	836326
small flat struct	serio	encode	2	5	819936
small flat struct	serio	encode	2	6	811708
small flat struct	serio	encode	2	7	833559
small flat struct	serio	encode	2	8	837866
small flat struct	serio	encode	2	9	838728
small flat struct	serio	decode	1	1	1676516
small flat struct	serio	decode	1	2	1644233
small flat struct	serio	decode	1	3	1611126
small flat struct	serio	decode	1	4	1643663
small flat struct	serio	decode	1	5	1636057
small flat struct	serio	decode	1	6	1649182
small flat struct	serio	decode	1	7	1653714
small flat struct	serio	decode	1	8	1621177
small flat struct	serio	decode	1	9	1610943
small flat struct	serio	decode	2	1	1637352
small flat struct	serio	decode	2	2	1584991
small flat struct	serio	decode	2	3	1629567
small flat struct	serio	decode	2	4	1589190
small flat struct	serio	decode	2	5	1552172
small flat struct	serio	decode	2	6	1580912
small flat struct	serio	decode	2	7	1600764
small flat struct	serio	decode	2	8	1619301
small flat struct	serio	decode	2	9	1621145
small flat struct	blink	encode	1	1	2613102
small flat struct	blink	encode	1	2	2538459
small flat struct	blink	encode	1	3	2495824
small flat struct	blink	encode	1	4	2614157
small flat struct	blink	encode	1	5	2610755
small flat struct	blink	encode	1	6	2560193
small flat struct	blink	encode	1	7	2593369
small flat struct	blink	encode	1	8	2564710
small flat struct	blink	encode	1	9	2549774
small flat struct	blink	encode	2	1	2687359
small flat struct	blink	encode	2	2	2574987
small flat struct	blink	encode	2	3	2667140
small flat struct	blink	encode	2	4	2623574
small flat struct	blink	encode	2	5	2500684
small flat struct	blink	encode	2	6	2633783
small flat struct	blink	encode	2	7	2653367
small flat struct	blink	encode	2	8	2606870
small flat struct	blink	encode	2	9	2609513
small flat struct	blink	decode	1	1	3336289
small flat struct	blink	decode	1	2	3338647
small flat struct	blink	decode	1	3	3370219
small flat struct	blink	decode	1	4	3371049
small flat struct	blink	decode	1	5	3364325
small flat struct	blink	decode	1	6	3309833
small flat struct	blink	decode	1	7	3358813
small flat struct	blink	decode	1	8	3366610
small flat struct	blink	decode	1	9	3312727
small flat struct	blink	decode	2	1	3253894
small flat struct	blink	decode	2	2	3231156
small flat struct	blink	decode	2	3	3317954
small flat struct	blink	decode	2	4	3044845
small flat struct	blink	decode	2	5	3162569
small flat struct	blink	decode	2	6	3285723
small flat struct	blink	decode	2	7	3238332
small flat struct	blink	decode	2	8	3239863
small flat struct	blink	decode	2	9	3290955
small flat struct	baseline	encode	1	1	6218240
small flat struct	baseline	encode	1	2	5726329
small flat struct	baseline	encode	1	3	6034982
small flat struct	baseline	encode	1	4	6161413
small flat struct	baseline	encode	1	5	6178216
small flat struct	baseline	encode	1	6	6114606
small flat struct	baseline	encode	1	7	6115898
small flat struct	baseline	encode	1	8	6204392
small flat struct	baseline	encode	1	9	6122896
small flat struct	baseline	encode	2	1	6180561
small flat struct	baseline	encode	2	2	5947427
small flat struct	baseline	encode	2	3	5981671
small flat struct	baseline	encode	2	4	5715890
small flat struct	baseline	encode	2	5	5550784
small flat struct	baseline	encode	2	6	6083570
small flat struct	baseline	encode	2	7	5979964
small flat struct	baseline	encode	2	8	6034662
small flat struct	baseline	encode	2	9	6103746
small flat struct	baseline	decode	1	1	5538102
small flat struct	baseline	decode	1	2	5555794
small flat struct	baseline	decode	1	3	5734708
small flat struct	baseline	decode	1	4	5637583
small flat struct	baseline	decode	1	5	5776227
small flat struct	baseline	decode	1	6	5649979
small flat struct	baseline	decode	1	7	5631016
small flat struct	baseline	decode	1	8	5620853
small flat struct	baseline	decode	1	9	5615902
small flat struct	baseline	decode	2	1	5482881
small flat struct	baseline	decode	2	2	5193515
small flat struct	baseline	decode	2	3	5378637
small flat struct	baseline	decode	2	4	4793345
small flat struct	baseline	decode	2	5	5263668
small flat struct	baseline	decode	2	6	5401895
small flat struct	baseline	decode	2	7	5433881
small flat struct	baseline	decode	2	8	5351234
small flat struct	baseline	decode	2	9	5317168
deeply nested object	surge	encode	1	1	4596447
deeply nested object	surge	encode	1	2	4603386
deeply nested object	surge	encode	1	3	4627211
deeply nested object	surge	encode	1	4	4575113
deeply nested object	surge	encode	1	5	4623225
deeply nested object	surge	encode	1	6	4618570
deeply nested object	surge	encode	1	7	4598859
deeply nested object	surge	encode	1	8	4602680
deeply nested object	surge	encode	1	9	4599494
deeply nested object	surge	encode	2	1	4656038
deeply nested object	surge	encode	2	2	4698689
deeply nested object	surge	encode	2	3	4608660
deeply nested object	surge	encode	2	4	4648129
deeply nested object	surge	encode	2	5	4559932
deeply nested object	surge	encode	2	6	4514088
deeply nested object	surge	encode	2	7	4522267
deeply nested object	surge	encode	2	8	4549079
deeply nested object	surge	encode	2	9	4253439
deeply nested object	surge	decode	1	1	2663417
deeply nested object	surge	decode	1	2	2691667
deeply nested object	surge	decode	1	3	2414960
deeply nested object	surge	decode	1	4	2563456
deeply nested object	surge	decode	1	5	2615911
deeply nested object	surge	decode	1	6	2713390
deeply nested object	surge	decode	1	7	2712185
deeply nested object	surge	decode	1	8	2710792
deeply nested object	surge	decode	1	9	2723984
deeply nested object	surge	decode	2	1	2568387
deeply nested object	surge	decode	2	2	2641714
deeply nested object	surge	decode	2	3	2674311
deeply nested object	surge	decode	2	4	2553464
deeply nested object	surge	decode	2	5	2581274
deeply nested object	surge	decode	2	6	2659053
deeply nested object	surge	decode	2	7	2613407
deeply nested object	surge	decode	2	8	2649978
deeply nested object	surge	decode	2	9	2570569
deeply nested object	fbs	encode	1	1	1859966
deeply nested object	fbs	encode	1	2	1867465
deeply nested object	fbs	encode	1	3	1860417
deeply nested object	fbs	encode	1	4	1854105
deeply nested object	fbs	encode	1	5	1863942
deeply nested object	fbs	encode	1	6	1873758
deeply nested object	fbs	encode	1	7	1850981
deeply nested object	fbs	encode	1	8	1854677
deeply nested object	fbs	encode	1	9	1857451
deeply nested object	fbs	encode	2	1	1843341
deeply nested object	fbs	encode	2	2	1847901
deeply nested object	fbs	encode	2	3	1832304
deeply nested object	fbs	encode	2	4	1828134
deeply nested object	fbs	encode	2	5	1803015
deeply nested object	fbs	encode	2	6	1832989
deeply nested object	fbs	encode	2	7	1824134
deeply nested object	fbs	encode	2	8	1779973
deeply nested object	fbs	encode	2	9	1783250
deeply nested object	fbs	decode	1	1	1565700
deeply nested object	fbs	decode	1	2	1491441
deeply nested object	fbs	decode	1	3	1535862
deeply nested object	fbs	decode	1	4	1570737
deeply nested object	fbs	decode	1	5	1568565
deeply nested object	fbs	decode	1	6	1562912
deeply nested object	fbs	decode	1	7	1582369
deeply nested object	fbs	decode	1	8	1553654
deeply nested object	fbs	decode	1	9	1588937
deeply nested object	fbs	decode	2	1	1545181
deeply nested object	fbs	decode	2	2	1539613
deeply nested object	fbs	decode	2	3	1566027
deeply nested object	fbs	decode	2	4	1578751
deeply nested object	fbs	decode	2	5	1557666
deeply nested object	fbs	decode	2	6	1573491
deeply nested object	fbs	decode	2	7	1539346
deeply nested object	fbs	decode	2	8	1542451
deeply nested object	fbs	decode	2	9	1580442
deeply nested object	serio	encode	1	1	479036
deeply nested object	serio	encode	1	2	474036
deeply nested object	serio	encode	1	3	475566
deeply nested object	serio	encode	1	4	464615
deeply nested object	serio	encode	1	5	470720
deeply nested object	serio	encode	1	6	471242
deeply nested object	serio	encode	1	7	465632
deeply nested object	serio	encode	1	8	466546
deeply nested object	serio	encode	1	9	469439
deeply nested object	serio	encode	2	1	464413
deeply nested object	serio	encode	2	2	464450
deeply nested object	serio	encode	2	3	462464
deeply nested object	serio	encode	2	4	445545
deeply nested object	serio	encode	2	5	451145
deeply nested object	serio	encode	2	6	458998
deeply nested object	serio	encode	2	7	462786
deeply nested object	serio	encode	2	8	447784
deeply nested object	serio	encode	2	9	452724
deeply nested object	serio	decode	1	1	737388
deeply nested object	serio	decode	1	2	699971
deeply nested object	serio	decode	1	3	728426
deeply nested object	serio	decode	1	4	721441
deeply nested object	serio	decode	1	5	728257
deeply nested object	serio	decode	1	6	730191
deeply nested object	serio	decode	1	7	728599
deeply nested object	serio	decode	1	8	728238
deeply nested object	serio	decode	1	9	723846
deeply nested object	serio	decode	2	1	724008
deeply nested object	serio	decode	2	2	715636
deeply nested object	serio	decode	2	3	715464
deeply nested object	serio	decode	2	4	721217
deeply nested object	serio	decode	2	5	720173
deeply nested object	serio	decode	2	6	711997
deeply nested object	serio	decode	2	7	688741
deeply nested object	serio	decode	2	8	724249
deeply nested object	serio	decode	2	9	723596
deeply nested object	blink	encode	1	1	2185331
deeply nested object	blink	encode	1	2	2215368
deeply nested object	blink	encode	1	3	2205178
deeply nested object	blink	encode	1	4	2218481
deeply nested object	blink	encode	1	5	2223493
deeply nested object	blink	encode	1	6	2187921
deeply nested object	blink	encode	1	7	2227667
deeply nested object	blink	encode	1	8	2203917
deeply nested object	blink	encode	1	9	2173981
deeply nested object	blink	encode	2	1	2148621
deeply nested object	blink	encode	2	2	2147322
deeply nested object	blink	encode	2	3	2155983
deeply nested object	blink	encode	2	4	2179570
deeply nested object	blink	encode	2	5	2200711
deeply nested object	blink	encode	2	6	2106445
deeply nested object	blink	encode	2	7	2132586
deeply nested object	blink	encode	2	8	2021330
deeply nested object	blink	encode	2	9	2026371
deeply nested object	blink	decode	1	1	1678298
deeply nested object	blink	decode	1	2	1523427
deeply nested object	blink	decode	1	3	1630692
deeply nested object	blink	decode	1	4	1592348
deeply nested object	blink	decode	1	5	1632099
deeply nested object	blink	decode	1	6	1595220
deeply nested object	blink	decode	1	7	1645729
deeply nested object	blink	decode	1	8	1613537
deeply nested object	blink	decode	1	9	1623539
deeply nested object	blink	decode	2	1	1613698
deeply nested object	blink	decode	2	2	1643506
deeply nested object	blink	decode	2	3	1612988
deeply nested object	blink	decode	2	4	1592498
deeply nested object	blink	decode	2	5	1587446
deeply nested object	blink	decode	2	6	1551967
deeply nested object	blink	decode	2	7	1426593
deeply nested object	blink	decode	2	8	1592186
deeply nested object	blink	decode	2	9	1592291
deeply nested object	baseline	encode	1	1	4679912
deeply nested object	baseline	encode	1	2	4683960
deeply nested object	baseline	encode	1	3	4639030
deeply nested object	baseline	encode	1	4	4691128
deeply nested object	baseline	encode	1	5	4689395
deeply nested object	baseline	encode	1	6	4666448
deeply nested object	baseline	encode	1	7	4700653
deeply nested object	baseline	encode	1	8	4668503
deeply nested object	baseline	encode	1	9	4678096
deeply nested object	baseline	encode	2	1	4533957
deeply nested object	baseline	encode	2	2	4568298
deeply nested object	baseline	encode	2	3	4588876
deeply nested object	baseline	encode	2	4	4489037
deeply nested object	baseline	encode	2	5	4648425
deeply nested object	baseline	encode	2	6	4609041
deeply nested object	baseline	encode	2	7	4458320
deeply nested object	baseline	encode	2	8	4179480
deeply nested object	baseline	encode	2	9	4291313
deeply nested object	baseline	decode	1	1	2621120
deeply nested object	baseline	decode	1	2	2378836
deeply nested object	baseline	decode	1	3	2679053
deeply nested object	baseline	decode	1	4	2640765
deeply nested object	baseline	decode	1	5	2704078
deeply nested object	baseline	decode	1	6	2675684
deeply nested object	baseline	decode	1	7	2714454
deeply nested object	baseline	decode	1	8	2676215
deeply nested object	baseline	decode	1	9	2665376
deeply nested object	baseline	decode	2	1	2591012
deeply nested object	baseline	decode	2	2	2572038
deeply nested object	baseline	decode	2	3	2613818
deeply nested object	baseline	decode	2	4	2675344
deeply nested object	baseline	decode	2	5	2567765
deeply nested object	baseline	decode	2	6	2590295
deeply nested object	baseline	decode	2	7	2456598
deeply nested object	baseline	decode	2	8	2618026
deeply nested object	baseline	decode	2	9	2548885
wide struct	surge	encode	1	1	2951833
wide struct	surge	encode	1	2	2938446
wide struct	surge	encode	1	3	3003083
wide struct	surge	encode	1	4	3037295
wide struct	surge	encode	1	5	3010673
wide struct	surge	encode	1	6	2955355
wide struct	surge	encode	1	7	3022509
wide struct	surge	encode	1	8	3003920
wide struct	surge	encode	1	9	2993576
wide struct	surge	encode	2	1	2990936
wide struct	surge	encode	2	2	2459759
wide struct	surge	encode	2	3	2662077
wide struct	surge	encode	2	4	2901164
wide struct	surge	encode	2	5	3037939
wide struct	surge	encode	2	6	2985538
wide struct	surge	encode	2	7	2960316
wide struct	surge	encode	2	8	2949348
wide struct	surge	encode	2	9	2990009
wide struct	surge	decode	1	1	683734
wide struct	surge	decode	1	2	712108
wide struct	surge	decode	1	3	703772
wide struct	surge	decode	1	4	692597
wide struct	surge	decode	1	5	686506
wide struct	surge	decode	1	6	712441
wide struct	surge	decode	1	7	712460
wide struct	surge	decode	1	8	702303
wide struct	surge	decode	1	9	709145
wide struct	surge	decode	2	1	685843
wide struct	surge	decode	2	2	684787
wide struct	surge	decode	2	3	686783
wide struct	surge	decode	2	4	688924
wide struct	surge	decode	2	5	694356
wide struct	surge	decode	2	6	684954
wide struct	surge	decode	2	7	679636
wide struct	surge	decode	2	8	689107
wide struct	surge	decode	2	9	687857
wide struct	fbs	encode	1	1	769502
wide struct	fbs	encode	1	2	782186
wide struct	fbs	encode	1	3	783361
wide struct	fbs	encode	1	4	768786
wide struct	fbs	encode	1	5	767069
wide struct	fbs	encode	1	6	775588
wide struct	fbs	encode	1	7	778571
wide struct	fbs	encode	1	8	773260
wide struct	fbs	encode	1	9	776568
wide struct	fbs	encode	2	1	751981
wide struct	fbs	encode	2	2	648152
wide struct	fbs	encode	2	3	725568
wide struct	fbs	encode	2	4	745863
wide struct	fbs	encode	2	5	763209
wide struct	fbs	encode	2	6	760718
wide struct	fbs	encode	2	7	758513
wide struct	fbs	encode	2	8	767573
wide struct	fbs	encode	2	9	769077
wide struct	fbs	decode	1	1	522355
wide struct	fbs	decode	1	2	504594
wide struct	fbs	decode	1	3	528321
wide struct	fbs	decode	1	4	511132
wide struct	fbs	decode	1	5	521829
wide struct	fbs	decode	1	6	510919
wide struct	fbs	decode	1	7	529405
wide struct	fbs	decode	1	8	532015
wide struct	fbs	decode	1	9	523267
wide struct	fbs	decode	2	1	500960
wide struct	fbs	decode	2	2	503986
wide struct	fbs	decode	2	3	504161
wide struct	fbs	decode	2	4	502919
wide struct	fbs	decode	2	5	500868
wide struct	fbs	decode	2	6	501974
wide struct	fbs	decode	2	7	506096
wide struct	fbs	decode	2	8	500480
wide struct	fbs	decode	2	9	511033
wide struct	serio	encode	1	1	115734
wide struct	serio	encode	1	2	118907
wide struct	serio	encode	1	3	117517
wide struct	serio	encode	1	4	118241
wide struct	serio	encode	1	5	117161
wide struct	serio	encode	1	6	117943
wide struct	serio	encode	1	7	118054
wide struct	serio	encode	1	8	116867
wide struct	serio	encode	1	9	118702
wide struct	serio	encode	2	1	115095
wide struct	serio	encode	2	2	111819
wide struct	serio	encode	2	3	115790
wide struct	serio	encode	2	4	117326
wide struct	serio	encode	2	5	114028
wide struct	serio	encode	2	6	115328
wide struct	serio	encode	2	7	114889
wide struct	serio	encode	2	8	115969
wide struct	serio	encode	2	9	114564
wide struct	serio	decode	1	1	243584
wide struct	serio	decode	1	2	238101
wide struct	serio	decode	1	3	242613
wide struct	serio	decode	1	4	240391
wide struct	serio	decode	1	5	240367
wide struct	serio	decode	1	6	242893
wide struct	serio	decode	1	7	242436
wide struct	serio	decode	1	8	241004
wide struct	serio	decode	1	9	242281
wide struct	serio	decode	2	1	241210
wide struct	serio	decode	2	2	241677
wide struct	serio	decode	2	3	241081
wide struct	serio	decode	2	4	238709
wide struct	serio	decode	2	5	239532
wide struct	serio	decode	2	6	239882
wide struct	serio	decode	2	7	239927
wide struct	serio	decode	2	8	238674
wide struct	serio	decode	2	9	239834
wide struct	blink	encode	1	1	1169960
wide struct	blink	encode	1	2	1356152
wide struct	blink	encode	1	3	1336166
wide struct	blink	encode	1	4	1350569
wide struct	blink	encode	1	5	1341202
wide struct	blink	encode	1	6	1369801
wide struct	blink	encode	1	7	1336273
wide struct	blink	encode	1	8	1348219
wide struct	blink	encode	1	9	1346772
wide struct	blink	encode	2	1	1179218
wide struct	blink	encode	2	2	1197699
wide struct	blink	encode	2	3	1275219
wide struct	blink	encode	2	4	1295627
wide struct	blink	encode	2	5	1350702
wide struct	blink	encode	2	6	1331956
wide struct	blink	encode	2	7	1315070
wide struct	blink	encode	2	8	1296185
wide struct	blink	encode	2	9	1337453
wide struct	blink	decode	1	1	467438
wide struct	blink	decode	1	2	474221
wide struct	blink	decode	1	3	469569
wide struct	blink	decode	1	4	466199
wide struct	blink	decode	1	5	476046
wide struct	blink	decode	1	6	481130
wide struct	blink	decode	1	7	476656
wide struct	blink	decode	1	8	476241
wide struct	blink	decode	1	9	474707
wide struct	blink	decode	2	1	475859
wide struct	blink	decode	2	2	467719
wide struct	blink	decode	2	3	471890
wide struct	blink	decode	2	4	474424
wide struct	blink	decode	2	5	471253
wide struct	blink	decode	2	6	468426
wide struct	blink	decode	2	7	464345
wide struct	blink	decode	2	8	469592
wide struct	blink	decode	2	9	476199
large array	surge	encode	1	1	324486
large array	surge	encode	1	2	313502
large array	surge	encode	1	3	308616
large array	surge	encode	1	4	320966
large array	surge	encode	1	5	320817
large array	surge	encode	1	6	321611
large array	surge	encode	1	7	323721
large array	surge	encode	1	8	322942
large array	surge	encode	1	9	319389
large array	surge	encode	2	1	323129
large array	surge	encode	2	2	308889
large array	surge	encode	2	3	296595
large array	surge	encode	2	4	313209
large array	surge	encode	2	5	319533
large array	surge	encode	2	6	314385
large array	surge	encode	2	7	312528
large array	surge	encode	2	8	322401
large array	surge	encode	2	9	320432
large array	surge	decode	1	1	115042
large array	surge	decode	1	2	111104
large array	surge	decode	1	3	112712
large array	surge	decode	1	4	111242
large array	surge	decode	1	5	116185
large array	surge	decode	1	6	111144
large array	surge	decode	1	7	95629
large array	surge	decode	1	8	95210
large array	surge	decode	1	9	106478
large array	surge	decode	2	1	109501
large array	surge	decode	2	2	107488
large array	surge	decode	2	3	110478
large array	surge	decode	2	4	107625
large array	surge	decode	2	5	111171
large array	surge	decode	2	6	110920
large array	surge	decode	2	7	109254
large array	surge	decode	2	8	106208
large array	surge	decode	2	9	109877
large array	fbs	encode	1	1	73635
large array	fbs	encode	1	2	74532
large array	fbs	encode	1	3	73475
large array	fbs	encode	1	4	74620
large array	fbs	encode	1	5	72997
large array	fbs	encode	1	6	75010
large array	fbs	encode	1	7	74363
large array	fbs	encode	1	8	73628
large array	fbs	encode	1	9	71387
large array	fbs	encode	2	1	71805
large array	fbs	encode	2	2	70980
large array	fbs	encode	2	3	71709
large array	fbs	encode	2	4	69499
large array	fbs	encode	2	5	71118
large array	fbs	encode	2	6	72730
large array	fbs	encode	2	7	72055
large array	fbs	encode	2	8	71633
large array	fbs	encode	2	9	72719
large array	fbs	decode	1	1	43162
large array	fbs	decode	1	2	43579
large array	fbs	decode	1	3	42854
large array	fbs	decode	1	4	42297
large array	fbs	decode	1	5	42583
large array	fbs	decode	1	6	42996
large array	fbs	decode	1	7	37903
large array	fbs	decode	1	8	40845
large array	fbs	decode	1	9	42254
large array	fbs	decode	2	1	42304
large array	fbs	decode	2	2	42009
large array	fbs	decode	2	3	42919
large array	fbs	decode	2	4	42790
large array	fbs	decode	2	5	42111
large array	fbs	decode	2	6	42333
large array	fbs	decode	2	7	42628
large array	fbs	decode	2	8	42776
large array	fbs	decode	2	9	43069
large array	serio	encode	1	1	7938
large array	serio	encode	1	2	7910
large array	serio	encode	1	3	7901
large array	serio	encode	1	4	7940
large array	serio	encode	1	5	8012
large array	serio	encode	1	6	7951
large array	serio	encode	1	7	7930
large array	serio	encode	1	8	8031
large array	serio	encode	1	9	7934
large array	serio	encode	2	1	7898
large array	serio	encode	2	2	7938
large array	serio	encode	2	3	7898
large array	serio	encode	2	4	7871
large array	serio	encode	2	5	7982
large array	serio	encode	2	6	7927
large array	serio	encode	2	7	7931
large array	serio	encode	2	8	7882
large array	serio	encode	2	9	7918
large array	serio	decode	1	1	22992
large array	serio	decode	1	2	23019
large array	serio	decode	1	3	23145
large array	serio	decode	1	4	23379
large array	serio	decode	1	5	22890
large array	serio	decode	1	6	23119
large array	serio	decode	1	7	22696
large array	serio	decode	1	8	22715
large array	serio	decode	1	9	22290
large array	serio	decode	2	1	24609
large array	serio	decode	2	2	24580
large array	serio	decode	2	3	24644
large array	serio	decode	2	4	24330
large array	serio	decode	2	5	24601
large array	serio	decode	2	6	24536
large array	serio	decode	2	7	24680
large array	serio	decode	2	8	24570
large array	serio	decode	2	9	24732
large array	blink	encode	1	1	141768
large array	blink	encode	1	2	134877
large array	blink	encode	1	3	136746
large array	blink	encode	1	4	140038
large array	blink	encode	1	5	140071
large array	blink	encode	1	6	137578
large array	blink	encode	1	7	141463
large array	blink	encode	1	8	141092
large array	blink	encode	1	9	138958
large array	blink	encode	2	1	137182
large array	blink	encode	2	2	138578
large array	blink	encode	2	3	137492
large array	blink	encode	2	4	139328
large array	blink	encode	2	5	136892
large array	blink	encode	2	6	138592
large array	blink	encode	2	7	139312
large array	blink	encode	2	8	141507
large array	blink	encode	2	9	138432
large array	blink	decode	1	1	74493
large array	blink	decode	1	2	74783
large array	blink	decode	1	3	74070
large array	blink	decode	1	4	74106
large array	blink	decode	1	5	77055
large array	blink	decode	1	6	72896
large array	blink	decode	1	7	72481
large array	blink	decode	1	8	71608
large array	blink	decode	1	9	68493
large array	blink	decode	2	1	72146
large array	blink	decode	2	2	72079
large array	blink	decode	2	3	72490
large array	blink	decode	2	4	71857
large array	blink	decode	2	5	72264
large array	blink	decode	2	6	71946
large array	blink	decode	2	7	72374
large array	blink	decode	2	8	71012
large array	blink	decode	2	9	71176
large record	surge	encode	1	1	162833
large record	surge	encode	1	2	163159
large record	surge	encode	1	3	162312
large record	surge	encode	1	4	165989
large record	surge	encode	1	5	163083
large record	surge	encode	1	6	159592
large record	surge	encode	1	7	162877
large record	surge	encode	1	8	163852
large record	surge	encode	1	9	161249
large record	surge	encode	2	1	152633
large record	surge	encode	2	2	163150
large record	surge	encode	2	3	163410
large record	surge	encode	2	4	165144
large record	surge	encode	2	5	160073
large record	surge	encode	2	6	162660
large record	surge	encode	2	7	159677
large record	surge	encode	2	8	161236
large record	surge	encode	2	9	160346
large record	surge	decode	1	1	63916
large record	surge	decode	1	2	67814
large record	surge	decode	1	3	69324
large record	surge	decode	1	4	69047
large record	surge	decode	1	5	69324
large record	surge	decode	1	6	59498
large record	surge	decode	1	7	66299
large record	surge	decode	1	8	74479
large record	surge	decode	1	9	72648
large record	surge	decode	2	1	73228
large record	surge	decode	2	2	74466
large record	surge	decode	2	3	71746
large record	surge	decode	2	4	73786
large record	surge	decode	2	5	74361
large record	surge	decode	2	6	74799
large record	surge	decode	2	7	74741
large record	surge	decode	2	8	75439
large record	surge	decode	2	9	74378
large record	fbs	encode	1	1	98427
large record	fbs	encode	1	2	96988
large record	fbs	encode	1	3	97489
large record	fbs	encode	1	4	99529
large record	fbs	encode	1	5	98062
large record	fbs	encode	1	6	98107
large record	fbs	encode	1	7	98464
large record	fbs	encode	1	8	97846
large record	fbs	encode	1	9	98290
large record	fbs	encode	2	1	97728
large record	fbs	encode	2	2	96225
large record	fbs	encode	2	3	94615
large record	fbs	encode	2	4	95982
large record	fbs	encode	2	5	97420
large record	fbs	encode	2	6	93547
large record	fbs	encode	2	7	97184
large record	fbs	encode	2	8	95056
large record	fbs	encode	2	9	97212
large record	fbs	decode	1	1	49456
large record	fbs	decode	1	2	50977
large record	fbs	decode	1	3	50453
large record	fbs	decode	1	4	49929
large record	fbs	decode	1	5	50568
large record	fbs	decode	1	6	45821
large record	fbs	decode	1	7	48237
large record	fbs	decode	1	8	53970
large record	fbs	decode	1	9	53399
large record	fbs	decode	2	1	54951
large record	fbs	decode	2	2	54500
large record	fbs	decode	2	3	53976
large record	fbs	decode	2	4	55143
large record	fbs	decode	2	5	54461
large record	fbs	decode	2	6	54422
large record	fbs	decode	2	7	54766
large record	fbs	decode	2	8	54486
large record	fbs	decode	2	9	54748
large record	serio	encode	1	1	12191
large record	serio	encode	1	2	12055
large record	serio	encode	1	3	12090
large record	serio	encode	1	4	12144
large record	serio	encode	1	5	12167
large record	serio	encode	1	6	12257
large record	serio	encode	1	7	12144
large record	serio	encode	1	8	12068
large record	serio	encode	1	9	12120
large record	serio	encode	2	1	12055
large record	serio	encode	2	2	11992
large record	serio	encode	2	3	11822
large record	serio	encode	2	4	12064
large record	serio	encode	2	5	11966
large record	serio	encode	2	6	11979
large record	serio	encode	2	7	11995
large record	serio	encode	2	8	11991
large record	serio	encode	2	9	12061
large record	serio	decode	1	1	24161
large record	serio	decode	1	2	24293
large record	serio	decode	1	3	23788
large record	serio	decode	1	4	24423
large record	serio	decode	1	5	23428
large record	serio	decode	1	6	21999
large record	serio	decode	1	7	24159
large record	serio	decode	1	8	24901
large record	serio	decode	1	9	24807
large record	serio	decode	2	1	24969
large record	serio	decode	2	2	24687
large record	serio	decode	2	3	24771
large record	serio	decode	2	4	24915
large record	serio	decode	2	5	25126
large record	serio	decode	2	6	24990
large record	serio	decode	2	7	24423
large record	serio	decode	2	8	25002
large record	serio	decode	2	9	25000
large record	blink	encode	1	1	67095
large record	blink	encode	1	2	66154
large record	blink	encode	1	3	66184
large record	blink	encode	1	4	67347
large record	blink	encode	1	5	66680
large record	blink	encode	1	6	65864
large record	blink	encode	1	7	66859
large record	blink	encode	1	8	66158
large record	blink	encode	1	9	66160
large record	blink	encode	2	1	65751
large record	blink	encode	2	2	66195
large record	blink	encode	2	3	58607
large record	blink	encode	2	4	66264
large record	blink	encode	2	5	65188
large record	blink	encode	2	6	65097
large record	blink	encode	2	7	65690
large record	blink	encode	2	8	65896
large record	blink	encode	2	9	64713
large record	blink	decode	1	1	65410
large record	blink	decode	1	2	64545
large record	blink	decode	1	3	67419
large record	blink	decode	1	4	67185
large record	blink	decode	1	5	58015
large record	blink	decode	1	6	55747
large record	blink	decode	1	7	69340
large record	blink	decode	1	8	68899
large record	blink	decode	1	9	69164
large record	blink	decode	2	1	71060
large record	blink	decode	2	2	68259
large record	blink	decode	2	3	67859
large record	blink	decode	2	4	70841
large record	blink	decode	2	5	71329
large record	blink	decode	2	6	69842
large record	blink	decode	2	7	71208
large record	blink	decode	2	8	70904
large record	blink	decode	2	9	70924
string-heavy	surge	encode	1	1	321756
string-heavy	surge	encode	1	2	325824
string-heavy	surge	encode	1	3	322801
string-heavy	surge	encode	1	4	312010
string-heavy	surge	encode	1	5	313858
string-heavy	surge	encode	1	6	320065
string-heavy	surge	encode	1	7	328335
string-heavy	surge	encode	1	8	315969
string-heavy	surge	encode	1	9	326348
string-heavy	surge	encode	2	1	317802
string-heavy	surge	encode	2	2	316977
string-heavy	surge	encode	2	3	318872
string-heavy	surge	encode	2	4	317442
string-heavy	surge	encode	2	5	315948
string-heavy	surge	encode	2	6	314261
string-heavy	surge	encode	2	7	316007
string-heavy	surge	encode	2	8	315752
string-heavy	surge	encode	2	9	313534
string-heavy	surge	decode	1	1	220331
string-heavy	surge	decode	1	2	203589
string-heavy	surge	decode	1	3	208266
string-heavy	surge	decode	1	4	217497
string-heavy	surge	decode	1	5	218004
string-heavy	surge	decode	1	6	219728
string-heavy	surge	decode	1	7	218468
string-heavy	surge	decode	1	8	218489
string-heavy	surge	decode	1	9	217785
string-heavy	surge	decode	2	1	211501
string-heavy	surge	decode	2	2	212116
string-heavy	surge	decode	2	3	211198
string-heavy	surge	decode	2	4	211067
string-heavy	surge	decode	2	5	210829
string-heavy	surge	decode	2	6	209648
string-heavy	surge	decode	2	7	211725
string-heavy	surge	decode	2	8	209974
string-heavy	surge	decode	2	9	211246
string-heavy	fbs	encode	1	1	214873
string-heavy	fbs	encode	1	2	215593
string-heavy	fbs	encode	1	3	216387
string-heavy	fbs	encode	1	4	211670
string-heavy	fbs	encode	1	5	213694
string-heavy	fbs	encode	1	6	206749
string-heavy	fbs	encode	1	7	214724
string-heavy	fbs	encode	1	8	214911
string-heavy	fbs	encode	1	9	215650
string-heavy	fbs	encode	2	1	205783
string-heavy	fbs	encode	2	2	207070
string-heavy	fbs	encode	2	3	209945
string-heavy	fbs	encode	2	4	209951
string-heavy	fbs	encode	2	5	206180
string-heavy	fbs	encode	2	6	211396
string-heavy	fbs	encode	2	7	206023
string-heavy	fbs	encode	2	8	209736
string-heavy	fbs	encode	2	9	209203
string-heavy	fbs	decode	1	1	171552
string-heavy	fbs	decode	1	2	167978
string-heavy	fbs	decode	1	3	170498
string-heavy	fbs	decode	1	4	172969
string-heavy	fbs	decode	1	5	174215
string-heavy	fbs	decode	1	6	172168
string-heavy	fbs	decode	1	7	171815
string-heavy	fbs	decode	1	8	171670
string-heavy	fbs	decode	1	9	173136
string-heavy	fbs	decode	2	1	168807
string-heavy	fbs	decode	2	2	168974
string-heavy	fbs	decode	2	3	169622
string-heavy	fbs	decode	2	4	168745
string-heavy	fbs	decode	2	5	169974
string-heavy	fbs	decode	2	6	169121
string-heavy	fbs	decode	2	7	169070
string-heavy	fbs	decode	2	8	168966
string-heavy	fbs	decode	2	9	168252
string-heavy	serio	encode	1	1	31632
string-heavy	serio	encode	1	2	32434
string-heavy	serio	encode	1	3	32231
string-heavy	serio	encode	1	4	32370
string-heavy	serio	encode	1	5	32052
string-heavy	serio	encode	1	6	32298
string-heavy	serio	encode	1	7	32446
string-heavy	serio	encode	1	8	31847
string-heavy	serio	encode	1	9	32197
string-heavy	serio	encode	2	1	32236
string-heavy	serio	encode	2	2	32187
string-heavy	serio	encode	2	3	32054
string-heavy	serio	encode	2	4	31933
string-heavy	serio	encode	2	5	31809
string-heavy	serio	encode	2	6	31571
string-heavy	serio	encode	2	7	32324
string-heavy	serio	encode	2	8	31598
string-heavy	serio	encode	2	9	31774
string-heavy	serio	decode	1	1	60555
string-heavy	serio	decode	1	2	60079
string-heavy	serio	decode	1	3	60221
string-heavy	serio	decode	1	4	59309
string-heavy	serio	decode	1	5	59770
string-heavy	serio	decode	1	6	60269
string-heavy	serio	decode	1	7	59587
string-heavy	serio	decode	1	8	60325
string-heavy	serio	decode	1	9	59465
string-heavy	serio	decode	2	1	59618
string-heavy	serio	decode	2	2	59525
string-heavy	serio	decode	2	3	59225
string-heavy	serio	decode	2	4	59351
string-heavy	serio	decode	2	5	58722
string-heavy	serio	decode	2	6	59224
string-heavy	serio	decode	2	7	59094
string-heavy	serio	decode	2	8	59177
string-heavy	serio	decode	2	9	58972
string-heavy	blink	encode	1	1	126808
string-heavy	blink	encode	1	2	123775
string-heavy	blink	encode	1	3	126605
string-heavy	blink	encode	1	4	128053
string-heavy	blink	encode	1	5	123585
string-heavy	blink	encode	1	6	127151
string-heavy	blink	encode	1	7	126234
string-heavy	blink	encode	1	8	126119
string-heavy	blink	encode	1	9	127381
string-heavy	blink	encode	2	1	123735
string-heavy	blink	encode	2	2	123629
string-heavy	blink	encode	2	3	123715
string-heavy	blink	encode	2	4	124955
string-heavy	blink	encode	2	5	123348
string-heavy	blink	encode	2	6	124426
string-heavy	blink	encode	2	7	123934
string-heavy	blink	encode	2	8	127184
string-heavy	blink	encode	2	9	124865
string-heavy	blink	decode	1	1	220806
string-heavy	blink	decode	1	2	213798
string-heavy	blink	decode	1	3	225439
string-heavy	blink	decode	1	4	224409
string-heavy	blink	decode	1	5	225383
string-heavy	blink	decode	1	6	223065
string-heavy	blink	decode	1	7	226763
string-heavy	blink	decode	1	8	224288
string-heavy	blink	decode	1	9	225899
string-heavy	blink	decode	2	1	217091
string-heavy	blink	decode	2	2	220489
string-heavy	blink	decode	2	3	221126
string-heavy	blink	decode	2	4	220902
string-heavy	blink	decode	2	5	222451
string-heavy	blink	decode	2	6	223841
string-heavy	blink	decode	2	7	221839
string-heavy	blink	decode	2	8	219682
string-heavy	blink	decode	2	9	222588
leaderboard	surge	encode	1	1	498755
leaderboard	surge	encode	1	2	493415
leaderboard	surge	encode	1	3	497322
leaderboard	surge	encode	1	4	503706
leaderboard	surge	encode	1	5	495644
leaderboard	surge	encode	1	6	509678
leaderboard	surge	encode	1	7	506008
leaderboard	surge	encode	1	8	502471
leaderboard	surge	encode	1	9	508996
leaderboard	surge	encode	2	1	505254
leaderboard	surge	encode	2	2	489084
leaderboard	surge	encode	2	3	481879
leaderboard	surge	encode	2	4	464707
leaderboard	surge	encode	2	5	494133
leaderboard	surge	encode	2	6	494124
leaderboard	surge	encode	2	7	500924
leaderboard	surge	encode	2	8	501095
leaderboard	surge	encode	2	9	494204
leaderboard	surge	decode	1	1	162105
leaderboard	surge	decode	1	2	161310
leaderboard	surge	decode	1	3	158819
leaderboard	surge	decode	1	4	156387
leaderboard	surge	decode	1	5	162833
leaderboard	surge	decode	1	6	167884
leaderboard	surge	decode	1	7	161254
leaderboard	surge	decode	1	8	163384
leaderboard	surge	decode	1	9	156688
leaderboard	surge	decode	2	1	157915
leaderboard	surge	decode	2	2	154801
leaderboard	surge	decode	2	3	160233
leaderboard	surge	decode	2	4	163406
leaderboard	surge	decode	2	5	158638
leaderboard	surge	decode	2	6	163636
leaderboard	surge	decode	2	7	163799
leaderboard	surge	decode	2	8	155813
leaderboard	surge	decode	2	9	156469
leaderboard	fbs	encode	1	1	185851
leaderboard	fbs	encode	1	2	182406
leaderboard	fbs	encode	1	3	184973
leaderboard	fbs	encode	1	4	184031
leaderboard	fbs	encode	1	5	179414
leaderboard	fbs	encode	1	6	181803
leaderboard	fbs	encode	1	7	183658
leaderboard	fbs	encode	1	8	184085
leaderboard	fbs	encode	1	9	183379
leaderboard	fbs	encode	2	1	176029
leaderboard	fbs	encode	2	2	177450
leaderboard	fbs	encode	2	3	179779
leaderboard	fbs	encode	2	4	176963
leaderboard	fbs	encode	2	5	181090
leaderboard	fbs	encode	2	6	179757
leaderboard	fbs	encode	2	7	177724
leaderboard	fbs	encode	2	8	177773
leaderboard	fbs	encode	2	9	178378
leaderboard	fbs	decode	1	1	92965
leaderboard	fbs	decode	1	2	93394
leaderboard	fbs	decode	1	3	93889
leaderboard	fbs	decode	1	4	92451
leaderboard	fbs	decode	1	5	94195
leaderboard	fbs	decode	1	6	93183
leaderboard	fbs	decode	1	7	92991
leaderboard	fbs	decode	1	8	95780
leaderboard	fbs	decode	1	9	88799
leaderboard	fbs	decode	2	1	92908
leaderboard	fbs	decode	2	2	93543
leaderboard	fbs	decode	2	3	93584
leaderboard	fbs	decode	2	4	92111
leaderboard	fbs	decode	2	5	94071
leaderboard	fbs	decode	2	6	92742
leaderboard	fbs	decode	2	7	93577
leaderboard	fbs	decode	2	8	94833
leaderboard	fbs	decode	2	9	94346
leaderboard	serio	encode	1	1	26987
leaderboard	serio	encode	1	2	26284
leaderboard	serio	encode	1	3	26313
leaderboard	serio	encode	1	4	26431
leaderboard	serio	encode	1	5	26696
leaderboard	serio	encode	1	6	26226
leaderboard	serio	encode	1	7	26353
leaderboard	serio	encode	1	8	26266
leaderboard	serio	encode	1	9	26062
leaderboard	serio	encode	2	1	26951
leaderboard	serio	encode	2	2	26244
leaderboard	serio	encode	2	3	26535
leaderboard	serio	encode	2	4	26757
leaderboard	serio	encode	2	5	26684
leaderboard	serio	encode	2	6	26831
leaderboard	serio	encode	2	7	27168
leaderboard	serio	encode	2	8	26727
leaderboard	serio	encode	2	9	27185
leaderboard	serio	decode	1	1	42943
leaderboard	serio	decode	1	2	42744
leaderboard	serio	decode	1	3	41828
leaderboard	serio	decode	1	4	41889
leaderboard	serio	decode	1	5	42722
leaderboard	serio	decode	1	6	42485
leaderboard	serio	decode	1	7	42736
leaderboard	serio	decode	1	8	42767
leaderboard	serio	decode	1	9	41501
leaderboard	serio	decode	2	1	42995
leaderboard	serio	decode	2	2	42488
leaderboard	serio	decode	2	3	42499
leaderboard	serio	decode	2	4	42477
leaderboard	serio	decode	2	5	42667
leaderboard	serio	decode	2	6	42429
leaderboard	serio	decode	2	7	42744
leaderboard	serio	decode	2	8	42730
leaderboard	serio	decode	2	9	42742
leaderboard	blink	encode	1	1	208433
leaderboard	blink	encode	1	2	213551
leaderboard	blink	encode	1	3	213711
leaderboard	blink	encode	1	4	216219
leaderboard	blink	encode	1	5	215296
leaderboard	blink	encode	1	6	210627
leaderboard	blink	encode	1	7	210735
leaderboard	blink	encode	1	8	209681
leaderboard	blink	encode	1	9	209960
leaderboard	blink	encode	2	1	210188
leaderboard	blink	encode	2	2	209489
leaderboard	blink	encode	2	3	194029
leaderboard	blink	encode	2	4	211650
leaderboard	blink	encode	2	5	206316
leaderboard	blink	encode	2	6	212383
leaderboard	blink	encode	2	7	209827
leaderboard	blink	encode	2	8	203019
leaderboard	blink	encode	2	9	209706
leaderboard	blink	decode	1	1	94951
leaderboard	blink	decode	1	2	93047
leaderboard	blink	decode	1	3	93593
leaderboard	blink	decode	1	4	96370
leaderboard	blink	decode	1	5	96618
leaderboard	blink	decode	1	6	95200
leaderboard	blink	decode	1	7	95636
leaderboard	blink	decode	1	8	96094
leaderboard	blink	decode	1	9	87469
leaderboard	blink	decode	2	1	93206
leaderboard	blink	decode	2	2	91619
leaderboard	blink	decode	2	3	93930
leaderboard	blink	decode	2	4	95544
leaderboard	blink	decode	2	5	95094
leaderboard	blink	decode	2	6	80547
leaderboard	blink	decode	2	7	94797
leaderboard	blink	decode	2	8	95518
leaderboard	blink	decode	2	9	94069
leaderboard	baseline	encode	1	1	517158
leaderboard	baseline	encode	1	2	522343
leaderboard	baseline	encode	1	3	513975
leaderboard	baseline	encode	1	4	518427
leaderboard	baseline	encode	1	5	518116
leaderboard	baseline	encode	1	6	525532
leaderboard	baseline	encode	1	7	521110
leaderboard	baseline	encode	1	8	516866
leaderboard	baseline	encode	1	9	521671
leaderboard	baseline	encode	2	1	509439
leaderboard	baseline	encode	2	2	513020
leaderboard	baseline	encode	2	3	489799
leaderboard	baseline	encode	2	4	506966
leaderboard	baseline	encode	2	5	512496
leaderboard	baseline	encode	2	6	508745
leaderboard	baseline	encode	2	7	514317
leaderboard	baseline	encode	2	8	514600
leaderboard	baseline	encode	2	9	509307
leaderboard	baseline	decode	1	1	156292
leaderboard	baseline	decode	1	2	151818
leaderboard	baseline	decode	1	3	154341
leaderboard	baseline	decode	1	4	157160
leaderboard	baseline	decode	1	5	156956
leaderboard	baseline	decode	1	6	158375
leaderboard	baseline	decode	1	7	158942
leaderboard	baseline	decode	1	8	157194
leaderboard	baseline	decode	1	9	133391
leaderboard	baseline	decode	2	1	153459
leaderboard	baseline	decode	2	2	154887
leaderboard	baseline	decode	2	3	150472
leaderboard	baseline	decode	2	4	151215
leaderboard	baseline	decode	2	5	150455
leaderboard	baseline	decode	2	6	128405
leaderboard	baseline	decode	2	7	153991
leaderboard	baseline	decode	2	8	154026
leaderboard	baseline	decode	2	9	152370
enum-heavy	surge	encode	1	1	329142
enum-heavy	surge	encode	1	2	324165
enum-heavy	surge	encode	1	3	313602
enum-heavy	surge	encode	1	4	325848
enum-heavy	surge	encode	1	5	324666
enum-heavy	surge	encode	1	6	319675
enum-heavy	surge	encode	1	7	323472
enum-heavy	surge	encode	1	8	318625
enum-heavy	surge	encode	1	9	323569
enum-heavy	surge	encode	2	1	322565
enum-heavy	surge	encode	2	2	324646
enum-heavy	surge	encode	2	3	326857
enum-heavy	surge	encode	2	4	316878
enum-heavy	surge	encode	2	5	323725
enum-heavy	surge	encode	2	6	320407
enum-heavy	surge	encode	2	7	322746
enum-heavy	surge	encode	2	8	317905
enum-heavy	surge	encode	2	9	325439
enum-heavy	surge	decode	1	1	653657
enum-heavy	surge	decode	1	2	658622
enum-heavy	surge	decode	1	3	676513
enum-heavy	surge	decode	1	4	679850
enum-heavy	surge	decode	1	5	715255
enum-heavy	surge	decode	1	6	713320
enum-heavy	surge	decode	1	7	718921
enum-heavy	surge	decode	1	8	769976
enum-heavy	surge	decode	1	9	773389
enum-heavy	surge	decode	2	1	759428
enum-heavy	surge	decode	2	2	749691
enum-heavy	surge	decode	2	3	754550
enum-heavy	surge	decode	2	4	738682
enum-heavy	surge	decode	2	5	757220
enum-heavy	surge	decode	2	6	739684
enum-heavy	surge	decode	2	7	745124
enum-heavy	surge	decode	2	8	733398
enum-heavy	surge	decode	2	9	753687
enum-heavy	fbs	encode	1	1	83694
enum-heavy	fbs	encode	1	2	85700
enum-heavy	fbs	encode	1	3	84540
enum-heavy	fbs	encode	1	4	84850
enum-heavy	fbs	encode	1	5	84442
enum-heavy	fbs	encode	1	6	84531
enum-heavy	fbs	encode	1	7	85970
enum-heavy	fbs	encode	1	8	84092
enum-heavy	fbs	encode	1	9	85085
enum-heavy	fbs	encode	2	1	84637
enum-heavy	fbs	encode	2	2	85029
enum-heavy	fbs	encode	2	3	84699
enum-heavy	fbs	encode	2	4	85212
enum-heavy	fbs	encode	2	5	85644
enum-heavy	fbs	encode	2	6	83950
enum-heavy	fbs	encode	2	7	86202
enum-heavy	fbs	encode	2	8	84732
enum-heavy	fbs	encode	2	9	84708
enum-heavy	fbs	decode	1	1	250647
enum-heavy	fbs	decode	1	2	249901
enum-heavy	fbs	decode	1	3	253488
enum-heavy	fbs	decode	1	4	252896
enum-heavy	fbs	decode	1	5	245234
enum-heavy	fbs	decode	1	6	264848
enum-heavy	fbs	decode	1	7	264892
enum-heavy	fbs	decode	1	8	264631
enum-heavy	fbs	decode	1	9	264530
enum-heavy	fbs	decode	2	1	267925
enum-heavy	fbs	decode	2	2	268499
enum-heavy	fbs	decode	2	3	266363
enum-heavy	fbs	decode	2	4	271533
enum-heavy	fbs	decode	2	5	269546
enum-heavy	fbs	decode	2	6	270593
enum-heavy	fbs	decode	2	7	266697
enum-heavy	fbs	decode	2	8	269035
enum-heavy	fbs	decode	2	9	267681
enum-heavy	serio	encode	1	1	41989
enum-heavy	serio	encode	1	2	41202
enum-heavy	serio	encode	1	3	41741
enum-heavy	serio	encode	1	4	41871
enum-heavy	serio	encode	1	5	41860
enum-heavy	serio	encode	1	6	41867
enum-heavy	serio	encode	1	7	41739
enum-heavy	serio	encode	1	8	41421
enum-heavy	serio	encode	1	9	41900
enum-heavy	serio	encode	2	1	41669
enum-heavy	serio	encode	2	2	41850
enum-heavy	serio	encode	2	3	42031
enum-heavy	serio	encode	2	4	41586
enum-heavy	serio	encode	2	5	41825
enum-heavy	serio	encode	2	6	41719
enum-heavy	serio	encode	2	7	41694
enum-heavy	serio	encode	2	8	41682
enum-heavy	serio	encode	2	9	41699
enum-heavy	serio	decode	1	1	106936
enum-heavy	serio	decode	1	2	104350
enum-heavy	serio	decode	1	3	104088
enum-heavy	serio	decode	1	4	107439
enum-heavy	serio	decode	1	5	105279
enum-heavy	serio	decode	1	6	107386
enum-heavy	serio	decode	1	7	106641
enum-heavy	serio	decode	1	8	107480
enum-heavy	serio	decode	1	9	108173
enum-heavy	serio	decode	2	1	107053
enum-heavy	serio	decode	2	2	106502
enum-heavy	serio	decode	2	3	107507
enum-heavy	serio	decode	2	4	106249
enum-heavy	serio	decode	2	5	106693
enum-heavy	serio	decode	2	6	107969
enum-heavy	serio	decode	2	7	106813
enum-heavy	serio	decode	2	8	106879
enum-heavy	serio	decode	2	9	107762
tagged union	surge	encode	1	1	364381
tagged union	surge	encode	1	2	361047
tagged union	surge	encode	1	3	365542
tagged union	surge	encode	1	4	355579
tagged union	surge	encode	1	5	355979
tagged union	surge	encode	1	6	365857
tagged union	surge	encode	1	7	366181
tagged union	surge	encode	1	8	360756
tagged union	surge	encode	1	9	363893
tagged union	surge	encode	2	1	352103
tagged union	surge	encode	2	2	351670
tagged union	surge	encode	2	3	346540
tagged union	surge	encode	2	4	351233
tagged union	surge	encode	2	5	346761
tagged union	surge	encode	2	6	351012
tagged union	surge	encode	2	7	349062
tagged union	surge	encode	2	8	344158
tagged union	surge	encode	2	9	349527
tagged union	surge	decode	1	1	101215
tagged union	surge	decode	1	2	101983
tagged union	surge	decode	1	3	98827
tagged union	surge	decode	1	4	96126
tagged union	surge	decode	1	5	95693
tagged union	surge	decode	1	6	95350
tagged union	surge	decode	1	7	97201
tagged union	surge	decode	1	8	97301
tagged union	surge	decode	1	9	98743
tagged union	surge	decode	2	1	97379
tagged union	surge	decode	2	2	93410
tagged union	surge	decode	2	3	95792
tagged union	surge	decode	2	4	85938
tagged union	surge	decode	2	5	96901
tagged union	surge	decode	2	6	94284
tagged union	surge	decode	2	7	95184
tagged union	surge	decode	2	8	96193
tagged union	surge	decode	2	9	94713
tagged union	fbs	encode	1	1	88055
tagged union	fbs	encode	1	2	88462
tagged union	fbs	encode	1	3	87064
tagged union	fbs	encode	1	4	87396
tagged union	fbs	encode	1	5	86547
tagged union	fbs	encode	1	6	88733
tagged union	fbs	encode	1	7	87613
tagged union	fbs	encode	1	8	87409
tagged union	fbs	encode	1	9	89634
tagged union	fbs	encode	2	1	90351
tagged union	fbs	encode	2	2	88397
tagged union	fbs	encode	2	3	91456
tagged union	fbs	encode	2	4	89287
tagged union	fbs	encode	2	5	89322
tagged union	fbs	encode	2	6	90227
tagged union	fbs	encode	2	7	89000
tagged union	fbs	encode	2	8	89679
tagged union	fbs	encode	2	9	91005
tagged union	fbs	decode	1	1	44168
tagged union	fbs	decode	1	2	44344
tagged union	fbs	decode	1	3	44914
tagged union	fbs	decode	1	4	43905
tagged union	fbs	decode	1	5	44313
tagged union	fbs	decode	1	6	44410
tagged union	fbs	decode	1	7	45015
tagged union	fbs	decode	1	8	44643
tagged union	fbs	decode	1	9	44742
tagged union	fbs	decode	2	1	42799
tagged union	fbs	decode	2	2	43874
tagged union	fbs	decode	2	3	44643
tagged union	fbs	decode	2	4	41935
tagged union	fbs	decode	2	5	44615
tagged union	fbs	decode	2	6	45261
tagged union	fbs	decode	2	7	44412
tagged union	fbs	decode	2	8	44635
tagged union	fbs	decode	2	9	44990
tagged union	serio	encode	1	1	13659
tagged union	serio	encode	1	2	13403
tagged union	serio	encode	1	3	13452
tagged union	serio	encode	1	4	13547
tagged union	serio	encode	1	5	13671
tagged union	serio	encode	1	6	13610
tagged union	serio	encode	1	7	13524
tagged union	serio	encode	1	8	13684
tagged union	serio	encode	1	9	13535
tagged union	serio	encode	2	1	13454
tagged union	serio	encode	2	2	13510
tagged union	serio	encode	2	3	13458
tagged union	serio	encode	2	4	13451
tagged union	serio	encode	2	5	13420
tagged union	serio	encode	2	6	13429
tagged union	serio	encode	2	7	13519
tagged union	serio	encode	2	8	13235
tagged union	serio	encode	2	9	13387
tagged union	serio	decode	1	1	19984
tagged union	serio	decode	1	2	20229
tagged union	serio	decode	1	3	20165
tagged union	serio	decode	1	4	20332
tagged union	serio	decode	1	5	19944
tagged union	serio	decode	1	6	19815
tagged union	serio	decode	1	7	19413
tagged union	serio	decode	1	8	19715
tagged union	serio	decode	1	9	19757
tagged union	serio	decode	2	1	20065
tagged union	serio	decode	2	2	19962
tagged union	serio	decode	2	3	19499
tagged union	serio	decode	2	4	19291
tagged union	serio	decode	2	5	19703
tagged union	serio	decode	2	6	19607
tagged union	serio	decode	2	7	19820
tagged union	serio	decode	2	8	19838
tagged union	serio	decode	2	9	19662
tagged union	blink	encode	1	1	138473
tagged union	blink	encode	1	2	140202
tagged union	blink	encode	1	3	141839
tagged union	blink	encode	1	4	144831
tagged union	blink	encode	1	5	141021
tagged union	blink	encode	1	6	141731
tagged union	blink	encode	1	7	143003
tagged union	blink	encode	1	8	140317
tagged union	blink	encode	1	9	139434
tagged union	blink	encode	2	1	140362
tagged union	blink	encode	2	2	139169
tagged union	blink	encode	2	3	138913
tagged union	blink	encode	2	4	139854
tagged union	blink	encode	2	5	138969
tagged union	blink	encode	2	6	141671
tagged union	blink	encode	2	7	140707
tagged union	blink	encode	2	8	129298
tagged union	blink	encode	2	9	139442
tagged union	blink	decode	1	1	55241
tagged union	blink	decode	1	2	53946
tagged union	blink	decode	1	3	54862
tagged union	blink	decode	1	4	54462
tagged union	blink	decode	1	5	55355
tagged union	blink	decode	1	6	55885
tagged union	blink	decode	1	7	55507
tagged union	blink	decode	1	8	56700
tagged union	blink	decode	1	9	55330
tagged union	blink	decode	2	1	54389
tagged union	blink	decode	2	2	54291
tagged union	blink	decode	2	3	51715
tagged union	blink	decode	2	4	54694
tagged union	blink	decode	2	5	56080
tagged union	blink	decode	2	6	55126
tagged union	blink	decode	2	7	54035
tagged union	blink	decode	2	8	55508
tagged union	blink	decode	2	9	54822
tagged union	baseline	encode	1	1	378595
tagged union	baseline	encode	1	2	378445
tagged union	baseline	encode	1	3	359005
tagged union	baseline	encode	1	4	372165
tagged union	baseline	encode	1	5	371176
tagged union	baseline	encode	1	6	377001
tagged union	baseline	encode	1	7	372447
tagged union	baseline	encode	1	8	376587
tagged union	baseline	encode	1	9	384772
tagged union	baseline	encode	2	1	368194
tagged union	baseline	encode	2	2	377055
tagged union	baseline	encode	2	3	369366
tagged union	baseline	encode	2	4	375530
tagged union	baseline	encode	2	5	371249
tagged union	baseline	encode	2	6	368353
tagged union	baseline	encode	2	7	369069
tagged union	baseline	encode	2	8	372455
tagged union	baseline	encode	2	9	371508
tagged union	baseline	decode	1	1	96479
tagged union	baseline	decode	1	2	99683
tagged union	baseline	decode	1	3	99397
tagged union	baseline	decode	1	4	96405
tagged union	baseline	decode	1	5	98373
tagged union	baseline	decode	1	6	97387
tagged union	baseline	decode	1	7	99693
tagged union	baseline	decode	1	8	98478
tagged union	baseline	decode	1	9	96193
tagged union	baseline	decode	2	1	96090
tagged union	baseline	decode	2	2	96642
tagged union	baseline	decode	2	3	88082
tagged union	baseline	decode	2	4	96298
tagged union	baseline	decode	2	5	96059
tagged union	baseline	decode	2	6	95668
tagged union	baseline	decode	2	7	95542
tagged union	baseline	decode	2	8	94720
tagged union	baseline	decode	2	9	96776
guarded union	surge	encode	1	1	643028
guarded union	surge	encode	1	2	648012
guarded union	surge	encode	1	3	635703
guarded union	surge	encode	1	4	648489
guarded union	surge	encode	1	5	660886
guarded union	surge	encode	1	6	654263
guarded union	surge	encode	1	7	663677
guarded union	surge	encode	1	8	642435
guarded union	surge	encode	1	9	652531
guarded union	surge	encode	2	1	625247
guarded union	surge	encode	2	2	623555
guarded union	surge	encode	2	3	622061
guarded union	surge	encode	2	4	620007
guarded union	surge	encode	2	5	624620
guarded union	surge	encode	2	6	634328
guarded union	surge	encode	2	7	633176
guarded union	surge	encode	2	8	628193
guarded union	surge	encode	2	9	627446
guarded union	surge	decode	1	1	394680
guarded union	surge	decode	1	2	425206
guarded union	surge	decode	1	3	430299
guarded union	surge	decode	1	4	445240
guarded union	surge	decode	1	5	450870
guarded union	surge	decode	1	6	430080
guarded union	surge	decode	1	7	447755
guarded union	surge	decode	1	8	449868
guarded union	surge	decode	1	9	458592
guarded union	surge	decode	2	1	453789
guarded union	surge	decode	2	2	439079
guarded union	surge	decode	2	3	454952
guarded union	surge	decode	2	4	451880
guarded union	surge	decode	2	5	452495
guarded union	surge	decode	2	6	449091
guarded union	surge	decode	2	7	452596
guarded union	surge	decode	2	8	455961
guarded union	surge	decode	2	9	445405
guarded union	fbs	encode	1	1	73691
guarded union	fbs	encode	1	2	73059
guarded union	fbs	encode	1	3	73416
guarded union	fbs	encode	1	4	72761
guarded union	fbs	encode	1	5	73374
guarded union	fbs	encode	1	6	74129
guarded union	fbs	encode	1	7	73921
guarded union	fbs	encode	1	8	71924
guarded union	fbs	encode	1	9	74072
guarded union	fbs	encode	2	1	75884
guarded union	fbs	encode	2	2	76177
guarded union	fbs	encode	2	3	75275
guarded union	fbs	encode	2	4	75167
guarded union	fbs	encode	2	5	75227
guarded union	fbs	encode	2	6	74759
guarded union	fbs	encode	2	7	75761
guarded union	fbs	encode	2	8	74706
guarded union	fbs	encode	2	9	75663
guarded union	fbs	decode	1	1	151546
guarded union	fbs	decode	1	2	149958
guarded union	fbs	decode	1	3	159967
guarded union	fbs	decode	1	4	159308
guarded union	fbs	decode	1	5	156876
guarded union	fbs	decode	1	6	156867
guarded union	fbs	decode	1	7	159869
guarded union	fbs	decode	1	8	159213
guarded union	fbs	decode	1	9	157035
guarded union	fbs	decode	2	1	160492
guarded union	fbs	decode	2	2	161227
guarded union	fbs	decode	2	3	158318
guarded union	fbs	decode	2	4	159014
guarded union	fbs	decode	2	5	158224
guarded union	fbs	decode	2	6	159062
guarded union	fbs	decode	2	7	158481
guarded union	fbs	decode	2	8	160084
guarded union	fbs	decode	2	9	161076
guarded union	serio	encode	1	1	20346
guarded union	serio	encode	1	2	20606
guarded union	serio	encode	1	3	20188
guarded union	serio	encode	1	4	20350
guarded union	serio	encode	1	5	20514
guarded union	serio	encode	1	6	20263
guarded union	serio	encode	1	7	20316
guarded union	serio	encode	1	8	20226
guarded union	serio	encode	1	9	20256
guarded union	serio	encode	2	1	20106
guarded union	serio	encode	2	2	20074
guarded union	serio	encode	2	3	20205
guarded union	serio	encode	2	4	20131
guarded union	serio	encode	2	5	20231
guarded union	serio	encode	2	6	20453
guarded union	serio	encode	2	7	20199
guarded union	serio	encode	2	8	20000
guarded union	serio	encode	2	9	20193
guarded union	serio	decode	1	1	45053
guarded union	serio	decode	1	2	45737
guarded union	serio	decode	1	3	45532
guarded union	serio	decode	1	4	46236
guarded union	serio	decode	1	5	47379
guarded union	serio	decode	1	6	47039
guarded union	serio	decode	1	7	47082
guarded union	serio	decode	1	8	46169
guarded union	serio	decode	1	9	47130
guarded union	serio	decode	2	1	46855
guarded union	serio	decode	2	2	46573
guarded union	serio	decode	2	3	46849
guarded union	serio	decode	2	4	46896
guarded union	serio	decode	2	5	46551
guarded union	serio	decode	2	6	46907
guarded union	serio	decode	2	7	46796
guarded union	serio	decode	2	8	47053
guarded union	serio	decode	2	9	46498
tree	surge	encode	1	1	475256
tree	surge	encode	1	2	473876
tree	surge	encode	1	3	469721
tree	surge	encode	1	4	471149
tree	surge	encode	1	5	475369
tree	surge	encode	1	6	469679
tree	surge	encode	1	7	467468
tree	surge	encode	1	8	471927
tree	surge	encode	1	9	472425
tree	surge	encode	2	1	450565
tree	surge	encode	2	2	447088
tree	surge	encode	2	3	448228
tree	surge	encode	2	4	448111
tree	surge	encode	2	5	449610
tree	surge	encode	2	6	450072
tree	surge	encode	2	7	448628
tree	surge	encode	2	8	447464
tree	surge	encode	2	9	448736
tree	surge	decode	1	1	94393
tree	surge	decode	1	2	98433
tree	surge	decode	1	3	94948
tree	surge	decode	1	4	97418
tree	surge	decode	1	5	97504
tree	surge	decode	1	6	96008
tree	surge	decode	1	7	95939
tree	surge	decode	1	8	93687
tree	surge	decode	1	9	98621
tree	surge	decode	2	1	94836
tree	surge	decode	2	2	96863
tree	surge	decode	2	3	96102
tree	surge	decode	2	4	92181
tree	surge	decode	2	5	96030
tree	surge	decode	2	6	98568
tree	surge	decode	2	7	96716
tree	surge	decode	2	8	95546
tree	surge	decode	2	9	96108
tree	baseline	encode	1	1	458562
tree	baseline	encode	1	2	455439
tree	baseline	encode	1	3	455507
tree	baseline	encode	1	4	450248
tree	baseline	encode	1	5	460687
tree	baseline	encode	1	6	454850
tree	baseline	encode	1	7	457127
tree	baseline	encode	1	8	453984
tree	baseline	encode	1	9	445347
tree	baseline	encode	2	1	428205
tree	baseline	encode	2	2	423638
tree	baseline	encode	2	3	429793
tree	baseline	encode	2	4	426234
tree	baseline	encode	2	5	430396
tree	baseline	encode	2	6	427378
tree	baseline	encode	2	7	422814
tree	baseline	encode	2	8	433631
tree	baseline	encode	2	9	427059
tree	baseline	decode	1	1	98168
tree	baseline	decode	1	2	98241
tree	baseline	decode	1	3	102099
tree	baseline	decode	1	4	101207
tree	baseline	decode	1	5	101224
tree	baseline	decode	1	6	99871
tree	baseline	decode	1	7	101568
tree	baseline	decode	1	8	102480
tree	baseline	decode	1	9	101537
tree	baseline	decode	2	1	97600
tree	baseline	decode	2	2	98379
tree	baseline	decode	2	3	100353
tree	baseline	decode	2	4	99146
tree	baseline	decode	2	5	96436
tree	baseline	decode	2	6	95039
tree	baseline	decode	2	7	99816
tree	baseline	decode	2	8	98348
tree	baseline	decode	2	9	97380
instance references	surge	encode	1	1	915939
instance references	surge	encode	1	2	915547
instance references	surge	encode	1	3	919979
instance references	surge	encode	1	4	895810
instance references	surge	encode	1	5	909704
instance references	surge	encode	1	6	918175
instance references	surge	encode	1	7	901238
instance references	surge	encode	1	8	905498
instance references	surge	encode	1	9	905306
instance references	surge	encode	2	1	832096
instance references	surge	encode	2	2	828508
instance references	surge	encode	2	3	829810
instance references	surge	encode	2	4	857524
instance references	surge	encode	2	5	845425
instance references	surge	encode	2	6	858183
instance references	surge	encode	2	7	838938
instance references	surge	encode	2	8	829421
instance references	surge	encode	2	9	868279
instance references	surge	decode	1	1	275475
instance references	surge	decode	1	2	264756
instance references	surge	decode	1	3	268887
instance references	surge	decode	1	4	238344
instance references	surge	decode	1	5	260603
instance references	surge	decode	1	6	271363
instance references	surge	decode	1	7	272362
instance references	surge	decode	1	8	274945
instance references	surge	decode	1	9	260886
instance references	surge	decode	2	1	258432
instance references	surge	decode	2	2	263496
instance references	surge	decode	2	3	269312
instance references	surge	decode	2	4	255074
instance references	surge	decode	2	5	265316
instance references	surge	decode	2	6	264672
instance references	surge	decode	2	7	263838
instance references	surge	decode	2	8	256885
instance references	surge	decode	2	9	262065
instance references	fbs	encode	1	1	255823
instance references	fbs	encode	1	2	256474
instance references	fbs	encode	1	3	252766
instance references	fbs	encode	1	4	255837
instance references	fbs	encode	1	5	254180
instance references	fbs	encode	1	6	251141
instance references	fbs	encode	1	7	250688
instance references	fbs	encode	1	8	257143
instance references	fbs	encode	1	9	252649
instance references	fbs	encode	2	1	243127
instance references	fbs	encode	2	2	242036
instance references	fbs	encode	2	3	246228
instance references	fbs	encode	2	4	245111
instance references	fbs	encode	2	5	243739
instance references	fbs	encode	2	6	243214
instance references	fbs	encode	2	7	243038
instance references	fbs	encode	2	8	236403
instance references	fbs	encode	2	9	241968
instance references	fbs	decode	1	1	143284
instance references	fbs	decode	1	2	146529
instance references	fbs	decode	1	3	144930
instance references	fbs	decode	1	4	122862
instance references	fbs	decode	1	5	145522
instance references	fbs	decode	1	6	144042
instance references	fbs	decode	1	7	143773
instance references	fbs	decode	1	8	144821
instance references	fbs	decode	1	9	148650
instance references	fbs	decode	2	1	143719
instance references	fbs	decode	2	2	144546
instance references	fbs	decode	2	3	142486
instance references	fbs	decode	2	4	140514
instance references	fbs	decode	2	5	141477
instance references	fbs	decode	2	6	141145
instance references	fbs	decode	2	7	144288
instance references	fbs	decode	2	8	141193
instance references	fbs	decode	2	9	142637
instance references	serio	encode	1	1	48474
instance references	serio	encode	1	2	48564
instance references	serio	encode	1	3	47306
instance references	serio	encode	1	4	47819
instance references	serio	encode	1	5	48315
instance references	serio	encode	1	6	48949
instance references	serio	encode	1	7	48478
instance references	serio	encode	1	8	48308
instance references	serio	encode	1	9	48433
instance references	serio	encode	2	1	47031
instance references	serio	encode	2	2	47440
instance references	serio	encode	2	3	47354
instance references	serio	encode	2	4	47735
instance references	serio	encode	2	5	47665
instance references	serio	encode	2	6	47486
instance references	serio	encode	2	7	48135
instance references	serio	encode	2	8	47786
instance references	serio	encode	2	9	48320
instance references	serio	decode	1	1	58999
instance references	serio	decode	1	2	59709
instance references	serio	decode	1	3	56442
instance references	serio	decode	1	4	56807
instance references	serio	decode	1	5	59342
instance references	serio	decode	1	6	58539
instance references	serio	decode	1	7	59029
instance references	serio	decode	1	8	59956
instance references	serio	decode	1	9	59059
instance references	serio	decode	2	1	59245
instance references	serio	decode	2	2	59745
instance references	serio	decode	2	3	59182
instance references	serio	decode	2	4	58718
instance references	serio	decode	2	5	59777
instance references	serio	decode	2	6	58337
instance references	serio	decode	2	7	59429
instance references	serio	decode	2	8	59217
instance references	serio	decode	2	9	58756
instance references	baseline	encode	1	1	948472
instance references	baseline	encode	1	2	945709
instance references	baseline	encode	1	3	901965
instance references	baseline	encode	1	4	927810
instance references	baseline	encode	1	5	941796
instance references	baseline	encode	1	6	929612
instance references	baseline	encode	1	7	922876
instance references	baseline	encode	1	8	944234
instance references	baseline	encode	1	9	939892
instance references	baseline	encode	2	1	842307
instance references	baseline	encode	2	2	840906
instance references	baseline	encode	2	3	908300
instance references	baseline	encode	2	4	875290
instance references	baseline	encode	2	5	859666
instance references	baseline	encode	2	6	870917
instance references	baseline	encode	2	7	883298
instance references	baseline	encode	2	8	927866
instance references	baseline	encode	2	9	904292
instance references	baseline	decode	1	1	254065
instance references	baseline	decode	1	2	264765
instance references	baseline	decode	1	3	261514
instance references	baseline	decode	1	4	262301
instance references	baseline	decode	1	5	278949
instance references	baseline	decode	1	6	278769
instance references	baseline	decode	1	7	270190
instance references	baseline	decode	1	8	277581
instance references	baseline	decode	1	9	278266
instance references	baseline	decode	2	1	268845
instance references	baseline	decode	2	2	257838
instance references	baseline	decode	2	3	262815
instance references	baseline	decode	2	4	254315
instance references	baseline	decode	2	5	269906
instance references	baseline	decode	2	6	261937
instance references	baseline	decode	2	7	269555
instance references	baseline	decode	2	8	265671
instance references	baseline	decode	2	9	266384
toggles (unpacked)	surge	encode	1	1	4205737
toggles (unpacked)	surge	encode	1	2	4407361
toggles (unpacked)	surge	encode	1	3	4456591
toggles (unpacked)	surge	encode	1	4	4422609
toggles (unpacked)	surge	encode	1	5	4466633
toggles (unpacked)	surge	encode	1	6	4462915
toggles (unpacked)	surge	encode	1	7	4417173
toggles (unpacked)	surge	encode	1	8	4400643
toggles (unpacked)	surge	encode	1	9	4437167
toggles (unpacked)	surge	encode	2	1	4403235
toggles (unpacked)	surge	encode	2	2	4425529
toggles (unpacked)	surge	encode	2	3	4390934
toggles (unpacked)	surge	encode	2	4	4402179
toggles (unpacked)	surge	encode	2	5	4354569
toggles (unpacked)	surge	encode	2	6	4317453
toggles (unpacked)	surge	encode	2	7	4362690
toggles (unpacked)	surge	encode	2	8	4347013
toggles (unpacked)	surge	encode	2	9	4339716
toggles (unpacked)	surge	decode	1	1	2930563
toggles (unpacked)	surge	decode	1	2	2850449
toggles (unpacked)	surge	decode	1	3	2943688
toggles (unpacked)	surge	decode	1	4	2946559
toggles (unpacked)	surge	decode	1	5	2946009
toggles (unpacked)	surge	decode	1	6	2892089
toggles (unpacked)	surge	decode	1	7	2996561
toggles (unpacked)	surge	decode	1	8	2905364
toggles (unpacked)	surge	decode	1	9	2896638
toggles (unpacked)	surge	decode	2	1	2561525
toggles (unpacked)	surge	decode	2	2	2873826
toggles (unpacked)	surge	decode	2	3	2878443
toggles (unpacked)	surge	decode	2	4	2817135
toggles (unpacked)	surge	decode	2	5	2808900
toggles (unpacked)	surge	decode	2	6	2825320
toggles (unpacked)	surge	decode	2	7	2854545
toggles (unpacked)	surge	decode	2	8	2886158
toggles (unpacked)	surge	decode	2	9	2924994
toggles (unpacked)	fbs	encode	1	1	1473301
toggles (unpacked)	fbs	encode	1	2	1500535
toggles (unpacked)	fbs	encode	1	3	1519881
toggles (unpacked)	fbs	encode	1	4	1523474
toggles (unpacked)	fbs	encode	1	5	1524060
toggles (unpacked)	fbs	encode	1	6	1528543
toggles (unpacked)	fbs	encode	1	7	1506090
toggles (unpacked)	fbs	encode	1	8	1517385
toggles (unpacked)	fbs	encode	1	9	1509617
toggles (unpacked)	fbs	encode	2	1	1508809
toggles (unpacked)	fbs	encode	2	2	1500378
toggles (unpacked)	fbs	encode	2	3	1515932
toggles (unpacked)	fbs	encode	2	4	1504840
toggles (unpacked)	fbs	encode	2	5	1519406
toggles (unpacked)	fbs	encode	2	6	1502794
toggles (unpacked)	fbs	encode	2	7	1523747
toggles (unpacked)	fbs	encode	2	8	1506211
toggles (unpacked)	fbs	encode	2	9	1499564
toggles (unpacked)	fbs	decode	1	1	1560829
toggles (unpacked)	fbs	decode	1	2	1543669
toggles (unpacked)	fbs	decode	1	3	1570586
toggles (unpacked)	fbs	decode	1	4	1586183
toggles (unpacked)	fbs	decode	1	5	1577889
toggles (unpacked)	fbs	decode	1	6	1580908
toggles (unpacked)	fbs	decode	1	7	1534869
toggles (unpacked)	fbs	decode	1	8	1559063
toggles (unpacked)	fbs	decode	1	9	1565653
toggles (unpacked)	fbs	decode	2	1	1304488
toggles (unpacked)	fbs	decode	2	2	1537656
toggles (unpacked)	fbs	decode	2	3	1545034
toggles (unpacked)	fbs	decode	2	4	1519464
toggles (unpacked)	fbs	decode	2	5	1496684
toggles (unpacked)	fbs	decode	2	6	1506186
toggles (unpacked)	fbs	decode	2	7	1507252
toggles (unpacked)	fbs	decode	2	8	1539133
toggles (unpacked)	fbs	decode	2	9	1502022
toggles (unpacked)	serio	encode	1	1	405180
toggles (unpacked)	serio	encode	1	2	403732
toggles (unpacked)	serio	encode	1	3	413947
toggles (unpacked)	serio	encode	1	4	409475
toggles (unpacked)	serio	encode	1	5	413311
toggles (unpacked)	serio	encode	1	6	403672
toggles (unpacked)	serio	encode	1	7	413437
toggles (unpacked)	serio	encode	1	8	403680
toggles (unpacked)	serio	encode	1	9	407687
toggles (unpacked)	serio	encode	2	1	415108
toggles (unpacked)	serio	encode	2	2	413421
toggles (unpacked)	serio	encode	2	3	405786
toggles (unpacked)	serio	encode	2	4	399865
toggles (unpacked)	serio	encode	2	5	414888
toggles (unpacked)	serio	encode	2	6	416276
toggles (unpacked)	serio	encode	2	7	415945
toggles (unpacked)	serio	encode	2	8	418610
toggles (unpacked)	serio	encode	2	9	416995
toggles (unpacked)	serio	decode	1	1	648600
toggles (unpacked)	serio	decode	1	2	644776
toggles (unpacked)	serio	decode	1	3	640599
toggles (unpacked)	serio	decode	1	4	640425
toggles (unpacked)	serio	decode	1	5	640836
toggles (unpacked)	serio	decode	1	6	640423
toggles (unpacked)	serio	decode	1	7	650125
toggles (unpacked)	serio	decode	1	8	632749
toggles (unpacked)	serio	decode	1	9	651616
toggles (unpacked)	serio	decode	2	1	614140
toggles (unpacked)	serio	decode	2	2	641778
toggles (unpacked)	serio	decode	2	3	639340
toggles (unpacked)	serio	decode	2	4	635546
toggles (unpacked)	serio	decode	2	5	646486
toggles (unpacked)	serio	decode	2	6	628338
toggles (unpacked)	serio	decode	2	7	631189
toggles (unpacked)	serio	decode	2	8	640269
toggles (unpacked)	serio	decode	2	9	643461
toggles (unpacked)	blink	encode	1	1	2097402
toggles (unpacked)	blink	encode	1	2	2187235
toggles (unpacked)	blink	encode	1	3	2190234
toggles (unpacked)	blink	encode	1	4	2160790
toggles (unpacked)	blink	encode	1	5	2178116
toggles (unpacked)	blink	encode	1	6	2218567
toggles (unpacked)	blink	encode	1	7	2201243
toggles (unpacked)	blink	encode	1	8	2228098
toggles (unpacked)	blink	encode	1	9	2196199
toggles (unpacked)	blink	encode	2	1	2136450
toggles (unpacked)	blink	encode	2	2	2144682
toggles (unpacked)	blink	encode	2	3	2179493
toggles (unpacked)	blink	encode	2	4	2201666
toggles (unpacked)	blink	encode	2	5	2161926
toggles (unpacked)	blink	encode	2	6	2150558
toggles (unpacked)	blink	encode	2	7	2165965
toggles (unpacked)	blink	encode	2	8	2166237
toggles (unpacked)	blink	encode	2	9	2148402
toggles (unpacked)	blink	decode	1	1	1755257
toggles (unpacked)	blink	decode	1	2	1747296
toggles (unpacked)	blink	decode	1	3	1753040
toggles (unpacked)	blink	decode	1	4	1741627
toggles (unpacked)	blink	decode	1	5	1767123
toggles (unpacked)	blink	decode	1	6	1749053
toggles (unpacked)	blink	decode	1	7	1735793
toggles (unpacked)	blink	decode	1	8	1716233
toggles (unpacked)	blink	decode	1	9	1720832
toggles (unpacked)	blink	decode	2	1	1712974
toggles (unpacked)	blink	decode	2	2	1712280
toggles (unpacked)	blink	decode	2	3	1693272
toggles (unpacked)	blink	decode	2	4	1737925
toggles (unpacked)	blink	decode	2	5	1687493
toggles (unpacked)	blink	decode	2	6	1731419
toggles (unpacked)	blink	decode	2	7	1725036
toggles (unpacked)	blink	decode	2	8	1713765
toggles (unpacked)	blink	decode	2	9	1681157
toggles (packed)	surge	encode	1	1	4745379
toggles (packed)	surge	encode	1	2	4743091
toggles (packed)	surge	encode	1	3	4751236
toggles (packed)	surge	encode	1	4	4783615
toggles (packed)	surge	encode	1	5	4701837
toggles (packed)	surge	encode	1	6	4778012
toggles (packed)	surge	encode	1	7	4771200
toggles (packed)	surge	encode	1	8	4750528
toggles (packed)	surge	encode	1	9	4683120
toggles (packed)	surge	encode	2	1	4706914
toggles (packed)	surge	encode	2	2	4681000
toggles (packed)	surge	encode	2	3	4666215
toggles (packed)	surge	encode	2	4	4601151
toggles (packed)	surge	encode	2	5	4688612
toggles (packed)	surge	encode	2	6	4098475
toggles (packed)	surge	encode	2	7	4728735
toggles (packed)	surge	encode	2	8	4607716
toggles (packed)	surge	encode	2	9	4549170
toggles (packed)	surge	decode	1	1	2977113
toggles (packed)	surge	decode	1	2	2858724
toggles (packed)	surge	decode	1	3	3118242
toggles (packed)	surge	decode	1	4	3071235
toggles (packed)	surge	decode	1	5	2978630
toggles (packed)	surge	decode	1	6	2913339
toggles (packed)	surge	decode	1	7	2877326
toggles (packed)	surge	decode	1	8	3230728
toggles (packed)	surge	decode	1	9	3291417
toggles (packed)	surge	decode	2	1	2951125
toggles (packed)	surge	decode	2	2	2705398
toggles (packed)	surge	decode	2	3	3099865
toggles (packed)	surge	decode	2	4	3169859
toggles (packed)	surge	decode	2	5	3056452
toggles (packed)	surge	decode	2	6	3122610
toggles (packed)	surge	decode	2	7	3056560
toggles (packed)	surge	decode	2	8	3158711
toggles (packed)	surge	decode	2	9	3119682
toggles (packed)	fbs	encode	1	1	1340734
toggles (packed)	fbs	encode	1	2	1346225
toggles (packed)	fbs	encode	1	3	1348999
toggles (packed)	fbs	encode	1	4	1338686
toggles (packed)	fbs	encode	1	5	1353548
toggles (packed)	fbs	encode	1	6	1342425
toggles (packed)	fbs	encode	1	7	1354168
toggles (packed)	fbs	encode	1	8	1352934
toggles (packed)	fbs	encode	1	9	1323821
toggles (packed)	fbs	encode	2	1	1235490
toggles (packed)	fbs	encode	2	2	1240934
toggles (packed)	fbs	encode	2	3	1258096
toggles (packed)	fbs	encode	2	4	1258810
toggles (packed)	fbs	encode	2	5	1245856
toggles (packed)	fbs	encode	2	6	1209425
toggles (packed)	fbs	encode	2	7	1252108
toggles (packed)	fbs	encode	2	8	1242158
toggles (packed)	fbs	encode	2	9	1219360
toggles (packed)	fbs	decode	1	1	1256819
toggles (packed)	fbs	decode	1	2	1267265
toggles (packed)	fbs	decode	1	3	1266660
toggles (packed)	fbs	decode	1	4	1205181
toggles (packed)	fbs	decode	1	5	1230514
toggles (packed)	fbs	decode	1	6	1235208
toggles (packed)	fbs	decode	1	7	1186563
toggles (packed)	fbs	decode	1	8	1256851
toggles (packed)	fbs	decode	1	9	1264585
toggles (packed)	fbs	decode	2	1	1218762
toggles (packed)	fbs	decode	2	2	1200687
toggles (packed)	fbs	decode	2	3	1241082
toggles (packed)	fbs	decode	2	4	1237422
toggles (packed)	fbs	decode	2	5	1250664
toggles (packed)	fbs	decode	2	6	1232615
toggles (packed)	fbs	decode	2	7	1250404
toggles (packed)	fbs	decode	2	8	1238626
toggles (packed)	fbs	decode	2	9	1236759
toggles (packed)	serio	encode	1	1	338150
toggles (packed)	serio	encode	1	2	339425
toggles (packed)	serio	encode	1	3	342771
toggles (packed)	serio	encode	1	4	337828
toggles (packed)	serio	encode	1	5	340986
toggles (packed)	serio	encode	1	6	339564
toggles (packed)	serio	encode	1	7	333276
toggles (packed)	serio	encode	1	8	339720
toggles (packed)	serio	encode	1	9	342222
toggles (packed)	serio	encode	2	1	335856
toggles (packed)	serio	encode	2	2	334482
toggles (packed)	serio	encode	2	3	340521
toggles (packed)	serio	encode	2	4	339903
toggles (packed)	serio	encode	2	5	338900
toggles (packed)	serio	encode	2	6	337755
toggles (packed)	serio	encode	2	7	329483
toggles (packed)	serio	encode	2	8	334860
toggles (packed)	serio	encode	2	9	337172
toggles (packed)	serio	decode	1	1	433426
toggles (packed)	serio	decode	1	2	448674
toggles (packed)	serio	decode	1	3	438108
toggles (packed)	serio	decode	1	4	443186
toggles (packed)	serio	decode	1	5	427546
toggles (packed)	serio	decode	1	6	437910
toggles (packed)	serio	decode	1	7	437825
toggles (packed)	serio	decode	1	8	443179
toggles (packed)	serio	decode	1	9	444148
toggles (packed)	serio	decode	2	1	420234
toggles (packed)	serio	decode	2	2	434269
toggles (packed)	serio	decode	2	3	438289
toggles (packed)	serio	decode	2	4	440670
toggles (packed)	serio	decode	2	5	435051
toggles (packed)	serio	decode	2	6	441169
toggles (packed)	serio	decode	2	7	439330
toggles (packed)	serio	decode	2	8	438918
toggles (packed)	serio	decode	2	9	435892
toggles (packed)	baseline	encode	1	1	4856085
toggles (packed)	baseline	encode	1	2	4788836
toggles (packed)	baseline	encode	1	3	4758155
toggles (packed)	baseline	encode	1	4	4762493
toggles (packed)	baseline	encode	1	5	4888410
toggles (packed)	baseline	encode	1	6	4873175
toggles (packed)	baseline	encode	1	7	4828641
toggles (packed)	baseline	encode	1	8	4890570
toggles (packed)	baseline	encode	1	9	4838723
toggles (packed)	baseline	encode	2	1	4705227
toggles (packed)	baseline	encode	2	2	4791355
toggles (packed)	baseline	encode	2	3	4804142
toggles (packed)	baseline	encode	2	4	4850108
toggles (packed)	baseline	encode	2	5	4735376
toggles (packed)	baseline	encode	2	6	4684325
toggles (packed)	baseline	encode	2	7	4868863
toggles (packed)	baseline	encode	2	8	4525320
toggles (packed)	baseline	encode	2	9	4610992
toggles (packed)	baseline	decode	1	1	2968680
toggles (packed)	baseline	decode	1	2	3208636
toggles (packed)	baseline	decode	1	3	3137337
toggles (packed)	baseline	decode	1	4	3030282
toggles (packed)	baseline	decode	1	5	2760778
toggles (packed)	baseline	decode	1	6	2884629
toggles (packed)	baseline	decode	1	7	3223975
toggles (packed)	baseline	decode	1	8	3097122
toggles (packed)	baseline	decode	1	9	3131731
toggles (packed)	baseline	decode	2	1	2875101
toggles (packed)	baseline	decode	2	2	3005116
toggles (packed)	baseline	decode	2	3	3016372
toggles (packed)	baseline	decode	2	4	3079537
toggles (packed)	baseline	decode	2	5	3068497
toggles (packed)	baseline	decode	2	6	2981646
toggles (packed)	baseline	decode	2	7	3096456
toggles (packed)	baseline	decode	2	8	3145962
toggles (packed)	baseline	decode	2	9	3163543
CFrame array	surge	encode	1	1	271769
CFrame array	surge	encode	1	2	269715
CFrame array	surge	encode	1	3	273007
CFrame array	surge	encode	1	4	274661
CFrame array	surge	encode	1	5	278071
CFrame array	surge	encode	1	6	276890
CFrame array	surge	encode	1	7	276503
CFrame array	surge	encode	1	8	277366
CFrame array	surge	encode	1	9	276777
CFrame array	surge	encode	2	1	264927
CFrame array	surge	encode	2	2	264004
CFrame array	surge	encode	2	3	268383
CFrame array	surge	encode	2	4	267772
CFrame array	surge	encode	2	5	266198
CFrame array	surge	encode	2	6	262930
CFrame array	surge	encode	2	7	260905
CFrame array	surge	encode	2	8	263893
CFrame array	surge	encode	2	9	260014
CFrame array	surge	decode	1	1	134674
CFrame array	surge	decode	1	2	141017
CFrame array	surge	decode	1	3	137000
CFrame array	surge	decode	1	4	136126
CFrame array	surge	decode	1	5	140215
CFrame array	surge	decode	1	6	138418
CFrame array	surge	decode	1	7	136559
CFrame array	surge	decode	1	8	138618
CFrame array	surge	decode	1	9	136219
CFrame array	surge	decode	2	1	139130
CFrame array	surge	decode	2	2	138519
CFrame array	surge	decode	2	3	139223
CFrame array	surge	decode	2	4	136001
CFrame array	surge	decode	2	5	133184
CFrame array	surge	decode	2	6	139200
CFrame array	surge	decode	2	7	140384
CFrame array	surge	decode	2	8	140713
CFrame array	surge	decode	2	9	139900
CFrame array	fbs	encode	1	1	208085
CFrame array	fbs	encode	1	2	210629
CFrame array	fbs	encode	1	3	209308
CFrame array	fbs	encode	1	4	211437
CFrame array	fbs	encode	1	5	209818
CFrame array	fbs	encode	1	6	208053
CFrame array	fbs	encode	1	7	207698
CFrame array	fbs	encode	1	8	205409
CFrame array	fbs	encode	1	9	209890
CFrame array	fbs	encode	2	1	204927
CFrame array	fbs	encode	2	2	204956
CFrame array	fbs	encode	2	3	203737
CFrame array	fbs	encode	2	4	203391
CFrame array	fbs	encode	2	5	202209
CFrame array	fbs	encode	2	6	197179
CFrame array	fbs	encode	2	7	203709
CFrame array	fbs	encode	2	8	199372
CFrame array	fbs	encode	2	9	205127
CFrame array	fbs	decode	1	1	112604
CFrame array	fbs	decode	1	2	117810
CFrame array	fbs	decode	1	3	115386
CFrame array	fbs	decode	1	4	119742
CFrame array	fbs	decode	1	5	118167
CFrame array	fbs	decode	1	6	116607
CFrame array	fbs	decode	1	7	117192
CFrame array	fbs	decode	1	8	119338
CFrame array	fbs	decode	1	9	118302
CFrame array	fbs	decode	2	1	118194
CFrame array	fbs	decode	2	2	117851
CFrame array	fbs	decode	2	3	118836
CFrame array	fbs	decode	2	4	117100
CFrame array	fbs	decode	2	5	116832
CFrame array	fbs	decode	2	6	119125
CFrame array	fbs	decode	2	7	112367
CFrame array	fbs	decode	2	8	117361
CFrame array	fbs	decode	2	9	117568
CFrame array	serio	encode	1	1	17154
CFrame array	serio	encode	1	2	17366
CFrame array	serio	encode	1	3	17463
CFrame array	serio	encode	1	4	17195
CFrame array	serio	encode	1	5	17166
CFrame array	serio	encode	1	6	17469
CFrame array	serio	encode	1	7	17273
CFrame array	serio	encode	1	8	17235
CFrame array	serio	encode	1	9	17054
CFrame array	serio	encode	2	1	17181
CFrame array	serio	encode	2	2	17166
CFrame array	serio	encode	2	3	17224
CFrame array	serio	encode	2	4	17185
CFrame array	serio	encode	2	5	17087
CFrame array	serio	encode	2	6	16984
CFrame array	serio	encode	2	7	17252
CFrame array	serio	encode	2	8	17116
CFrame array	serio	encode	2	9	17096
CFrame array	serio	decode	1	1	31541
CFrame array	serio	decode	1	2	31715
CFrame array	serio	decode	1	3	31732
CFrame array	serio	decode	1	4	31507
CFrame array	serio	decode	1	5	32072
CFrame array	serio	decode	1	6	32030
CFrame array	serio	decode	1	7	32089
CFrame array	serio	decode	1	8	32226
CFrame array	serio	decode	1	9	31995
CFrame array	serio	decode	2	1	32022
CFrame array	serio	decode	2	2	32056
CFrame array	serio	decode	2	3	31882
CFrame array	serio	decode	2	4	31624
CFrame array	serio	decode	2	5	31970
CFrame array	serio	decode	2	6	32325
CFrame array	serio	decode	2	7	29539
CFrame array	serio	decode	2	8	32190
CFrame array	serio	decode	2	9	32155
CFrame array	blink	encode	1	1	232379
CFrame array	blink	encode	1	2	231565
CFrame array	blink	encode	1	3	234107
CFrame array	blink	encode	1	4	235439
CFrame array	blink	encode	1	5	234428
CFrame array	blink	encode	1	6	235738
CFrame array	blink	encode	1	7	232069
CFrame array	blink	encode	1	8	230505
CFrame array	blink	encode	1	9	234889
CFrame array	blink	encode	2	1	225528
CFrame array	blink	encode	2	2	233597
CFrame array	blink	encode	2	3	217418
CFrame array	blink	encode	2	4	224005
CFrame array	blink	encode	2	5	225664
CFrame array	blink	encode	2	6	228890
CFrame array	blink	encode	2	7	224683
CFrame array	blink	encode	2	8	225812
CFrame array	blink	encode	2	9	210608
CFrame array	blink	decode	1	1	105965
CFrame array	blink	decode	1	2	105467
CFrame array	blink	decode	1	3	101857
CFrame array	blink	decode	1	4	105255
CFrame array	blink	decode	1	5	102974
CFrame array	blink	decode	1	6	102384
CFrame array	blink	decode	1	7	103514
CFrame array	blink	decode	1	8	102229
CFrame array	blink	decode	1	9	103989
CFrame array	blink	decode	2	1	107224
CFrame array	blink	decode	2	2	105964
CFrame array	blink	decode	2	3	106158
CFrame array	blink	decode	2	4	99694
CFrame array	blink	decode	2	5	104473
CFrame array	blink	decode	2	6	105918
CFrame array	blink	decode	2	7	100366
CFrame array	blink	decode	2	8	105513
CFrame array	blink	decode	2	9	105003
CFrame array	baseline	encode	1	1	274715
CFrame array	baseline	encode	1	2	273245
CFrame array	baseline	encode	1	3	273167
CFrame array	baseline	encode	1	4	270612
CFrame array	baseline	encode	1	5	271793
CFrame array	baseline	encode	1	6	273506
CFrame array	baseline	encode	1	7	274756
CFrame array	baseline	encode	1	8	277370
CFrame array	baseline	encode	1	9	276109
CFrame array	baseline	encode	2	1	265346
CFrame array	baseline	encode	2	2	272894
CFrame array	baseline	encode	2	3	273754
CFrame array	baseline	encode	2	4	272448
CFrame array	baseline	encode	2	5	273175
CFrame array	baseline	encode	2	6	279126
CFrame array	baseline	encode	2	7	274036
CFrame array	baseline	encode	2	8	270173
CFrame array	baseline	encode	2	9	254664
CFrame array	baseline	decode	1	1	141273
CFrame array	baseline	decode	1	2	136028
CFrame array	baseline	decode	1	3	138097
CFrame array	baseline	decode	1	4	137459
CFrame array	baseline	decode	1	5	139916
CFrame array	baseline	decode	1	6	135655
CFrame array	baseline	decode	1	7	136872
CFrame array	baseline	decode	1	8	138248
CFrame array	baseline	decode	1	9	138635
CFrame array	baseline	decode	2	1	138768
CFrame array	baseline	decode	2	2	139087
CFrame array	baseline	decode	2	3	137875
CFrame array	baseline	decode	2	4	135549
CFrame array	baseline	decode	2	5	138957
CFrame array	baseline	decode	2	6	138879
CFrame array	baseline	decode	2	7	138545
CFrame array	baseline	decode	2	8	139942
CFrame array	baseline	decode	2	9	139066
CFrame array (packed, axis-aligned)	surge	encode	1	1	186315
CFrame array (packed, axis-aligned)	surge	encode	1	2	188121
CFrame array (packed, axis-aligned)	surge	encode	1	3	188318
CFrame array (packed, axis-aligned)	surge	encode	1	4	185385
CFrame array (packed, axis-aligned)	surge	encode	1	5	187939
CFrame array (packed, axis-aligned)	surge	encode	1	6	185609
CFrame array (packed, axis-aligned)	surge	encode	1	7	188706
CFrame array (packed, axis-aligned)	surge	encode	1	8	184761
CFrame array (packed, axis-aligned)	surge	encode	1	9	186804
CFrame array (packed, axis-aligned)	surge	encode	2	1	177185
CFrame array (packed, axis-aligned)	surge	encode	2	2	181898
CFrame array (packed, axis-aligned)	surge	encode	2	3	180617
CFrame array (packed, axis-aligned)	surge	encode	2	4	179363
CFrame array (packed, axis-aligned)	surge	encode	2	5	181155
CFrame array (packed, axis-aligned)	surge	encode	2	6	179619
CFrame array (packed, axis-aligned)	surge	encode	2	7	180465
CFrame array (packed, axis-aligned)	surge	encode	2	8	180534
CFrame array (packed, axis-aligned)	surge	encode	2	9	179764
CFrame array (packed, axis-aligned)	surge	decode	1	1	271450
CFrame array (packed, axis-aligned)	surge	decode	1	2	267081
CFrame array (packed, axis-aligned)	surge	decode	1	3	269153
CFrame array (packed, axis-aligned)	surge	decode	1	4	265948
CFrame array (packed, axis-aligned)	surge	decode	1	5	268250
CFrame array (packed, axis-aligned)	surge	decode	1	6	273223
CFrame array (packed, axis-aligned)	surge	decode	1	7	261125
CFrame array (packed, axis-aligned)	surge	decode	1	8	272676
CFrame array (packed, axis-aligned)	surge	decode	1	9	265742
CFrame array (packed, axis-aligned)	surge	decode	2	1	273599
CFrame array (packed, axis-aligned)	surge	decode	2	2	272405
CFrame array (packed, axis-aligned)	surge	decode	2	3	274289
CFrame array (packed, axis-aligned)	surge	decode	2	4	269065
CFrame array (packed, axis-aligned)	surge	decode	2	5	270051
CFrame array (packed, axis-aligned)	surge	decode	2	6	272370
CFrame array (packed, axis-aligned)	surge	decode	2	7	270601
CFrame array (packed, axis-aligned)	surge	decode	2	8	266038
CFrame array (packed, axis-aligned)	surge	decode	2	9	270892
CFrame array (packed, axis-aligned)	fbs	encode	1	1	32388
CFrame array (packed, axis-aligned)	fbs	encode	1	2	31891
CFrame array (packed, axis-aligned)	fbs	encode	1	3	31993
CFrame array (packed, axis-aligned)	fbs	encode	1	4	32537
CFrame array (packed, axis-aligned)	fbs	encode	1	5	31773
CFrame array (packed, axis-aligned)	fbs	encode	1	6	32267
CFrame array (packed, axis-aligned)	fbs	encode	1	7	32236
CFrame array (packed, axis-aligned)	fbs	encode	1	8	32596
CFrame array (packed, axis-aligned)	fbs	encode	1	9	32401
CFrame array (packed, axis-aligned)	fbs	encode	2	1	30946
CFrame array (packed, axis-aligned)	fbs	encode	2	2	30928
CFrame array (packed, axis-aligned)	fbs	encode	2	3	31837
CFrame array (packed, axis-aligned)	fbs	encode	2	4	31969
CFrame array (packed, axis-aligned)	fbs	encode	2	5	31156
CFrame array (packed, axis-aligned)	fbs	encode	2	6	31772
CFrame array (packed, axis-aligned)	fbs	encode	2	7	31417
CFrame array (packed, axis-aligned)	fbs	encode	2	8	31325
CFrame array (packed, axis-aligned)	fbs	encode	2	9	32064
CFrame array (packed, axis-aligned)	fbs	decode	1	1	107405
CFrame array (packed, axis-aligned)	fbs	decode	1	2	110291
CFrame array (packed, axis-aligned)	fbs	decode	1	3	109968
CFrame array (packed, axis-aligned)	fbs	decode	1	4	109240
CFrame array (packed, axis-aligned)	fbs	decode	1	5	107406
CFrame array (packed, axis-aligned)	fbs	decode	1	6	109973
CFrame array (packed, axis-aligned)	fbs	decode	1	7	109376
CFrame array (packed, axis-aligned)	fbs	decode	1	8	111673
CFrame array (packed, axis-aligned)	fbs	decode	1	9	109706
CFrame array (packed, axis-aligned)	fbs	decode	2	1	108514
CFrame array (packed, axis-aligned)	fbs	decode	2	2	109606
CFrame array (packed, axis-aligned)	fbs	decode	2	3	109614
CFrame array (packed, axis-aligned)	fbs	decode	2	4	108464
CFrame array (packed, axis-aligned)	fbs	decode	2	5	109549
CFrame array (packed, axis-aligned)	fbs	decode	2	6	109433
CFrame array (packed, axis-aligned)	fbs	decode	2	7	109191
CFrame array (packed, axis-aligned)	fbs	decode	2	8	110123
CFrame array (packed, axis-aligned)	fbs	decode	2	9	109492
CFrame array (packed, axis-aligned)	serio	encode	1	1	5444
CFrame array (packed, axis-aligned)	serio	encode	1	2	5503
CFrame array (packed, axis-aligned)	serio	encode	1	3	5471
CFrame array (packed, axis-aligned)	serio	encode	1	4	5466
CFrame array (packed, axis-aligned)	serio	encode	1	5	5428
CFrame array (packed, axis-aligned)	serio	encode	1	6	5434
CFrame array (packed, axis-aligned)	serio	encode	1	7	5489
CFrame array (packed, axis-aligned)	serio	encode	1	8	5440
CFrame array (packed, axis-aligned)	serio	encode	1	9	5516
CFrame array (packed, axis-aligned)	serio	encode	2	1	5332
CFrame array (packed, axis-aligned)	serio	encode	2	2	5490
CFrame array (packed, axis-aligned)	serio	encode	2	3	5315
CFrame array (packed, axis-aligned)	serio	encode	2	4	5384
CFrame array (packed, axis-aligned)	serio	encode	2	5	5386
CFrame array (packed, axis-aligned)	serio	encode	2	6	5375
CFrame array (packed, axis-aligned)	serio	encode	2	7	5384
CFrame array (packed, axis-aligned)	serio	encode	2	8	5344
CFrame array (packed, axis-aligned)	serio	encode	2	9	5393
CFrame array (packed, axis-aligned)	serio	decode	1	1	27421
CFrame array (packed, axis-aligned)	serio	decode	1	2	27338
CFrame array (packed, axis-aligned)	serio	decode	1	3	27541
CFrame array (packed, axis-aligned)	serio	decode	1	4	27764
CFrame array (packed, axis-aligned)	serio	decode	1	5	27827
CFrame array (packed, axis-aligned)	serio	decode	1	6	28229
CFrame array (packed, axis-aligned)	serio	decode	1	7	27726
CFrame array (packed, axis-aligned)	serio	decode	1	8	27572
CFrame array (packed, axis-aligned)	serio	decode	1	9	27937
CFrame array (packed, axis-aligned)	serio	decode	2	1	27577
CFrame array (packed, axis-aligned)	serio	decode	2	2	27220
CFrame array (packed, axis-aligned)	serio	decode	2	3	27745
CFrame array (packed, axis-aligned)	serio	decode	2	4	27431
CFrame array (packed, axis-aligned)	serio	decode	2	5	27283
CFrame array (packed, axis-aligned)	serio	decode	2	6	27863
CFrame array (packed, axis-aligned)	serio	decode	2	7	27909
CFrame array (packed, axis-aligned)	serio	decode	2	8	27947
CFrame array (packed, axis-aligned)	serio	decode	2	9	28026
CFrame array (packed, arbitrary)	surge	encode	1	1	143063
CFrame array (packed, arbitrary)	surge	encode	1	2	141907
CFrame array (packed, arbitrary)	surge	encode	1	3	142311
CFrame array (packed, arbitrary)	surge	encode	1	4	142632
CFrame array (packed, arbitrary)	surge	encode	1	5	141109
CFrame array (packed, arbitrary)	surge	encode	1	6	142196
CFrame array (packed, arbitrary)	surge	encode	1	7	143162
CFrame array (packed, arbitrary)	surge	encode	1	8	142461
CFrame array (packed, arbitrary)	surge	encode	1	9	143386
CFrame array (packed, arbitrary)	surge	encode	2	1	138769
CFrame array (packed, arbitrary)	surge	encode	2	2	134731
CFrame array (packed, arbitrary)	surge	encode	2	3	133731
CFrame array (packed, arbitrary)	surge	encode	2	4	138630
CFrame array (packed, arbitrary)	surge	encode	2	5	138752
CFrame array (packed, arbitrary)	surge	encode	2	6	136072
CFrame array (packed, arbitrary)	surge	encode	2	7	138913
CFrame array (packed, arbitrary)	surge	encode	2	8	135341
CFrame array (packed, arbitrary)	surge	encode	2	9	137314
CFrame array (packed, arbitrary)	surge	decode	1	1	114996
CFrame array (packed, arbitrary)	surge	decode	1	2	118385
CFrame array (packed, arbitrary)	surge	decode	1	3	119318
CFrame array (packed, arbitrary)	surge	decode	1	4	118859
CFrame array (packed, arbitrary)	surge	decode	1	5	117310
CFrame array (packed, arbitrary)	surge	decode	1	6	115624
CFrame array (packed, arbitrary)	surge	decode	1	7	116865
CFrame array (packed, arbitrary)	surge	decode	1	8	118552
CFrame array (packed, arbitrary)	surge	decode	1	9	118130
CFrame array (packed, arbitrary)	surge	decode	2	1	116969
CFrame array (packed, arbitrary)	surge	decode	2	2	116280
CFrame array (packed, arbitrary)	surge	decode	2	3	118924
CFrame array (packed, arbitrary)	surge	decode	2	4	117276
CFrame array (packed, arbitrary)	surge	decode	2	5	117877
CFrame array (packed, arbitrary)	surge	decode	2	6	117414
CFrame array (packed, arbitrary)	surge	decode	2	7	119733
CFrame array (packed, arbitrary)	surge	decode	2	8	117123
CFrame array (packed, arbitrary)	surge	decode	2	9	116134
CFrame array (packed, arbitrary)	fbs	encode	1	1	31448
CFrame array (packed, arbitrary)	fbs	encode	1	2	30997
CFrame array (packed, arbitrary)	fbs	encode	1	3	30686
CFrame array (packed, arbitrary)	fbs	encode	1	4	30991
CFrame array (packed, arbitrary)	fbs	encode	1	5	30896
CFrame array (packed, arbitrary)	fbs	encode	1	6	31095
CFrame array (packed, arbitrary)	fbs	encode	1	7	31508
CFrame array (packed, arbitrary)	fbs	encode	1	8	31285
CFrame array (packed, arbitrary)	fbs	encode	1	9	30866
CFrame array (packed, arbitrary)	fbs	encode	2	1	30798
CFrame array (packed, arbitrary)	fbs	encode	2	2	30779
CFrame array (packed, arbitrary)	fbs	encode	2	3	30511
CFrame array (packed, arbitrary)	fbs	encode	2	4	30496
CFrame array (packed, arbitrary)	fbs	encode	2	5	30202
CFrame array (packed, arbitrary)	fbs	encode	2	6	30480
CFrame array (packed, arbitrary)	fbs	encode	2	7	30162
CFrame array (packed, arbitrary)	fbs	encode	2	8	29034
CFrame array (packed, arbitrary)	fbs	encode	2	9	30514
CFrame array (packed, arbitrary)	fbs	decode	1	1	107900
CFrame array (packed, arbitrary)	fbs	decode	1	2	109205
CFrame array (packed, arbitrary)	fbs	decode	1	3	108480
CFrame array (packed, arbitrary)	fbs	decode	1	4	106823
CFrame array (packed, arbitrary)	fbs	decode	1	5	106885
CFrame array (packed, arbitrary)	fbs	decode	1	6	103028
CFrame array (packed, arbitrary)	fbs	decode	1	7	109605
CFrame array (packed, arbitrary)	fbs	decode	1	8	108460
CFrame array (packed, arbitrary)	fbs	decode	1	9	108479
CFrame array (packed, arbitrary)	fbs	decode	2	1	107226
CFrame array (packed, arbitrary)	fbs	decode	2	2	108922
CFrame array (packed, arbitrary)	fbs	decode	2	3	109333
CFrame array (packed, arbitrary)	fbs	decode	2	4	106951
CFrame array (packed, arbitrary)	fbs	decode	2	5	107457
CFrame array (packed, arbitrary)	fbs	decode	2	6	107495
CFrame array (packed, arbitrary)	fbs	decode	2	7	106187
CFrame array (packed, arbitrary)	fbs	decode	2	8	107028
CFrame array (packed, arbitrary)	fbs	decode	2	9	108398
CFrame array (packed, arbitrary)	serio	encode	1	1	5399
CFrame array (packed, arbitrary)	serio	encode	1	2	5296
CFrame array (packed, arbitrary)	serio	encode	1	3	5398
CFrame array (packed, arbitrary)	serio	encode	1	4	5415
CFrame array (packed, arbitrary)	serio	encode	1	5	5420
CFrame array (packed, arbitrary)	serio	encode	1	6	5358
CFrame array (packed, arbitrary)	serio	encode	1	7	5297
CFrame array (packed, arbitrary)	serio	encode	1	8	5419
CFrame array (packed, arbitrary)	serio	encode	1	9	5446
CFrame array (packed, arbitrary)	serio	encode	2	1	5350
CFrame array (packed, arbitrary)	serio	encode	2	2	5318
CFrame array (packed, arbitrary)	serio	encode	2	3	5322
CFrame array (packed, arbitrary)	serio	encode	2	4	5373
CFrame array (packed, arbitrary)	serio	encode	2	5	5371
CFrame array (packed, arbitrary)	serio	encode	2	6	5284
CFrame array (packed, arbitrary)	serio	encode	2	7	5386
CFrame array (packed, arbitrary)	serio	encode	2	8	5339
CFrame array (packed, arbitrary)	serio	encode	2	9	5294
CFrame array (packed, arbitrary)	serio	decode	1	1	27951
CFrame array (packed, arbitrary)	serio	decode	1	2	28089
CFrame array (packed, arbitrary)	serio	decode	1	3	27882
CFrame array (packed, arbitrary)	serio	decode	1	4	27739
CFrame array (packed, arbitrary)	serio	decode	1	5	27057
CFrame array (packed, arbitrary)	serio	decode	1	6	28234
CFrame array (packed, arbitrary)	serio	decode	1	7	28171
CFrame array (packed, arbitrary)	serio	decode	1	8	28308
CFrame array (packed, arbitrary)	serio	decode	1	9	27497
CFrame array (packed, arbitrary)	serio	decode	2	1	27852
CFrame array (packed, arbitrary)	serio	decode	2	2	27970
CFrame array (packed, arbitrary)	serio	decode	2	3	28047
CFrame array (packed, arbitrary)	serio	decode	2	4	28241
CFrame array (packed, arbitrary)	serio	decode	2	5	28021
CFrame array (packed, arbitrary)	serio	decode	2	6	26979
CFrame array (packed, arbitrary)	serio	decode	2	7	27942
CFrame array (packed, arbitrary)	serio	decode	2	8	27974
CFrame array (packed, arbitrary)	serio	decode	2	9	27884
Blink: Booleans	surge	encode	1	1	205168
Blink: Booleans	surge	encode	1	2	204325
Blink: Booleans	surge	encode	1	3	208374
Blink: Booleans	surge	encode	1	4	204844
Blink: Booleans	surge	encode	1	5	207700
Blink: Booleans	surge	encode	1	6	210410
Blink: Booleans	surge	encode	1	7	208688
Blink: Booleans	surge	encode	1	8	205079
Blink: Booleans	surge	encode	1	9	206183
Blink: Booleans	surge	encode	2	1	177746
Blink: Booleans	surge	encode	2	2	174842
Blink: Booleans	surge	encode	2	3	175247
Blink: Booleans	surge	encode	2	4	177465
Blink: Booleans	surge	encode	2	5	176244
Blink: Booleans	surge	encode	2	6	174285
Blink: Booleans	surge	encode	2	7	180397
Blink: Booleans	surge	encode	2	8	181819
Blink: Booleans	surge	encode	2	9	179807
Blink: Booleans	surge	decode	1	1	109244
Blink: Booleans	surge	decode	1	2	104873
Blink: Booleans	surge	decode	1	3	109774
Blink: Booleans	surge	decode	1	4	106238
Blink: Booleans	surge	decode	1	5	86593
Blink: Booleans	surge	decode	1	6	83132
Blink: Booleans	surge	decode	1	7	85666
Blink: Booleans	surge	decode	1	8	83336
Blink: Booleans	surge	decode	1	9	83589
Blink: Booleans	surge	decode	2	1	106424
Blink: Booleans	surge	decode	2	2	109858
Blink: Booleans	surge	decode	2	3	108898
Blink: Booleans	surge	decode	2	4	109523
Blink: Booleans	surge	decode	2	5	103683
Blink: Booleans	surge	decode	2	6	97031
Blink: Booleans	surge	decode	2	7	109893
Blink: Booleans	surge	decode	2	8	106367
Blink: Booleans	surge	decode	2	9	102481
Blink: Booleans	fbs	encode	1	1	52621
Blink: Booleans	fbs	encode	1	2	52368
Blink: Booleans	fbs	encode	1	3	52067
Blink: Booleans	fbs	encode	1	4	52255
Blink: Booleans	fbs	encode	1	5	51908
Blink: Booleans	fbs	encode	1	6	51710
Blink: Booleans	fbs	encode	1	7	52777
Blink: Booleans	fbs	encode	1	8	52349
Blink: Booleans	fbs	encode	1	9	51670
Blink: Booleans	fbs	encode	2	1	49071
Blink: Booleans	fbs	encode	2	2	49160
Blink: Booleans	fbs	encode	2	3	48906
Blink: Booleans	fbs	encode	2	4	49361
Blink: Booleans	fbs	encode	2	5	49092
Blink: Booleans	fbs	encode	2	6	49565
Blink: Booleans	fbs	encode	2	7	49390
Blink: Booleans	fbs	encode	2	8	49976
Blink: Booleans	fbs	encode	2	9	49113
Blink: Booleans	fbs	decode	1	1	39170
Blink: Booleans	fbs	decode	1	2	40491
Blink: Booleans	fbs	decode	1	3	38724
Blink: Booleans	fbs	decode	1	4	37890
Blink: Booleans	fbs	decode	1	5	36208
Blink: Booleans	fbs	decode	1	6	37493
Blink: Booleans	fbs	decode	1	7	35884
Blink: Booleans	fbs	decode	1	8	34367
Blink: Booleans	fbs	decode	1	9	36136
Blink: Booleans	fbs	decode	2	1	39013
Blink: Booleans	fbs	decode	2	2	38627
Blink: Booleans	fbs	decode	2	3	39331
Blink: Booleans	fbs	decode	2	4	39542
Blink: Booleans	fbs	decode	2	5	37926
Blink: Booleans	fbs	decode	2	6	38104
Blink: Booleans	fbs	decode	2	7	39764
Blink: Booleans	fbs	decode	2	8	39626
Blink: Booleans	fbs	decode	2	9	39431
Blink: Booleans	serio	encode	1	1	10243
Blink: Booleans	serio	encode	1	2	10298
Blink: Booleans	serio	encode	1	3	10244
Blink: Booleans	serio	encode	1	4	10271
Blink: Booleans	serio	encode	1	5	10263
Blink: Booleans	serio	encode	1	6	10304
Blink: Booleans	serio	encode	1	7	10304
Blink: Booleans	serio	encode	1	8	10273
Blink: Booleans	serio	encode	1	9	10272
Blink: Booleans	serio	encode	2	1	10154
Blink: Booleans	serio	encode	2	2	10240
Blink: Booleans	serio	encode	2	3	10317
Blink: Booleans	serio	encode	2	4	10214
Blink: Booleans	serio	encode	2	5	10321
Blink: Booleans	serio	encode	2	6	10265
Blink: Booleans	serio	encode	2	7	10271
Blink: Booleans	serio	encode	2	8	10254
Blink: Booleans	serio	encode	2	9	10240
Blink: Booleans	serio	decode	1	1	11748
Blink: Booleans	serio	decode	1	2	11840
Blink: Booleans	serio	decode	1	3	11700
Blink: Booleans	serio	decode	1	4	11879
Blink: Booleans	serio	decode	1	5	11243
Blink: Booleans	serio	decode	1	6	11510
Blink: Booleans	serio	decode	1	7	11221
Blink: Booleans	serio	decode	1	8	10990
Blink: Booleans	serio	decode	1	9	11242
Blink: Booleans	serio	decode	2	1	12167
Blink: Booleans	serio	decode	2	2	12238
Blink: Booleans	serio	decode	2	3	12116
Blink: Booleans	serio	decode	2	4	12127
Blink: Booleans	serio	decode	2	5	12057
Blink: Booleans	serio	decode	2	6	12071
Blink: Booleans	serio	decode	2	7	12024
Blink: Booleans	serio	decode	2	8	11974
Blink: Booleans	serio	decode	2	9	12093
Blink: Booleans	blink	encode	1	1	108203
Blink: Booleans	blink	encode	1	2	108304
Blink: Booleans	blink	encode	1	3	109602
Blink: Booleans	blink	encode	1	4	109120
Blink: Booleans	blink	encode	1	5	108380
Blink: Booleans	blink	encode	1	6	109549
Blink: Booleans	blink	encode	1	7	108856
Blink: Booleans	blink	encode	1	8	109207
Blink: Booleans	blink	encode	1	9	109612
Blink: Booleans	blink	encode	2	1	92605
Blink: Booleans	blink	encode	2	2	91669
Blink: Booleans	blink	encode	2	3	91547
Blink: Booleans	blink	encode	2	4	93412
Blink: Booleans	blink	encode	2	5	91433
Blink: Booleans	blink	encode	2	6	91570
Blink: Booleans	blink	encode	2	7	93573
Blink: Booleans	blink	encode	2	8	92435
Blink: Booleans	blink	encode	2	9	93603
Blink: Booleans	blink	decode	1	1	69879
Blink: Booleans	blink	decode	1	2	73988
Blink: Booleans	blink	decode	1	3	72280
Blink: Booleans	blink	decode	1	4	70084
Blink: Booleans	blink	decode	1	5	63098
Blink: Booleans	blink	decode	1	6	64009
Blink: Booleans	blink	decode	1	7	54351
Blink: Booleans	blink	decode	1	8	57296
Blink: Booleans	blink	decode	1	9	61067
Blink: Booleans	blink	decode	2	1	71690
Blink: Booleans	blink	decode	2	2	71981
Blink: Booleans	blink	decode	2	3	71008
Blink: Booleans	blink	decode	2	4	72329
Blink: Booleans	blink	decode	2	5	67048
Blink: Booleans	blink	decode	2	6	70175
Blink: Booleans	blink	decode	2	7	71159
Blink: Booleans	blink	decode	2	8	70160
Blink: Booleans	blink	decode	2	9	70742
Blink: Entities	surge	encode	1	1	534978
Blink: Entities	surge	encode	1	2	541989
Blink: Entities	surge	encode	1	3	543120
Blink: Entities	surge	encode	1	4	539538
Blink: Entities	surge	encode	1	5	533831
Blink: Entities	surge	encode	1	6	541364
Blink: Entities	surge	encode	1	7	543719
Blink: Entities	surge	encode	1	8	543054
Blink: Entities	surge	encode	1	9	539896
Blink: Entities	surge	encode	2	1	534933
Blink: Entities	surge	encode	2	2	531676
Blink: Entities	surge	encode	2	3	530043
Blink: Entities	surge	encode	2	4	523892
Blink: Entities	surge	encode	2	5	538098
Blink: Entities	surge	encode	2	6	535705
Blink: Entities	surge	encode	2	7	537582
Blink: Entities	surge	encode	2	8	530006
Blink: Entities	surge	encode	2	9	531201
Blink: Entities	surge	decode	1	1	63330
Blink: Entities	surge	decode	1	2	65903
Blink: Entities	surge	decode	1	3	59770
Blink: Entities	surge	decode	1	4	54211
Blink: Entities	surge	decode	1	5	48692
Blink: Entities	surge	decode	1	6	62352
Blink: Entities	surge	decode	1	7	56460
Blink: Entities	surge	decode	1	8	62200
Blink: Entities	surge	decode	1	9	62283
Blink: Entities	surge	decode	2	1	62092
Blink: Entities	surge	decode	2	2	59778
Blink: Entities	surge	decode	2	3	63542
Blink: Entities	surge	decode	2	4	63811
Blink: Entities	surge	decode	2	5	60427
Blink: Entities	surge	decode	2	6	60728
Blink: Entities	surge	decode	2	7	63086
Blink: Entities	surge	decode	2	8	62497
Blink: Entities	surge	decode	2	9	62603
Blink: Entities	fbs	encode	1	1	79775
Blink: Entities	fbs	encode	1	2	80146
Blink: Entities	fbs	encode	1	3	79049
Blink: Entities	fbs	encode	1	4	78116
Blink: Entities	fbs	encode	1	5	80595
Blink: Entities	fbs	encode	1	6	80161
Blink: Entities	fbs	encode	1	7	81209
Blink: Entities	fbs	encode	1	8	79815
Blink: Entities	fbs	encode	1	9	79882
Blink: Entities	fbs	encode	2	1	79432
Blink: Entities	fbs	encode	2	2	73413
Blink: Entities	fbs	encode	2	3	79496
Blink: Entities	fbs	encode	2	4	79684
Blink: Entities	fbs	encode	2	5	78907
Blink: Entities	fbs	encode	2	6	80131
Blink: Entities	fbs	encode	2	7	79798
Blink: Entities	fbs	encode	2	8	80053
Blink: Entities	fbs	encode	2	9	80048
Blink: Entities	fbs	decode	1	1	33650
Blink: Entities	fbs	decode	1	2	36151
Blink: Entities	fbs	decode	1	3	36773
Blink: Entities	fbs	decode	1	4	32959
Blink: Entities	fbs	decode	1	5	32781
Blink: Entities	fbs	decode	1	6	36192
Blink: Entities	fbs	decode	1	7	29046
Blink: Entities	fbs	decode	1	8	36345
Blink: Entities	fbs	decode	1	9	34381
Blink: Entities	fbs	decode	2	1	34717
Blink: Entities	fbs	decode	2	2	34911
Blink: Entities	fbs	decode	2	3	35105
Blink: Entities	fbs	decode	2	4	35710
Blink: Entities	fbs	decode	2	5	34892
Blink: Entities	fbs	decode	2	6	35619
Blink: Entities	fbs	decode	2	7	34671
Blink: Entities	fbs	decode	2	8	34970
Blink: Entities	fbs	decode	2	9	35412
Blink: Entities	serio	encode	1	1	11073
Blink: Entities	serio	encode	1	2	10910
Blink: Entities	serio	encode	1	3	11115
Blink: Entities	serio	encode	1	4	11145
Blink: Entities	serio	encode	1	5	11019
Blink: Entities	serio	encode	1	6	11028
Blink: Entities	serio	encode	1	7	10973
Blink: Entities	serio	encode	1	8	10971
Blink: Entities	serio	encode	1	9	11006
Blink: Entities	serio	encode	2	1	11021
Blink: Entities	serio	encode	2	2	11040
Blink: Entities	serio	encode	2	3	10969
Blink: Entities	serio	encode	2	4	11061
Blink: Entities	serio	encode	2	5	11062
Blink: Entities	serio	encode	2	6	10984
Blink: Entities	serio	encode	2	7	11001
Blink: Entities	serio	encode	2	8	11010
Blink: Entities	serio	encode	2	9	10955
Blink: Entities	serio	decode	1	1	21759
Blink: Entities	serio	decode	1	2	21728
Blink: Entities	serio	decode	1	3	22160
Blink: Entities	serio	decode	1	4	21025
Blink: Entities	serio	decode	1	5	20783
Blink: Entities	serio	decode	1	6	22391
Blink: Entities	serio	decode	1	7	21207
Blink: Entities	serio	decode	1	8	22359
Blink: Entities	serio	decode	1	9	21876
Blink: Entities	serio	decode	2	1	22128
Blink: Entities	serio	decode	2	2	21936
Blink: Entities	serio	decode	2	3	21927
Blink: Entities	serio	decode	2	4	22172
Blink: Entities	serio	decode	2	5	22094
Blink: Entities	serio	decode	2	6	21807
Blink: Entities	serio	decode	2	7	22150
Blink: Entities	serio	decode	2	8	22127
Blink: Entities	serio	decode	2	9	21879
Blink: Entities	blink	encode	1	1	307850
Blink: Entities	blink	encode	1	2	305051
Blink: Entities	blink	encode	1	3	303704
Blink: Entities	blink	encode	1	4	307464
Blink: Entities	blink	encode	1	5	304635
Blink: Entities	blink	encode	1	6	305252
Blink: Entities	blink	encode	1	7	301902
Blink: Entities	blink	encode	1	8	303915
Blink: Entities	blink	encode	1	9	307514
Blink: Entities	blink	encode	2	1	298418
Blink: Entities	blink	encode	2	2	297895
Blink: Entities	blink	encode	2	3	301335
Blink: Entities	blink	encode	2	4	300791
Blink: Entities	blink	encode	2	5	297405
Blink: Entities	blink	encode	2	6	297683
Blink: Entities	blink	encode	2	7	301068
Blink: Entities	blink	encode	2	8	300597
Blink: Entities	blink	encode	2	9	298378
Blink: Entities	blink	decode	1	1	37096
Blink: Entities	blink	decode	1	2	36186
Blink: Entities	blink	decode	1	3	35469
Blink: Entities	blink	decode	1	4	34288
Blink: Entities	blink	decode	1	5	37794
Blink: Entities	blink	decode	1	6	36209
Blink: Entities	blink	decode	1	7	37146
Blink: Entities	blink	decode	1	8	36700
Blink: Entities	blink	decode	1	9	37628
Blink: Entities	blink	decode	2	1	37203
Blink: Entities	blink	decode	2	2	36406
Blink: Entities	blink	decode	2	3	35515
Blink: Entities	blink	decode	2	4	35994
Blink: Entities	blink	decode	2	5	36061
Blink: Entities	blink	decode	2	6	36122
Blink: Entities	blink	decode	2	7	36377
Blink: Entities	blink	decode	2	8	36514
Blink: Entities	blink	decode	2	9	37247
