# Trials behind speed.md. Written by `mise run bench:speed`; do not edit by hand.
# Date: 2026-10-09
# Roblox: 0.742.0.7421053
# Machine: 12th Gen Intel(R) Core(TM) i9-12900KF, 16 threads, win32 10.0.26200
# Runs: 2, back to back
# Commit: a89553b
# roblox-ts: 3.0.0
# @rbxts/flamework-binary-serializer: 0.7.0
# @rbxts/serio: 1.2.7
# @flamework-experimental/core: 2.0.0-alpha.8
# Blink: 0.18.8
# Method: 9 trials per cell, each at least 0.2 seconds of calls after 0.1 seconds of warm-up calls, timed in chunks of 250 calls so that the yields between chunks are not in the time; within a row the libraries take turns, one trial each, and 3 idle frames separate one row from the next; before any trial, every cell decodes its buffer once, and a run in which a cell round-trips worse than the size table records is not recorded
fixture	library	half	run	trial	rate
small flat struct	surge	encode	1	1	5526101
small flat struct	surge	encode	1	2	5528430
small flat struct	surge	encode	1	3	5967422
small flat struct	surge	encode	1	4	5992405
small flat struct	surge	encode	1	5	5921123
small flat struct	surge	encode	1	6	6074857
small flat struct	surge	encode	1	7	6022299
small flat struct	surge	encode	1	8	6013848
small flat struct	surge	encode	1	9	6069065
small flat struct	surge	encode	2	1	6033869
small flat struct	surge	encode	2	2	5591773
small flat struct	surge	encode	2	3	5591781
small flat struct	surge	encode	2	4	6066893
small flat struct	surge	encode	2	5	6029286
small flat struct	surge	encode	2	6	6029129
small flat struct	surge	encode	2	7	6033065
small flat struct	surge	encode	2	8	5957032
small flat struct	surge	encode	2	9	5644529
small flat struct	surge	decode	1	1	6005595
small flat struct	surge	decode	1	2	5822588
small flat struct	surge	decode	1	3	5899283
small flat struct	surge	decode	1	4	5590101
small flat struct	surge	decode	1	5	5755185
small flat struct	surge	decode	1	6	5824741
small flat struct	surge	decode	1	7	5925447
small flat struct	surge	decode	1	8	5836540
small flat struct	surge	decode	1	9	5955306
small flat struct	surge	decode	2	1	5959933
small flat struct	surge	decode	2	2	6089808
small flat struct	surge	decode	2	3	5843043
small flat struct	surge	decode	2	4	5775511
small flat struct	surge	decode	2	5	5771227
small flat struct	surge	decode	2	6	5281932
small flat struct	surge	decode	2	7	5863862
small flat struct	surge	decode	2	8	5839778
small flat struct	surge	decode	2	9	5867347
small flat struct	fbs	encode	1	1	2436117
small flat struct	fbs	encode	1	2	2246892
small flat struct	fbs	encode	1	3	2469930
small flat struct	fbs	encode	1	4	2510993
small flat struct	fbs	encode	1	5	2502379
small flat struct	fbs	encode	1	6	2514077
small flat struct	fbs	encode	1	7	2472062
small flat struct	fbs	encode	1	8	2518758
small flat struct	fbs	encode	1	9	2497184
small flat struct	fbs	encode	2	1	2519514
small flat struct	fbs	encode	2	2	2318299
small flat struct	fbs	encode	2	3	2225302
small flat struct	fbs	encode	2	4	2543080
small flat struct	fbs	encode	2	5	2519916
small flat struct	fbs	encode	2	6	2469969
small flat struct	fbs	encode	2	7	2431789
small flat struct	fbs	encode	2	8	2451491
small flat struct	fbs	encode	2	9	2413557
small flat struct	fbs	decode	1	1	3497082
small flat struct	fbs	decode	1	2	3488525
small flat struct	fbs	decode	1	3	3453109
small flat struct	fbs	decode	1	4	3415717
small flat struct	fbs	decode	1	5	3511162
small flat struct	fbs	decode	1	6	3526974
small flat struct	fbs	decode	1	7	3485413
small flat struct	fbs	decode	1	8	3528747
small flat struct	fbs	decode	1	9	3519395
small flat struct	fbs	decode	2	1	3481118
small flat struct	fbs	decode	2	2	3423844
small flat struct	fbs	decode	2	3	3364435
small flat struct	fbs	decode	2	4	3501933
small flat struct	fbs	decode	2	5	3496996
small flat struct	fbs	decode	2	6	3273554
small flat struct	fbs	decode	2	7	3470094
small flat struct	fbs	decode	2	8	3401201
small flat struct	fbs	decode	2	9	3473354
small flat struct	serio	encode	1	1	806089
small flat struct	serio	encode	1	2	803559
small flat struct	serio	encode	1	3	846647
small flat struct	serio	encode	1	4	833148
small flat struct	serio	encode	1	5	839708
small flat struct	serio	encode	1	6	847685
small flat struct	serio	encode	1	7	851237
small flat struct	serio	encode	1	8	832532
small flat struct	serio	encode	1	9	825675
small flat struct	serio	encode	2	1	838333
small flat struct	serio	encode	2	2	840556
small flat struct	serio	encode	2	3	780838
small flat struct	serio	encode	2	4	844374
small flat struct	serio	encode	2	5	839148
small flat struct	serio	encode	2	6	839027
small flat struct	serio	encode	2	7	832054
small flat struct	serio	encode	2	8	848999
small flat struct	serio	encode	2	9	819679
small flat struct	serio	decode	1	1	1668245
small flat struct	serio	decode	1	2	1661302
small flat struct	serio	decode	1	3	1659959
small flat struct	serio	decode	1	4	1651101
small flat struct	serio	decode	1	5	1697384
small flat struct	serio	decode	1	6	1658565
small flat struct	serio	decode	1	7	1675542
small flat struct	serio	decode	1	8	1658572
small flat struct	serio	decode	1	9	1656563
small flat struct	serio	decode	2	1	1637822
small flat struct	serio	decode	2	2	1633001
small flat struct	serio	decode	2	3	1651931
small flat struct	serio	decode	2	4	1666221
small flat struct	serio	decode	2	5	1666883
small flat struct	serio	decode	2	6	1601708
small flat struct	serio	decode	2	7	1666522
small flat struct	serio	decode	2	8	1667467
small flat struct	serio	decode	2	9	1658828
small flat struct	flamework2	encode	1	1	5527171
small flat struct	flamework2	encode	1	2	5380894
small flat struct	flamework2	encode	1	3	6005851
small flat struct	flamework2	encode	1	4	6022913
small flat struct	flamework2	encode	1	5	6113181
small flat struct	flamework2	encode	1	6	6040595
small flat struct	flamework2	encode	1	7	6003901
small flat struct	flamework2	encode	1	8	5933207
small flat struct	flamework2	encode	1	9	6061089
small flat struct	flamework2	encode	2	1	5997359
small flat struct	flamework2	encode	2	2	5846714
small flat struct	flamework2	encode	2	3	5233830
small flat struct	flamework2	encode	2	4	6067764
small flat struct	flamework2	encode	2	5	6146314
small flat struct	flamework2	encode	2	6	6194514
small flat struct	flamework2	encode	2	7	5949363
small flat struct	flamework2	encode	2	8	6079204
small flat struct	flamework2	encode	2	9	5635044
small flat struct	flamework2	decode	1	1	5636964
small flat struct	flamework2	decode	1	2	5689617
small flat struct	flamework2	decode	1	3	5376048
small flat struct	flamework2	decode	1	4	5608038
small flat struct	flamework2	decode	1	5	5538695
small flat struct	flamework2	decode	1	6	5582436
small flat struct	flamework2	decode	1	7	5650191
small flat struct	flamework2	decode	1	8	5622028
small flat struct	flamework2	decode	1	9	5497475
small flat struct	flamework2	decode	2	1	5613534
small flat struct	flamework2	decode	2	2	5723970
small flat struct	flamework2	decode	2	3	5612110
small flat struct	flamework2	decode	2	4	5449834
small flat struct	flamework2	decode	2	5	5331831
small flat struct	flamework2	decode	2	6	5293507
small flat struct	flamework2	decode	2	7	5483303
small flat struct	flamework2	decode	2	8	5441278
small flat struct	flamework2	decode	2	9	5448268
small flat struct	blink	encode	1	1	2378257
small flat struct	blink	encode	1	2	2444696
small flat struct	blink	encode	1	3	2596182
small flat struct	blink	encode	1	4	2732269
small flat struct	blink	encode	1	5	2513305
small flat struct	blink	encode	1	6	2672243
small flat struct	blink	encode	1	7	2718198
small flat struct	blink	encode	1	8	2699686
small flat struct	blink	encode	1	9	2634831
small flat struct	blink	encode	2	1	2717359
small flat struct	blink	encode	2	2	2468615
small flat struct	blink	encode	2	3	2782801
small flat struct	blink	encode	2	4	2690771
small flat struct	blink	encode	2	5	2767933
small flat struct	blink	encode	2	6	2765900
small flat struct	blink	encode	2	7	2737937
small flat struct	blink	encode	2	8	2534249
small flat struct	blink	encode	2	9	2628993
small flat struct	blink	decode	1	1	3479275
small flat struct	blink	decode	1	2	3422853
small flat struct	blink	decode	1	3	3434167
small flat struct	blink	decode	1	4	3478061
small flat struct	blink	decode	1	5	3452150
small flat struct	blink	decode	1	6	3422513
small flat struct	blink	decode	1	7	3331228
small flat struct	blink	decode	1	8	3410911
small flat struct	blink	decode	1	9	3460442
small flat struct	blink	decode	2	1	3420771
small flat struct	blink	decode	2	2	3465713
small flat struct	blink	decode	2	3	3475765
small flat struct	blink	decode	2	4	3493156
small flat struct	blink	decode	2	5	3185906
small flat struct	blink	decode	2	6	3303779
small flat struct	blink	decode	2	7	3404867
small flat struct	blink	decode	2	8	3374598
small flat struct	blink	decode	2	9	3215033
small flat struct	baseline	encode	1	1	5658671
small flat struct	baseline	encode	1	2	6224885
small flat struct	baseline	encode	1	3	5812509
small flat struct	baseline	encode	1	4	6016799
small flat struct	baseline	encode	1	5	6178438
small flat struct	baseline	encode	1	6	6210958
small flat struct	baseline	encode	1	7	6221847
small flat struct	baseline	encode	1	8	6229664
small flat struct	baseline	encode	1	9	6127613
small flat struct	baseline	encode	2	1	6026238
small flat struct	baseline	encode	2	2	5990507
small flat struct	baseline	encode	2	3	6269414
small flat struct	baseline	encode	2	4	6201517
small flat struct	baseline	encode	2	5	6330861
small flat struct	baseline	encode	2	6	6121687
small flat struct	baseline	encode	2	7	6251000
small flat struct	baseline	encode	2	8	5768457
small flat struct	baseline	encode	2	9	6196617
small flat struct	baseline	decode	1	1	5870322
small flat struct	baseline	decode	1	2	5848370
small flat struct	baseline	decode	1	3	5632956
small flat struct	baseline	decode	1	4	5885982
small flat struct	baseline	decode	1	5	5867142
small flat struct	baseline	decode	1	6	5729355
small flat struct	baseline	decode	1	7	5968505
small flat struct	baseline	decode	1	8	5953411
small flat struct	baseline	decode	1	9	5899941
small flat struct	baseline	decode	2	1	5883515
small flat struct	baseline	decode	2	2	5909140
small flat struct	baseline	decode	2	3	5789311
small flat struct	baseline	decode	2	4	5668472
small flat struct	baseline	decode	2	5	5299860
small flat struct	baseline	decode	2	6	5937102
small flat struct	baseline	decode	2	7	5949601
small flat struct	baseline	decode	2	8	6000959
small flat struct	baseline	decode	2	9	5348194
deeply nested object	surge	encode	1	1	4605633
deeply nested object	surge	encode	1	2	4405937
deeply nested object	surge	encode	1	3	4553545
deeply nested object	surge	encode	1	4	4586888
deeply nested object	surge	encode	1	5	4587243
deeply nested object	surge	encode	1	6	4511747
deeply nested object	surge	encode	1	7	4639854
deeply nested object	surge	encode	1	8	4617441
deeply nested object	surge	encode	1	9	4639921
deeply nested object	surge	encode	2	1	4512213
deeply nested object	surge	encode	2	2	4489524
deeply nested object	surge	encode	2	3	4484018
deeply nested object	surge	encode	2	4	4510607
deeply nested object	surge	encode	2	5	4531125
deeply nested object	surge	encode	2	6	4558865
deeply nested object	surge	encode	2	7	4581737
deeply nested object	surge	encode	2	8	4536649
deeply nested object	surge	encode	2	9	4506754
deeply nested object	surge	decode	1	1	2735498
deeply nested object	surge	decode	1	2	2717152
deeply nested object	surge	decode	1	3	2732352
deeply nested object	surge	decode	1	4	2696866
deeply nested object	surge	decode	1	5	2662396
deeply nested object	surge	decode	1	6	2661248
deeply nested object	surge	decode	1	7	2639814
deeply nested object	surge	decode	1	8	2442609
deeply nested object	surge	decode	1	9	2659576
deeply nested object	surge	decode	2	1	2711082
deeply nested object	surge	decode	2	2	2746344
deeply nested object	surge	decode	2	3	2734087
deeply nested object	surge	decode	2	4	2735123
deeply nested object	surge	decode	2	5	2728526
deeply nested object	surge	decode	2	6	2677398
deeply nested object	surge	decode	2	7	2602287
deeply nested object	surge	decode	2	8	2709932
deeply nested object	surge	decode	2	9	2748855
deeply nested object	fbs	encode	1	1	1782481
deeply nested object	fbs	encode	1	2	1728450
deeply nested object	fbs	encode	1	3	1865312
deeply nested object	fbs	encode	1	4	1807794
deeply nested object	fbs	encode	1	5	1822282
deeply nested object	fbs	encode	1	6	1825821
deeply nested object	fbs	encode	1	7	1854335
deeply nested object	fbs	encode	1	8	1859716
deeply nested object	fbs	encode	1	9	1857065
deeply nested object	fbs	encode	2	1	1802983
deeply nested object	fbs	encode	2	2	1854454
deeply nested object	fbs	encode	2	3	1830986
deeply nested object	fbs	encode	2	4	1788870
deeply nested object	fbs	encode	2	5	1863192
deeply nested object	fbs	encode	2	6	1857656
deeply nested object	fbs	encode	2	7	1857421
deeply nested object	fbs	encode	2	8	1852283
deeply nested object	fbs	encode	2	9	1761239
deeply nested object	fbs	decode	1	1	1592235
deeply nested object	fbs	decode	1	2	1596446
deeply nested object	fbs	decode	1	3	1589225
deeply nested object	fbs	decode	1	4	1605844
deeply nested object	fbs	decode	1	5	1574424
deeply nested object	fbs	decode	1	6	1562074
deeply nested object	fbs	decode	1	7	1523256
deeply nested object	fbs	decode	1	8	1470296
deeply nested object	fbs	decode	1	9	1584128
deeply nested object	fbs	decode	2	1	1596312
deeply nested object	fbs	decode	2	2	1585624
deeply nested object	fbs	decode	2	3	1604570
deeply nested object	fbs	decode	2	4	1576065
deeply nested object	fbs	decode	2	5	1573226
deeply nested object	fbs	decode	2	6	1541744
deeply nested object	fbs	decode	2	7	1565571
deeply nested object	fbs	decode	2	8	1583774
deeply nested object	fbs	decode	2	9	1560275
deeply nested object	serio	encode	1	1	467400
deeply nested object	serio	encode	1	2	471474
deeply nested object	serio	encode	1	3	468066
deeply nested object	serio	encode	1	4	457265
deeply nested object	serio	encode	1	5	474889
deeply nested object	serio	encode	1	6	469279
deeply nested object	serio	encode	1	7	476141
deeply nested object	serio	encode	1	8	458340
deeply nested object	serio	encode	1	9	464853
deeply nested object	serio	encode	2	1	479272
deeply nested object	serio	encode	2	2	472498
deeply nested object	serio	encode	2	3	472826
deeply nested object	serio	encode	2	4	471806
deeply nested object	serio	encode	2	5	479071
deeply nested object	serio	encode	2	6	471562
deeply nested object	serio	encode	2	7	466705
deeply nested object	serio	encode	2	8	465284
deeply nested object	serio	encode	2	9	468155
deeply nested object	serio	decode	1	1	746648
deeply nested object	serio	decode	1	2	746407
deeply nested object	serio	decode	1	3	745433
deeply nested object	serio	decode	1	4	737176
deeply nested object	serio	decode	1	5	729365
deeply nested object	serio	decode	1	6	737967
deeply nested object	serio	decode	1	7	711056
deeply nested object	serio	decode	1	8	747103
deeply nested object	serio	decode	1	9	740312
deeply nested object	serio	decode	2	1	749614
deeply nested object	serio	decode	2	2	735635
deeply nested object	serio	decode	2	3	740289
deeply nested object	serio	decode	2	4	740274
deeply nested object	serio	decode	2	5	746243
deeply nested object	serio	decode	2	6	722518
deeply nested object	serio	decode	2	7	741045
deeply nested object	serio	decode	2	8	746634
deeply nested object	serio	decode	2	9	737371
deeply nested object	flamework2	encode	1	1	2834294
deeply nested object	flamework2	encode	1	2	2814589
deeply nested object	flamework2	encode	1	3	2920629
deeply nested object	flamework2	encode	1	4	2873358
deeply nested object	flamework2	encode	1	5	2922390
deeply nested object	flamework2	encode	1	6	2906956
deeply nested object	flamework2	encode	1	7	2915030
deeply nested object	flamework2	encode	1	8	2901630
deeply nested object	flamework2	encode	1	9	2927130
deeply nested object	flamework2	encode	2	1	2958852
deeply nested object	flamework2	encode	2	2	2952042
deeply nested object	flamework2	encode	2	3	2957107
deeply nested object	flamework2	encode	2	4	2994718
deeply nested object	flamework2	encode	2	5	2964349
deeply nested object	flamework2	encode	2	6	2975543
deeply nested object	flamework2	encode	2	7	2991604
deeply nested object	flamework2	encode	2	8	2994094
deeply nested object	flamework2	encode	2	9	2959032
deeply nested object	flamework2	decode	1	1	2149715
deeply nested object	flamework2	decode	1	2	2161155
deeply nested object	flamework2	decode	1	3	2109954
deeply nested object	flamework2	decode	1	4	2053796
deeply nested object	flamework2	decode	1	5	2092219
deeply nested object	flamework2	decode	1	6	2100812
deeply nested object	flamework2	decode	1	7	1972401
deeply nested object	flamework2	decode	1	8	2080991
deeply nested object	flamework2	decode	1	9	2076131
deeply nested object	flamework2	decode	2	1	2207078
deeply nested object	flamework2	decode	2	2	2197818
deeply nested object	flamework2	decode	2	3	2172399
deeply nested object	flamework2	decode	2	4	2180290
deeply nested object	flamework2	decode	2	5	2174927
deeply nested object	flamework2	decode	2	6	2143575
deeply nested object	flamework2	decode	2	7	2150802
deeply nested object	flamework2	decode	2	8	2181929
deeply nested object	flamework2	decode	2	9	2200347
deeply nested object	blink	encode	1	1	2109861
deeply nested object	blink	encode	1	2	2092332
deeply nested object	blink	encode	1	3	2143191
deeply nested object	blink	encode	1	4	2130167
deeply nested object	blink	encode	1	5	2165712
deeply nested object	blink	encode	1	6	2191590
deeply nested object	blink	encode	1	7	2209273
deeply nested object	blink	encode	1	8	2113039
deeply nested object	blink	encode	1	9	2050514
deeply nested object	blink	encode	2	1	2178940
deeply nested object	blink	encode	2	2	2144517
deeply nested object	blink	encode	2	3	2217488
deeply nested object	blink	encode	2	4	2175788
deeply nested object	blink	encode	2	5	2141213
deeply nested object	blink	encode	2	6	2149779
deeply nested object	blink	encode	2	7	2177002
deeply nested object	blink	encode	2	8	2192229
deeply nested object	blink	encode	2	9	2181349
deeply nested object	blink	decode	1	1	1680863
deeply nested object	blink	decode	1	2	1661043
deeply nested object	blink	decode	1	3	1684969
deeply nested object	blink	decode	1	4	1656697
deeply nested object	blink	decode	1	5	1721168
deeply nested object	blink	decode	1	6	1647876
deeply nested object	blink	decode	1	7	1572344
deeply nested object	blink	decode	1	8	1673674
deeply nested object	blink	decode	1	9	1673404
deeply nested object	blink	decode	2	1	1634642
deeply nested object	blink	decode	2	2	1670255
deeply nested object	blink	decode	2	3	1657256
deeply nested object	blink	decode	2	4	1682324
deeply nested object	blink	decode	2	5	1656189
deeply nested object	blink	decode	2	6	1641342
deeply nested object	blink	decode	2	7	1631703
deeply nested object	blink	decode	2	8	1664972
deeply nested object	blink	decode	2	9	1639321
deeply nested object	baseline	encode	1	1	4431680
deeply nested object	baseline	encode	1	2	4639432
deeply nested object	baseline	encode	1	3	4776686
deeply nested object	baseline	encode	1	4	4635874
deeply nested object	baseline	encode	1	5	4712916
deeply nested object	baseline	encode	1	6	4669144
deeply nested object	baseline	encode	1	7	4667632
deeply nested object	baseline	encode	1	8	4667844
deeply nested object	baseline	encode	1	9	4683736
deeply nested object	baseline	encode	2	1	4686364
deeply nested object	baseline	encode	2	2	4766382
deeply nested object	baseline	encode	2	3	4734834
deeply nested object	baseline	encode	2	4	4694545
deeply nested object	baseline	encode	2	5	4751008
deeply nested object	baseline	encode	2	6	4791626
deeply nested object	baseline	encode	2	7	4793117
deeply nested object	baseline	encode	2	8	4719332
deeply nested object	baseline	encode	2	9	4717618
deeply nested object	baseline	decode	1	1	2732400
deeply nested object	baseline	decode	1	2	2723944
deeply nested object	baseline	decode	1	3	2768504
deeply nested object	baseline	decode	1	4	2671568
deeply nested object	baseline	decode	1	5	2699980
deeply nested object	baseline	decode	1	6	2680718
deeply nested object	baseline	decode	1	7	2435919
deeply nested object	baseline	decode	1	8	2632706
deeply nested object	baseline	decode	1	9	2625962
deeply nested object	baseline	decode	2	1	2778596
deeply nested object	baseline	decode	2	2	2709222
deeply nested object	baseline	decode	2	3	2697643
deeply nested object	baseline	decode	2	4	2747282
deeply nested object	baseline	decode	2	5	2654229
deeply nested object	baseline	decode	2	6	2626239
deeply nested object	baseline	decode	2	7	2671827
deeply nested object	baseline	decode	2	8	2744860
deeply nested object	baseline	decode	2	9	2733067
wide struct	surge	encode	1	1	2863966
wide struct	surge	encode	1	2	3056713
wide struct	surge	encode	1	3	3100901
wide struct	surge	encode	1	4	3082375
wide struct	surge	encode	1	5	3095504
wide struct	surge	encode	1	6	2970354
wide struct	surge	encode	1	7	2992256
wide struct	surge	encode	1	8	2866587
wide struct	surge	encode	1	9	2949845
wide struct	surge	encode	2	1	3092290
wide struct	surge	encode	2	2	3129329
wide struct	surge	encode	2	3	3130882
wide struct	surge	encode	2	4	3111616
wide struct	surge	encode	2	5	3095805
wide struct	surge	encode	2	6	3080438
wide struct	surge	encode	2	7	3103520
wide struct	surge	encode	2	8	3130166
wide struct	surge	encode	2	9	3168213
wide struct	surge	decode	1	1	753616
wide struct	surge	decode	1	2	752780
wide struct	surge	decode	1	3	748358
wide struct	surge	decode	1	4	747485
wide struct	surge	decode	1	5	741425
wide struct	surge	decode	1	6	742545
wide struct	surge	decode	1	7	761400
wide struct	surge	decode	1	8	772704
wide struct	surge	decode	1	9	764755
wide struct	surge	decode	2	1	742079
wide struct	surge	decode	2	2	747800
wide struct	surge	decode	2	3	752376
wide struct	surge	decode	2	4	764660
wide struct	surge	decode	2	5	771043
wide struct	surge	decode	2	6	766931
wide struct	surge	decode	2	7	773063
wide struct	surge	decode	2	8	769178
wide struct	surge	decode	2	9	757800
wide struct	fbs	encode	1	1	767625
wide struct	fbs	encode	1	2	762477
wide struct	fbs	encode	1	3	778290
wide struct	fbs	encode	1	4	770982
wide struct	fbs	encode	1	5	778465
wide struct	fbs	encode	1	6	774180
wide struct	fbs	encode	1	7	773353
wide struct	fbs	encode	1	8	776106
wide struct	fbs	encode	1	9	787805
wide struct	fbs	encode	2	1	793638
wide struct	fbs	encode	2	2	771449
wide struct	fbs	encode	2	3	791127
wide struct	fbs	encode	2	4	787301
wide struct	fbs	encode	2	5	798767
wide struct	fbs	encode	2	6	787559
wide struct	fbs	encode	2	7	798609
wide struct	fbs	encode	2	8	798263
wide struct	fbs	encode	2	9	799234
wide struct	fbs	decode	1	1	547641
wide struct	fbs	decode	1	2	541614
wide struct	fbs	decode	1	3	529789
wide struct	fbs	decode	1	4	544976
wide struct	fbs	decode	1	5	540672
wide struct	fbs	decode	1	6	539578
wide struct	fbs	decode	1	7	554177
wide struct	fbs	decode	1	8	555727
wide struct	fbs	decode	1	9	537004
wide struct	fbs	decode	2	1	534686
wide struct	fbs	decode	2	2	534993
wide struct	fbs	decode	2	3	545103
wide struct	fbs	decode	2	4	539706
wide struct	fbs	decode	2	5	536450
wide struct	fbs	decode	2	6	544488
wide struct	fbs	decode	2	7	545805
wide struct	fbs	decode	2	8	545912
wide struct	fbs	decode	2	9	546803
wide struct	serio	encode	1	1	116543
wide struct	serio	encode	1	2	120128
wide struct	serio	encode	1	3	119151
wide struct	serio	encode	1	4	119524
wide struct	serio	encode	1	5	119524
wide struct	serio	encode	1	6	119497
wide struct	serio	encode	1	7	119059
wide struct	serio	encode	1	8	118349
wide struct	serio	encode	1	9	119026
wide struct	serio	encode	2	1	117765
wide struct	serio	encode	2	2	121345
wide struct	serio	encode	2	3	118935
wide struct	serio	encode	2	4	120697
wide struct	serio	encode	2	5	119476
wide struct	serio	encode	2	6	120464
wide struct	serio	encode	2	7	119125
wide struct	serio	encode	2	8	119738
wide struct	serio	encode	2	9	119008
wide struct	serio	decode	1	1	247918
wide struct	serio	decode	1	2	248764
wide struct	serio	decode	1	3	245191
wide struct	serio	decode	1	4	249946
wide struct	serio	decode	1	5	248817
wide struct	serio	decode	1	6	249333
wide struct	serio	decode	1	7	248328
wide struct	serio	decode	1	8	252545
wide struct	serio	decode	1	9	251021
wide struct	serio	decode	2	1	243527
wide struct	serio	decode	2	2	244470
wide struct	serio	decode	2	3	246163
wide struct	serio	decode	2	4	242790
wide struct	serio	decode	2	5	246195
wide struct	serio	decode	2	6	247794
wide struct	serio	decode	2	7	244942
wide struct	serio	decode	2	8	247941
wide struct	serio	decode	2	9	244652
wide struct	flamework2	encode	1	1	2892363
wide struct	flamework2	encode	1	2	3131844
wide struct	flamework2	encode	1	3	3049329
wide struct	flamework2	encode	1	4	3038688
wide struct	flamework2	encode	1	5	2490790
wide struct	flamework2	encode	1	6	3033717
wide struct	flamework2	encode	1	7	3026215
wide struct	flamework2	encode	1	8	2976497
wide struct	flamework2	encode	1	9	2927374
wide struct	flamework2	encode	2	1	3058545
wide struct	flamework2	encode	2	2	3125537
wide struct	flamework2	encode	2	3	3149504
wide struct	flamework2	encode	2	4	3160825
wide struct	flamework2	encode	2	5	3084456
wide struct	flamework2	encode	2	6	3100441
wide struct	flamework2	encode	2	7	3196089
wide struct	flamework2	encode	2	8	3190716
wide struct	flamework2	encode	2	9	3148709
wide struct	flamework2	decode	1	1	767047
wide struct	flamework2	decode	1	2	780969
wide struct	flamework2	decode	1	3	773553
wide struct	flamework2	decode	1	4	772871
wide struct	flamework2	decode	1	5	759811
wide struct	flamework2	decode	1	6	768202
wide struct	flamework2	decode	1	7	794988
wide struct	flamework2	decode	1	8	791182
wide struct	flamework2	decode	1	9	790502
wide struct	flamework2	decode	2	1	733410
wide struct	flamework2	decode	2	2	768739
wide struct	flamework2	decode	2	3	779667
wide struct	flamework2	decode	2	4	774677
wide struct	flamework2	decode	2	5	773612
wide struct	flamework2	decode	2	6	779060
wide struct	flamework2	decode	2	7	778483
wide struct	flamework2	decode	2	8	765897
wide struct	flamework2	decode	2	9	768588
wide struct	blink	encode	1	1	1278956
wide struct	blink	encode	1	2	1362284
wide struct	blink	encode	1	3	1365915
wide struct	blink	encode	1	4	1355340
wide struct	blink	encode	1	5	1150506
wide struct	blink	encode	1	6	1358245
wide struct	blink	encode	1	7	1308689
wide struct	blink	encode	1	8	1354466
wide struct	blink	encode	1	9	1317454
wide struct	blink	encode	2	1	1397288
wide struct	blink	encode	2	2	1359509
wide struct	blink	encode	2	3	1363929
wide struct	blink	encode	2	4	1342106
wide struct	blink	encode	2	5	1364657
wide struct	blink	encode	2	6	1368285
wide struct	blink	encode	2	7	1393712
wide struct	blink	encode	2	8	1374273
wide struct	blink	encode	2	9	1390864
wide struct	blink	decode	1	1	507784
wide struct	blink	decode	1	2	504819
wide struct	blink	decode	1	3	508571
wide struct	blink	decode	1	4	503465
wide struct	blink	decode	1	5	508914
wide struct	blink	decode	1	6	514628
wide struct	blink	decode	1	7	514876
wide struct	blink	decode	1	8	507132
wide struct	blink	decode	1	9	515258
wide struct	blink	decode	2	1	507367
wide struct	blink	decode	2	2	519885
wide struct	blink	decode	2	3	514502
wide struct	blink	decode	2	4	518121
wide struct	blink	decode	2	5	517118
wide struct	blink	decode	2	6	513008
wide struct	blink	decode	2	7	515216
wide struct	blink	decode	2	8	507934
wide struct	blink	decode	2	9	511795
large array	surge	encode	1	1	302352
large array	surge	encode	1	2	296310
large array	surge	encode	1	3	302463
large array	surge	encode	1	4	292779
large array	surge	encode	1	5	300208
large array	surge	encode	1	6	306116
large array	surge	encode	1	7	302574
large array	surge	encode	1	8	302019
large array	surge	encode	1	9	299779
large array	surge	encode	2	1	308161
large array	surge	encode	2	2	305446
large array	surge	encode	2	3	302143
large array	surge	encode	2	4	306022
large array	surge	encode	2	5	330561
large array	surge	encode	2	6	331938
large array	surge	encode	2	7	330364
large array	surge	encode	2	8	326656
large array	surge	encode	2	9	325522
large array	surge	decode	1	1	119945
large array	surge	decode	1	2	116553
large array	surge	decode	1	3	117390
large array	surge	decode	1	4	118522
large array	surge	decode	1	5	120818
large array	surge	decode	1	6	118705
large array	surge	decode	1	7	121098
large array	surge	decode	1	8	121182
large array	surge	decode	1	9	122182
large array	surge	decode	2	1	120215
large array	surge	decode	2	2	121178
large array	surge	decode	2	3	121609
large array	surge	decode	2	4	122035
large array	surge	decode	2	5	118414
large array	surge	decode	2	6	121134
large array	surge	decode	2	7	107761
large array	surge	decode	2	8	118561
large array	surge	decode	2	9	114860
large array	fbs	encode	1	1	71718
large array	fbs	encode	1	2	71103
large array	fbs	encode	1	3	72136
large array	fbs	encode	1	4	71759
large array	fbs	encode	1	5	72897
large array	fbs	encode	1	6	69698
large array	fbs	encode	1	7	71381
large array	fbs	encode	1	8	72947
large array	fbs	encode	1	9	72420
large array	fbs	encode	2	1	64137
large array	fbs	encode	2	2	65403
large array	fbs	encode	2	3	71926
large array	fbs	encode	2	4	72129
large array	fbs	encode	2	5	74260
large array	fbs	encode	2	6	76200
large array	fbs	encode	2	7	75263
large array	fbs	encode	2	8	68366
large array	fbs	encode	2	9	74565
large array	fbs	decode	1	1	44624
large array	fbs	decode	1	2	44292
large array	fbs	decode	1	3	44749
large array	fbs	decode	1	4	44719
large array	fbs	decode	1	5	44511
large array	fbs	decode	1	6	44302
large array	fbs	decode	1	7	44303
large array	fbs	decode	1	8	44294
large array	fbs	decode	1	9	44189
large array	fbs	decode	2	1	43752
large array	fbs	decode	2	2	44333
large array	fbs	decode	2	3	43464
large array	fbs	decode	2	4	43426
large array	fbs	decode	2	5	44384
large array	fbs	decode	2	6	42421
large array	fbs	decode	2	7	41541
large array	fbs	decode	2	8	43140
large array	fbs	decode	2	9	43550
large array	serio	encode	1	1	8085
large array	serio	encode	1	2	8048
large array	serio	encode	1	3	8037
large array	serio	encode	1	4	7997
large array	serio	encode	1	5	8015
large array	serio	encode	1	6	8068
large array	serio	encode	1	7	8038
large array	serio	encode	1	8	8022
large array	serio	encode	1	9	8033
large array	serio	encode	2	1	8091
large array	serio	encode	2	2	8026
large array	serio	encode	2	3	8069
large array	serio	encode	2	4	8058
large array	serio	encode	2	5	8089
large array	serio	encode	2	6	8048
large array	serio	encode	2	7	8041
large array	serio	encode	2	8	8061
large array	serio	encode	2	9	8121
large array	serio	decode	1	1	25795
large array	serio	decode	1	2	25231
large array	serio	decode	1	3	25998
large array	serio	decode	1	4	25992
large array	serio	decode	1	5	25917
large array	serio	decode	1	6	26295
large array	serio	decode	1	7	26034
large array	serio	decode	1	8	26490
large array	serio	decode	1	9	26058
large array	serio	decode	2	1	25494
large array	serio	decode	2	2	25435
large array	serio	decode	2	3	25422
large array	serio	decode	2	4	25426
large array	serio	decode	2	5	25536
large array	serio	decode	2	6	24868
large array	serio	decode	2	7	25408
large array	serio	decode	2	8	25576
large array	serio	decode	2	9	25570
large array	flamework2	encode	1	1	247305
large array	flamework2	encode	1	2	253213
large array	flamework2	encode	1	3	250923
large array	flamework2	encode	1	4	253732
large array	flamework2	encode	1	5	253249
large array	flamework2	encode	1	6	253374
large array	flamework2	encode	1	7	258535
large array	flamework2	encode	1	8	248752
large array	flamework2	encode	1	9	243142
large array	flamework2	encode	2	1	251456
large array	flamework2	encode	2	2	257968
large array	flamework2	encode	2	3	252139
large array	flamework2	encode	2	4	259255
large array	flamework2	encode	2	5	276676
large array	flamework2	encode	2	6	276276
large array	flamework2	encode	2	7	272851
large array	flamework2	encode	2	8	276957
large array	flamework2	encode	2	9	275860
large array	flamework2	decode	1	1	118478
large array	flamework2	decode	1	2	110813
large array	flamework2	decode	1	3	113560
large array	flamework2	decode	1	4	114769
large array	flamework2	decode	1	5	114865
large array	flamework2	decode	1	6	118100
large array	flamework2	decode	1	7	119742
large array	flamework2	decode	1	8	119985
large array	flamework2	decode	1	9	117439
large array	flamework2	decode	2	1	121278
large array	flamework2	decode	2	2	119741
large array	flamework2	decode	2	3	118664
large array	flamework2	decode	2	4	111543
large array	flamework2	decode	2	5	118795
large array	flamework2	decode	2	6	107952
large array	flamework2	decode	2	7	115459
large array	flamework2	decode	2	8	112151
large array	flamework2	decode	2	9	112491
large array	blink	encode	1	1	127683
large array	blink	encode	1	2	128641
large array	blink	encode	1	3	128143
large array	blink	encode	1	4	126015
large array	blink	encode	1	5	128606
large array	blink	encode	1	6	128487
large array	blink	encode	1	7	130326
large array	blink	encode	1	8	129396
large array	blink	encode	1	9	130284
large array	blink	encode	2	1	131016
large array	blink	encode	2	2	134892
large array	blink	encode	2	3	131896
large array	blink	encode	2	4	135702
large array	blink	encode	2	5	143394
large array	blink	encode	2	6	144513
large array	blink	encode	2	7	148672
large array	blink	encode	2	8	148121
large array	blink	encode	2	9	143787
large array	blink	decode	1	1	79767
large array	blink	decode	1	2	78176
large array	blink	decode	1	3	79820
large array	blink	decode	1	4	79601
large array	blink	decode	1	5	79119
large array	blink	decode	1	6	79502
large array	blink	decode	1	7	78216
large array	blink	decode	1	8	78597
large array	blink	decode	1	9	78399
large array	blink	decode	2	1	78772
large array	blink	decode	2	2	78161
large array	blink	decode	2	3	79303
large array	blink	decode	2	4	74482
large array	blink	decode	2	5	79200
large array	blink	decode	2	6	72573
large array	blink	decode	2	7	77346
large array	blink	decode	2	8	75979
large array	blink	decode	2	9	78057
nested arrays	surge	encode	1	1	921420
nested arrays	surge	encode	1	2	932187
nested arrays	surge	encode	1	3	930992
nested arrays	surge	encode	1	4	937467
nested arrays	surge	encode	1	5	940131
nested arrays	surge	encode	1	6	932142
nested arrays	surge	encode	1	7	943490
nested arrays	surge	encode	1	8	930912
nested arrays	surge	encode	1	9	915361
nested arrays	surge	encode	2	1	821989
nested arrays	surge	encode	2	2	864093
nested arrays	surge	encode	2	3	847688
nested arrays	surge	encode	2	4	855737
nested arrays	surge	encode	2	5	838932
nested arrays	surge	encode	2	6	841282
nested arrays	surge	encode	2	7	839931
nested arrays	surge	encode	2	8	846176
nested arrays	surge	encode	2	9	850420
nested arrays	surge	decode	1	1	332366
nested arrays	surge	decode	1	2	324654
nested arrays	surge	decode	1	3	319674
nested arrays	surge	decode	1	4	314458
nested arrays	surge	decode	1	5	300240
nested arrays	surge	decode	1	6	321219
nested arrays	surge	decode	1	7	257476
nested arrays	surge	decode	1	8	323103
nested arrays	surge	decode	1	9	285549
nested arrays	surge	decode	2	1	259762
nested arrays	surge	decode	2	2	309420
nested arrays	surge	decode	2	3	320753
nested arrays	surge	decode	2	4	317396
nested arrays	surge	decode	2	5	314580
nested arrays	surge	decode	2	6	314765
nested arrays	surge	decode	2	7	324799
nested arrays	surge	decode	2	8	326727
nested arrays	surge	decode	2	9	316338
nested arrays	fbs	encode	1	1	278500
nested arrays	fbs	encode	1	2	279497
nested arrays	fbs	encode	1	3	274976
nested arrays	fbs	encode	1	4	276992
nested arrays	fbs	encode	1	5	277107
nested arrays	fbs	encode	1	6	277435
nested arrays	fbs	encode	1	7	274960
nested arrays	fbs	encode	1	8	274940
nested arrays	fbs	encode	1	9	275481
nested arrays	fbs	encode	2	1	273123
nested arrays	fbs	encode	2	2	276574
nested arrays	fbs	encode	2	3	277459
nested arrays	fbs	encode	2	4	276092
nested arrays	fbs	encode	2	5	271416
nested arrays	fbs	encode	2	6	273061
nested arrays	fbs	encode	2	7	279313
nested arrays	fbs	encode	2	8	277293
nested arrays	fbs	encode	2	9	275441
nested arrays	fbs	decode	1	1	164303
nested arrays	fbs	decode	1	2	161002
nested arrays	fbs	decode	1	3	164670
nested arrays	fbs	decode	1	4	162148
nested arrays	fbs	decode	1	5	153434
nested arrays	fbs	decode	1	6	162443
nested arrays	fbs	decode	1	7	159173
nested arrays	fbs	decode	1	8	159383
nested arrays	fbs	decode	1	9	153543
nested arrays	fbs	decode	2	1	158266
nested arrays	fbs	decode	2	2	165387
nested arrays	fbs	decode	2	3	159912
nested arrays	fbs	decode	2	4	160902
nested arrays	fbs	decode	2	5	161069
nested arrays	fbs	decode	2	6	161189
nested arrays	fbs	decode	2	7	162374
nested arrays	fbs	decode	2	8	158165
nested arrays	fbs	decode	2	9	161182
nested arrays	serio	encode	1	1	35456
nested arrays	serio	encode	1	2	35633
nested arrays	serio	encode	1	3	35570
nested arrays	serio	encode	1	4	35400
nested arrays	serio	encode	1	5	35596
nested arrays	serio	encode	1	6	35644
nested arrays	serio	encode	1	7	35638
nested arrays	serio	encode	1	8	35727
nested arrays	serio	encode	1	9	35693
nested arrays	serio	encode	2	1	35548
nested arrays	serio	encode	2	2	35730
nested arrays	serio	encode	2	3	33839
nested arrays	serio	encode	2	4	33779
nested arrays	serio	encode	2	5	34073
nested arrays	serio	encode	2	6	33796
nested arrays	serio	encode	2	7	33911
nested arrays	serio	encode	2	8	33996
nested arrays	serio	encode	2	9	33906
nested arrays	serio	decode	1	1	77354
nested arrays	serio	decode	1	2	77223
nested arrays	serio	decode	1	3	77707
nested arrays	serio	decode	1	4	77959
nested arrays	serio	decode	1	5	75629
nested arrays	serio	decode	1	6	78712
nested arrays	serio	decode	1	7	77739
nested arrays	serio	decode	1	8	77475
nested arrays	serio	decode	1	9	74707
nested arrays	serio	decode	2	1	77980
nested arrays	serio	decode	2	2	75728
nested arrays	serio	decode	2	3	77007
nested arrays	serio	decode	2	4	76718
nested arrays	serio	decode	2	5	77455
nested arrays	serio	decode	2	6	76827
nested arrays	serio	decode	2	7	76788
nested arrays	serio	decode	2	8	77336
nested arrays	serio	decode	2	9	76959
nested arrays	flamework2	encode	1	1	847748
nested arrays	flamework2	encode	1	2	850634
nested arrays	flamework2	encode	1	3	834957
nested arrays	flamework2	encode	1	4	847370
nested arrays	flamework2	encode	1	5	838358
nested arrays	flamework2	encode	1	6	853611
nested arrays	flamework2	encode	1	7	845421
nested arrays	flamework2	encode	1	8	854458
nested arrays	flamework2	encode	1	9	837321
nested arrays	flamework2	encode	2	1	856074
nested arrays	flamework2	encode	2	2	856551
nested arrays	flamework2	encode	2	3	848489
nested arrays	flamework2	encode	2	4	854877
nested arrays	flamework2	encode	2	5	803203
nested arrays	flamework2	encode	2	6	865473
nested arrays	flamework2	encode	2	7	863613
nested arrays	flamework2	encode	2	8	854311
nested arrays	flamework2	encode	2	9	841431
nested arrays	flamework2	decode	1	1	286378
nested arrays	flamework2	decode	1	2	290668
nested arrays	flamework2	decode	1	3	284754
nested arrays	flamework2	decode	1	4	287033
nested arrays	flamework2	decode	1	5	264591
nested arrays	flamework2	decode	1	6	283725
nested arrays	flamework2	decode	1	7	269407
nested arrays	flamework2	decode	1	8	252809
nested arrays	flamework2	decode	1	9	267313
nested arrays	flamework2	decode	2	1	282472
nested arrays	flamework2	decode	2	2	277333
nested arrays	flamework2	decode	2	3	278488
nested arrays	flamework2	decode	2	4	284298
nested arrays	flamework2	decode	2	5	275981
nested arrays	flamework2	decode	2	6	279427
nested arrays	flamework2	decode	2	7	278443
nested arrays	flamework2	decode	2	8	275411
nested arrays	flamework2	decode	2	9	283577
nested arrays	blink	encode	1	1	444822
nested arrays	blink	encode	1	2	439873
nested arrays	blink	encode	1	3	441233
nested arrays	blink	encode	1	4	446627
nested arrays	blink	encode	1	5	448230
nested arrays	blink	encode	1	6	443273
nested arrays	blink	encode	1	7	451165
nested arrays	blink	encode	1	8	442880
nested arrays	blink	encode	1	9	446960
nested arrays	blink	encode	2	1	451173
nested arrays	blink	encode	2	2	452976
nested arrays	blink	encode	2	3	450748
nested arrays	blink	encode	2	4	448527
nested arrays	blink	encode	2	5	420547
nested arrays	blink	encode	2	6	449235
nested arrays	blink	encode	2	7	436302
nested arrays	blink	encode	2	8	446121
nested arrays	blink	encode	2	9	442765
nested arrays	blink	decode	1	1	253756
nested arrays	blink	decode	1	2	251723
nested arrays	blink	decode	1	3	258693
nested arrays	blink	decode	1	4	245692
nested arrays	blink	decode	1	5	251992
nested arrays	blink	decode	1	6	237451
nested arrays	blink	decode	1	7	250199
nested arrays	blink	decode	1	8	237407
nested arrays	blink	decode	1	9	251375
nested arrays	blink	decode	2	1	254079
nested arrays	blink	decode	2	2	251336
nested arrays	blink	decode	2	3	249885
nested arrays	blink	decode	2	4	249008
nested arrays	blink	decode	2	5	254797
nested arrays	blink	decode	2	6	255815
nested arrays	blink	decode	2	7	248769
nested arrays	blink	decode	2	8	255215
nested arrays	blink	decode	2	9	251145
nested arrays	baseline	encode	1	1	889966
nested arrays	baseline	encode	1	2	876060
nested arrays	baseline	encode	1	3	879737
nested arrays	baseline	encode	1	4	893261
nested arrays	baseline	encode	1	5	879957
nested arrays	baseline	encode	1	6	888098
nested arrays	baseline	encode	1	7	886566
nested arrays	baseline	encode	1	8	882724
nested arrays	baseline	encode	1	9	893415
nested arrays	baseline	encode	2	1	921810
nested arrays	baseline	encode	2	2	915028
nested arrays	baseline	encode	2	3	918096
nested arrays	baseline	encode	2	4	901983
nested arrays	baseline	encode	2	5	912899
nested arrays	baseline	encode	2	6	916052
nested arrays	baseline	encode	2	7	909776
nested arrays	baseline	encode	2	8	919503
nested arrays	baseline	encode	2	9	900695
nested arrays	baseline	decode	1	1	329490
nested arrays	baseline	decode	1	2	328348
nested arrays	baseline	decode	1	3	331530
nested arrays	baseline	decode	1	4	288194
nested arrays	baseline	decode	1	5	322100
nested arrays	baseline	decode	1	6	251106
nested arrays	baseline	decode	1	7	309664
nested arrays	baseline	decode	1	8	291818
nested arrays	baseline	decode	1	9	324377
nested arrays	baseline	decode	2	1	331887
nested arrays	baseline	decode	2	2	318660
nested arrays	baseline	decode	2	3	325199
nested arrays	baseline	decode	2	4	328056
nested arrays	baseline	decode	2	5	332475
nested arrays	baseline	decode	2	6	315988
nested arrays	baseline	decode	2	7	331938
nested arrays	baseline	decode	2	8	331008
nested arrays	baseline	decode	2	9	326510
tuples	surge	encode	1	1	1454429
tuples	surge	encode	1	2	1409058
tuples	surge	encode	1	3	1359097
tuples	surge	encode	1	4	1437866
tuples	surge	encode	1	5	1455438
tuples	surge	encode	1	6	1438189
tuples	surge	encode	1	7	1398566
tuples	surge	encode	1	8	1429735
tuples	surge	encode	1	9	1378599
tuples	surge	encode	2	1	1408437
tuples	surge	encode	2	2	1408209
tuples	surge	encode	2	3	1413719
tuples	surge	encode	2	4	1421180
tuples	surge	encode	2	5	1409068
tuples	surge	encode	2	6	1438416
tuples	surge	encode	2	7	1423603
tuples	surge	encode	2	8	1415968
tuples	surge	encode	2	9	1438747
tuples	surge	decode	1	1	297013
tuples	surge	decode	1	2	292108
tuples	surge	decode	1	3	290030
tuples	surge	decode	1	4	295361
tuples	surge	decode	1	5	300716
tuples	surge	decode	1	6	292480
tuples	surge	decode	1	7	300591
tuples	surge	decode	1	8	300866
tuples	surge	decode	1	9	291081
tuples	surge	decode	2	1	291876
tuples	surge	decode	2	2	301557
tuples	surge	decode	2	3	296935
tuples	surge	decode	2	4	302066
tuples	surge	decode	2	5	296227
tuples	surge	decode	2	6	302904
tuples	surge	decode	2	7	299240
tuples	surge	decode	2	8	294379
tuples	surge	decode	2	9	294942
tuples	fbs	encode	1	1	289778
tuples	fbs	encode	1	2	282617
tuples	fbs	encode	1	3	284691
tuples	fbs	encode	1	4	293132
tuples	fbs	encode	1	5	288001
tuples	fbs	encode	1	6	285106
tuples	fbs	encode	1	7	283247
tuples	fbs	encode	1	8	283243
tuples	fbs	encode	1	9	280335
tuples	fbs	encode	2	1	293609
tuples	fbs	encode	2	2	289441
tuples	fbs	encode	2	3	162264
tuples	fbs	encode	2	4	292512
tuples	fbs	encode	2	5	293974
tuples	fbs	encode	2	6	288910
tuples	fbs	encode	2	7	296169
tuples	fbs	encode	2	8	295466
tuples	fbs	encode	2	9	293592
tuples	fbs	decode	1	1	136810
tuples	fbs	decode	1	2	136326
tuples	fbs	decode	1	3	137202
tuples	fbs	decode	1	4	136625
tuples	fbs	decode	1	5	135152
tuples	fbs	decode	1	6	135441
tuples	fbs	decode	1	7	136381
tuples	fbs	decode	1	8	134637
tuples	fbs	decode	1	9	136262
tuples	fbs	decode	2	1	139482
tuples	fbs	decode	2	2	136227
tuples	fbs	decode	2	3	135783
tuples	fbs	decode	2	4	136944
tuples	fbs	decode	2	5	137035
tuples	fbs	decode	2	6	135605
tuples	fbs	decode	2	7	135508
tuples	fbs	decode	2	8	135428
tuples	fbs	decode	2	9	135808
tuples	serio	encode	1	1	33619
tuples	serio	encode	1	2	33386
tuples	serio	encode	1	3	33947
tuples	serio	encode	1	4	33604
tuples	serio	encode	1	5	33518
tuples	serio	encode	1	6	33630
tuples	serio	encode	1	7	33445
tuples	serio	encode	1	8	33591
tuples	serio	encode	1	9	33611
tuples	serio	encode	2	1	33530
tuples	serio	encode	2	2	32890
tuples	serio	encode	2	3	33545
tuples	serio	encode	2	4	33522
tuples	serio	encode	2	5	33748
tuples	serio	encode	2	6	33442
tuples	serio	encode	2	7	33494
tuples	serio	encode	2	8	33629
tuples	serio	encode	2	9	33637
tuples	serio	decode	1	1	58114
tuples	serio	decode	1	2	58077
tuples	serio	decode	1	3	57697
tuples	serio	decode	1	4	57441
tuples	serio	decode	1	5	57556
tuples	serio	decode	1	6	57549
tuples	serio	decode	1	7	57653
tuples	serio	decode	1	8	57839
tuples	serio	decode	1	9	57612
tuples	serio	decode	2	1	58255
tuples	serio	decode	2	2	57147
tuples	serio	decode	2	3	57956
tuples	serio	decode	2	4	57230
tuples	serio	decode	2	5	57965
tuples	serio	decode	2	6	57376
tuples	serio	decode	2	7	57118
tuples	serio	decode	2	8	57998
tuples	serio	decode	2	9	57137
tuples	flamework2	encode	1	1	1358186
tuples	flamework2	encode	1	2	1255282
tuples	flamework2	encode	1	3	1331923
tuples	flamework2	encode	1	4	1325563
tuples	flamework2	encode	1	5	1354970
tuples	flamework2	encode	1	6	1323001
tuples	flamework2	encode	1	7	1344031
tuples	flamework2	encode	1	8	1362027
tuples	flamework2	encode	1	9	1315726
tuples	flamework2	encode	2	1	1349106
tuples	flamework2	encode	2	2	1330984
tuples	flamework2	encode	2	3	1320506
tuples	flamework2	encode	2	4	1343685
tuples	flamework2	encode	2	5	1356504
tuples	flamework2	encode	2	6	1319172
tuples	flamework2	encode	2	7	1311152
tuples	flamework2	encode	2	8	1337216
tuples	flamework2	encode	2	9	1330490
tuples	flamework2	decode	1	1	282095
tuples	flamework2	decode	1	2	286386
tuples	flamework2	decode	1	3	288475
tuples	flamework2	decode	1	4	296997
tuples	flamework2	decode	1	5	285016
tuples	flamework2	decode	1	6	286782
tuples	flamework2	decode	1	7	295803
tuples	flamework2	decode	1	8	287334
tuples	flamework2	decode	1	9	290064
tuples	flamework2	decode	2	1	285463
tuples	flamework2	decode	2	2	292784
tuples	flamework2	decode	2	3	285770
tuples	flamework2	decode	2	4	296006
tuples	flamework2	decode	2	5	289904
tuples	flamework2	decode	2	6	287155
tuples	flamework2	decode	2	7	296191
tuples	flamework2	decode	2	8	291123
tuples	flamework2	decode	2	9	295990
tuples	baseline	encode	1	1	1452407
tuples	baseline	encode	1	2	1383960
tuples	baseline	encode	1	3	1485555
tuples	baseline	encode	1	4	1473561
tuples	baseline	encode	1	5	1437831
tuples	baseline	encode	1	6	1403032
tuples	baseline	encode	1	7	1403445
tuples	baseline	encode	1	8	1416386
tuples	baseline	encode	1	9	1415672
tuples	baseline	encode	2	1	1491970
tuples	baseline	encode	2	2	1451185
tuples	baseline	encode	2	3	1421193
tuples	baseline	encode	2	4	1410211
tuples	baseline	encode	2	5	1469253
tuples	baseline	encode	2	6	1444110
tuples	baseline	encode	2	7	1450499
tuples	baseline	encode	2	8	1452841
tuples	baseline	encode	2	9	1437409
tuples	baseline	decode	1	1	301102
tuples	baseline	decode	1	2	293514
tuples	baseline	decode	1	3	305964
tuples	baseline	decode	1	4	297464
tuples	baseline	decode	1	5	307816
tuples	baseline	decode	1	6	305981
tuples	baseline	decode	1	7	289590
tuples	baseline	decode	1	8	304513
tuples	baseline	decode	1	9	303473
tuples	baseline	decode	2	1	300060
tuples	baseline	decode	2	2	298522
tuples	baseline	decode	2	3	296595
tuples	baseline	decode	2	4	293334
tuples	baseline	decode	2	5	295085
tuples	baseline	decode	2	6	283068
tuples	baseline	decode	2	7	296025
tuples	baseline	decode	2	8	298613
tuples	baseline	decode	2	9	286541
large record	surge	encode	1	1	168078
large record	surge	encode	1	2	170476
large record	surge	encode	1	3	170029
large record	surge	encode	1	4	170842
large record	surge	encode	1	5	169085
large record	surge	encode	1	6	171545
large record	surge	encode	1	7	167375
large record	surge	encode	1	8	170582
large record	surge	encode	1	9	171087
large record	surge	encode	2	1	163879
large record	surge	encode	2	2	162940
large record	surge	encode	2	3	163647
large record	surge	encode	2	4	164970
large record	surge	encode	2	5	164170
large record	surge	encode	2	6	161744
large record	surge	encode	2	7	161970
large record	surge	encode	2	8	165463
large record	surge	encode	2	9	164606
large record	surge	decode	1	1	71002
large record	surge	decode	1	2	70241
large record	surge	decode	1	3	70827
large record	surge	decode	1	4	71331
large record	surge	decode	1	5	70762
large record	surge	decode	1	6	71707
large record	surge	decode	1	7	71974
large record	surge	decode	1	8	72098
large record	surge	decode	1	9	69968
large record	surge	decode	2	1	76918
large record	surge	decode	2	2	70916
large record	surge	decode	2	3	69775
large record	surge	decode	2	4	70480
large record	surge	decode	2	5	70086
large record	surge	decode	2	6	70246
large record	surge	decode	2	7	70208
large record	surge	decode	2	8	68682
large record	surge	decode	2	9	74173
large record	fbs	encode	1	1	100164
large record	fbs	encode	1	2	98676
large record	fbs	encode	1	3	97346
large record	fbs	encode	1	4	99201
large record	fbs	encode	1	5	100159
large record	fbs	encode	1	6	100162
large record	fbs	encode	1	7	99981
large record	fbs	encode	1	8	98645
large record	fbs	encode	1	9	99002
large record	fbs	encode	2	1	95554
large record	fbs	encode	2	2	94981
large record	fbs	encode	2	3	94088
large record	fbs	encode	2	4	93331
large record	fbs	encode	2	5	94760
large record	fbs	encode	2	6	94817
large record	fbs	encode	2	7	96215
large record	fbs	encode	2	8	92990
large record	fbs	encode	2	9	94448
large record	fbs	decode	1	1	51958
large record	fbs	decode	1	2	51862
large record	fbs	decode	1	3	51532
large record	fbs	decode	1	4	51836
large record	fbs	decode	1	5	51595
large record	fbs	decode	1	6	51999
large record	fbs	decode	1	7	51652
large record	fbs	decode	1	8	51874
large record	fbs	decode	1	9	51534
large record	fbs	decode	2	1	54682
large record	fbs	decode	2	2	52244
large record	fbs	decode	2	3	51379
large record	fbs	decode	2	4	51507
large record	fbs	decode	2	5	52064
large record	fbs	decode	2	6	51531
large record	fbs	decode	2	7	51573
large record	fbs	decode	2	8	49819
large record	fbs	decode	2	9	51992
large record	serio	encode	1	1	12195
large record	serio	encode	1	2	12143
large record	serio	encode	1	3	11923
large record	serio	encode	1	4	12185
large record	serio	encode	1	5	12207
large record	serio	encode	1	6	12315
large record	serio	encode	1	7	12203
large record	serio	encode	1	8	12117
large record	serio	encode	1	9	12207
large record	serio	encode	2	1	12267
large record	serio	encode	2	2	12221
large record	serio	encode	2	3	11983
large record	serio	encode	2	4	12126
large record	serio	encode	2	5	12054
large record	serio	encode	2	6	12287
large record	serio	encode	2	7	12107
large record	serio	encode	2	8	12139
large record	serio	encode	2	9	12134
large record	serio	decode	1	1	23768
large record	serio	decode	1	2	23742
large record	serio	decode	1	3	23801
large record	serio	decode	1	4	23640
large record	serio	decode	1	5	23750
large record	serio	decode	1	6	23851
large record	serio	decode	1	7	23959
large record	serio	decode	1	8	23636
large record	serio	decode	1	9	23594
large record	serio	decode	2	1	24199
large record	serio	decode	2	2	23793
large record	serio	decode	2	3	23947
large record	serio	decode	2	4	24090
large record	serio	decode	2	5	23554
large record	serio	decode	2	6	23763
large record	serio	decode	2	7	23862
large record	serio	decode	2	8	23529
large record	serio	decode	2	9	23846
large record	flamework2	encode	1	1	119777
large record	flamework2	encode	1	2	120232
large record	flamework2	encode	1	3	120713
large record	flamework2	encode	1	4	121070
large record	flamework2	encode	1	5	119968
large record	flamework2	encode	1	6	121482
large record	flamework2	encode	1	7	121966
large record	flamework2	encode	1	8	120949
large record	flamework2	encode	1	9	120587
large record	flamework2	encode	2	1	119184
large record	flamework2	encode	2	2	120126
large record	flamework2	encode	2	3	120191
large record	flamework2	encode	2	4	117622
large record	flamework2	encode	2	5	117991
large record	flamework2	encode	2	6	118628
large record	flamework2	encode	2	7	118511
large record	flamework2	encode	2	8	117671
large record	flamework2	encode	2	9	119303
large record	flamework2	decode	1	1	58536
large record	flamework2	decode	1	2	60372
large record	flamework2	decode	1	3	60220
large record	flamework2	decode	1	4	59985
large record	flamework2	decode	1	5	60550
large record	flamework2	decode	1	6	60174
large record	flamework2	decode	1	7	59847
large record	flamework2	decode	1	8	58274
large record	flamework2	decode	1	9	59588
large record	flamework2	decode	2	1	59688
large record	flamework2	decode	2	2	59151
large record	flamework2	decode	2	3	58560
large record	flamework2	decode	2	4	59470
large record	flamework2	decode	2	5	59480
large record	flamework2	decode	2	6	59477
large record	flamework2	decode	2	7	58073
large record	flamework2	decode	2	8	58633
large record	flamework2	decode	2	9	59784
large record	blink	encode	1	1	67440
large record	blink	encode	1	2	66013
large record	blink	encode	1	3	67501
large record	blink	encode	1	4	67441
large record	blink	encode	1	5	66862
large record	blink	encode	1	6	66274
large record	blink	encode	1	7	67473
large record	blink	encode	1	8	67888
large record	blink	encode	1	9	66291
large record	blink	encode	2	1	63409
large record	blink	encode	2	2	63094
large record	blink	encode	2	3	59935
large record	blink	encode	2	4	62048
large record	blink	encode	2	5	62294
large record	blink	encode	2	6	62494
large record	blink	encode	2	7	62282
large record	blink	encode	2	8	60912
large record	blink	encode	2	9	61642
large record	blink	decode	1	1	65061
large record	blink	decode	1	2	66502
large record	blink	decode	1	3	67201
large record	blink	decode	1	4	67408
large record	blink	decode	1	5	67397
large record	blink	decode	1	6	67707
large record	blink	decode	1	7	67791
large record	blink	decode	1	8	66252
large record	blink	decode	1	9	67399
large record	blink	decode	2	1	67139
large record	blink	decode	2	2	66526
large record	blink	decode	2	3	65610
large record	blink	decode	2	4	66615
large record	blink	decode	2	5	65736
large record	blink	decode	2	6	66146
large record	blink	decode	2	7	63893
large record	blink	decode	2	8	71087
large record	blink	decode	2	9	66026
string-heavy	surge	encode	1	1	329590
string-heavy	surge	encode	1	2	328870
string-heavy	surge	encode	1	3	324367
string-heavy	surge	encode	1	4	315086
string-heavy	surge	encode	1	5	330845
string-heavy	surge	encode	1	6	323536
string-heavy	surge	encode	1	7	329245
string-heavy	surge	encode	1	8	321846
string-heavy	surge	encode	1	9	323942
string-heavy	surge	encode	2	1	299790
string-heavy	surge	encode	2	2	313313
string-heavy	surge	encode	2	3	331750
string-heavy	surge	encode	2	4	328200
string-heavy	surge	encode	2	5	332443
string-heavy	surge	encode	2	6	333479
string-heavy	surge	encode	2	7	336326
string-heavy	surge	encode	2	8	335171
string-heavy	surge	encode	2	9	310694
string-heavy	surge	decode	1	1	220391
string-heavy	surge	decode	1	2	217945
string-heavy	surge	decode	1	3	219632
string-heavy	surge	decode	1	4	217374
string-heavy	surge	decode	1	5	219079
string-heavy	surge	decode	1	6	222080
string-heavy	surge	decode	1	7	220467
string-heavy	surge	decode	1	8	223568
string-heavy	surge	decode	1	9	220863
string-heavy	surge	decode	2	1	207745
string-heavy	surge	decode	2	2	205395
string-heavy	surge	decode	2	3	205190
string-heavy	surge	decode	2	4	205957
string-heavy	surge	decode	2	5	207354
string-heavy	surge	decode	2	6	207345
string-heavy	surge	decode	2	7	205930
string-heavy	surge	decode	2	8	207783
string-heavy	surge	decode	2	9	208474
string-heavy	fbs	encode	1	1	217832
string-heavy	fbs	encode	1	2	218344
string-heavy	fbs	encode	1	3	217207
string-heavy	fbs	encode	1	4	215383
string-heavy	fbs	encode	1	5	216158
string-heavy	fbs	encode	1	6	218681
string-heavy	fbs	encode	1	7	218568
string-heavy	fbs	encode	1	8	218186
string-heavy	fbs	encode	1	9	219761
string-heavy	fbs	encode	2	1	201532
string-heavy	fbs	encode	2	2	207027
string-heavy	fbs	encode	2	3	213992
string-heavy	fbs	encode	2	4	215071
string-heavy	fbs	encode	2	5	216236
string-heavy	fbs	encode	2	6	216275
string-heavy	fbs	encode	2	7	218045
string-heavy	fbs	encode	2	8	219970
string-heavy	fbs	encode	2	9	202610
string-heavy	fbs	decode	1	1	173055
string-heavy	fbs	decode	1	2	173149
string-heavy	fbs	decode	1	3	173443
string-heavy	fbs	decode	1	4	171563
string-heavy	fbs	decode	1	5	173657
string-heavy	fbs	decode	1	6	172597
string-heavy	fbs	decode	1	7	171435
string-heavy	fbs	decode	1	8	171348
string-heavy	fbs	decode	1	9	174696
string-heavy	fbs	decode	2	1	162763
string-heavy	fbs	decode	2	2	164499
string-heavy	fbs	decode	2	3	162595
string-heavy	fbs	decode	2	4	163929
string-heavy	fbs	decode	2	5	162705
string-heavy	fbs	decode	2	6	163657
string-heavy	fbs	decode	2	7	162533
string-heavy	fbs	decode	2	8	165139
string-heavy	fbs	decode	2	9	163584
string-heavy	serio	encode	1	1	32654
string-heavy	serio	encode	1	2	32503
string-heavy	serio	encode	1	3	32531
string-heavy	serio	encode	1	4	32241
string-heavy	serio	encode	1	5	32634
string-heavy	serio	encode	1	6	32434
string-heavy	serio	encode	1	7	32389
string-heavy	serio	encode	1	8	32257
string-heavy	serio	encode	1	9	32572
string-heavy	serio	encode	2	1	28590
string-heavy	serio	encode	2	2	28711
string-heavy	serio	encode	2	3	29062
string-heavy	serio	encode	2	4	28912
string-heavy	serio	encode	2	5	28852
string-heavy	serio	encode	2	6	28839
string-heavy	serio	encode	2	7	28836
string-heavy	serio	encode	2	8	28778
string-heavy	serio	encode	2	9	28672
string-heavy	serio	decode	1	1	57341
string-heavy	serio	decode	1	2	57999
string-heavy	serio	decode	1	3	57724
string-heavy	serio	decode	1	4	57143
string-heavy	serio	decode	1	5	57404
string-heavy	serio	decode	1	6	57856
string-heavy	serio	decode	1	7	57058
string-heavy	serio	decode	1	8	57131
string-heavy	serio	decode	1	9	56688
string-heavy	serio	decode	2	1	56470
string-heavy	serio	decode	2	2	55441
string-heavy	serio	decode	2	3	56756
string-heavy	serio	decode	2	4	57308
string-heavy	serio	decode	2	5	57259
string-heavy	serio	decode	2	6	56268
string-heavy	serio	decode	2	7	55870
string-heavy	serio	decode	2	8	56324
string-heavy	serio	decode	2	9	56811
string-heavy	flamework2	encode	1	1	239301
string-heavy	flamework2	encode	1	2	245310
string-heavy	flamework2	encode	1	3	247450
string-heavy	flamework2	encode	1	4	243359
string-heavy	flamework2	encode	1	5	246528
string-heavy	flamework2	encode	1	6	243343
string-heavy	flamework2	encode	1	7	246137
string-heavy	flamework2	encode	1	8	246591
string-heavy	flamework2	encode	1	9	244925
string-heavy	flamework2	encode	2	1	222875
string-heavy	flamework2	encode	2	2	236309
string-heavy	flamework2	encode	2	3	244258
string-heavy	flamework2	encode	2	4	242476
string-heavy	flamework2	encode	2	5	244299
string-heavy	flamework2	encode	2	6	245920
string-heavy	flamework2	encode	2	7	246201
string-heavy	flamework2	encode	2	8	241256
string-heavy	flamework2	encode	2	9	228294
string-heavy	flamework2	decode	1	1	157849
string-heavy	flamework2	decode	1	2	155950
string-heavy	flamework2	decode	1	3	154224
string-heavy	flamework2	decode	1	4	157124
string-heavy	flamework2	decode	1	5	159183
string-heavy	flamework2	decode	1	6	158275
string-heavy	flamework2	decode	1	7	157807
string-heavy	flamework2	decode	1	8	158899
string-heavy	flamework2	decode	1	9	159762
string-heavy	flamework2	decode	2	1	149854
string-heavy	flamework2	decode	2	2	150413
string-heavy	flamework2	decode	2	3	150788
string-heavy	flamework2	decode	2	4	150048
string-heavy	flamework2	decode	2	5	148680
string-heavy	flamework2	decode	2	6	150791
string-heavy	flamework2	decode	2	7	152665
string-heavy	flamework2	decode	2	8	153156
string-heavy	flamework2	decode	2	9	155123
string-heavy	blink	encode	1	1	131558
string-heavy	blink	encode	1	2	131209
string-heavy	blink	encode	1	3	128289
string-heavy	blink	encode	1	4	128844
string-heavy	blink	encode	1	5	128592
string-heavy	blink	encode	1	6	131315
string-heavy	blink	encode	1	7	133529
string-heavy	blink	encode	1	8	131615
string-heavy	blink	encode	1	9	130985
string-heavy	blink	encode	2	1	108398
string-heavy	blink	encode	2	2	128669
string-heavy	blink	encode	2	3	131044
string-heavy	blink	encode	2	4	131453
string-heavy	blink	encode	2	5	131404
string-heavy	blink	encode	2	6	134953
string-heavy	blink	encode	2	7	132839
string-heavy	blink	encode	2	8	130002
string-heavy	blink	encode	2	9	116113
string-heavy	blink	decode	1	1	227004
string-heavy	blink	decode	1	2	226036
string-heavy	blink	decode	1	3	226723
string-heavy	blink	decode	1	4	227453
string-heavy	blink	decode	1	5	230875
string-heavy	blink	decode	1	6	230476
string-heavy	blink	decode	1	7	229897
string-heavy	blink	decode	1	8	229217
string-heavy	blink	decode	1	9	230318
string-heavy	blink	decode	2	1	211462
string-heavy	blink	decode	2	2	209379
string-heavy	blink	decode	2	3	215244
string-heavy	blink	decode	2	4	214123
string-heavy	blink	decode	2	5	215651
string-heavy	blink	decode	2	6	212412
string-heavy	blink	decode	2	7	213636
string-heavy	blink	decode	2	8	214018
string-heavy	blink	decode	2	9	227486
leaderboard	surge	encode	1	1	530133
leaderboard	surge	encode	1	2	531227
leaderboard	surge	encode	1	3	525112
leaderboard	surge	encode	1	4	527495
leaderboard	surge	encode	1	5	503618
leaderboard	surge	encode	1	6	519588
leaderboard	surge	encode	1	7	528788
leaderboard	surge	encode	1	8	524560
leaderboard	surge	encode	1	9	526927
leaderboard	surge	encode	2	1	491199
leaderboard	surge	encode	2	2	510401
leaderboard	surge	encode	2	3	521311
leaderboard	surge	encode	2	4	465734
leaderboard	surge	encode	2	5	487025
leaderboard	surge	encode	2	6	491596
leaderboard	surge	encode	2	7	483747
leaderboard	surge	encode	2	8	464971
leaderboard	surge	encode	2	9	476126
leaderboard	surge	decode	1	1	168588
leaderboard	surge	decode	1	2	153247
leaderboard	surge	decode	1	3	168691
leaderboard	surge	decode	1	4	166021
leaderboard	surge	decode	1	5	169917
leaderboard	surge	decode	1	6	169959
leaderboard	surge	decode	1	7	163974
leaderboard	surge	decode	1	8	172487
leaderboard	surge	decode	1	9	166185
leaderboard	surge	decode	2	1	162433
leaderboard	surge	decode	2	2	167504
leaderboard	surge	decode	2	3	166940
leaderboard	surge	decode	2	4	160788
leaderboard	surge	decode	2	5	164542
leaderboard	surge	decode	2	6	168685
leaderboard	surge	decode	2	7	168789
leaderboard	surge	decode	2	8	167487
leaderboard	surge	decode	2	9	168276
leaderboard	fbs	encode	1	1	184260
leaderboard	fbs	encode	1	2	185207
leaderboard	fbs	encode	1	3	185920
leaderboard	fbs	encode	1	4	182789
leaderboard	fbs	encode	1	5	179296
leaderboard	fbs	encode	1	6	186282
leaderboard	fbs	encode	1	7	185641
leaderboard	fbs	encode	1	8	185302
leaderboard	fbs	encode	1	9	184416
leaderboard	fbs	encode	2	1	174992
leaderboard	fbs	encode	2	2	183774
leaderboard	fbs	encode	2	3	178308
leaderboard	fbs	encode	2	4	172115
leaderboard	fbs	encode	2	5	174058
leaderboard	fbs	encode	2	6	177001
leaderboard	fbs	encode	2	7	174457
leaderboard	fbs	encode	2	8	174206
leaderboard	fbs	encode	2	9	174200
leaderboard	fbs	decode	1	1	94955
leaderboard	fbs	decode	1	2	89125
leaderboard	fbs	decode	1	3	95319
leaderboard	fbs	decode	1	4	94945
leaderboard	fbs	decode	1	5	95284
leaderboard	fbs	decode	1	6	93406
leaderboard	fbs	decode	1	7	96920
leaderboard	fbs	decode	1	8	94707
leaderboard	fbs	decode	1	9	97759
leaderboard	fbs	decode	2	1	94692
leaderboard	fbs	decode	2	2	97105
leaderboard	fbs	decode	2	3	95732
leaderboard	fbs	decode	2	4	94868
leaderboard	fbs	decode	2	5	96186
leaderboard	fbs	decode	2	6	96158
leaderboard	fbs	decode	2	7	95603
leaderboard	fbs	decode	2	8	96219
leaderboard	fbs	decode	2	9	96021
leaderboard	serio	encode	1	1	27126
leaderboard	serio	encode	1	2	27419
leaderboard	serio	encode	1	3	27098
leaderboard	serio	encode	1	4	27256
leaderboard	serio	encode	1	5	26948
leaderboard	serio	encode	1	6	27324
leaderboard	serio	encode	1	7	27240
leaderboard	serio	encode	1	8	27073
leaderboard	serio	encode	1	9	27411
leaderboard	serio	encode	2	1	27014
leaderboard	serio	encode	2	2	27256
leaderboard	serio	encode	2	3	27135
leaderboard	serio	encode	2	4	26706
leaderboard	serio	encode	2	5	27271
leaderboard	serio	encode	2	6	26955
leaderboard	serio	encode	2	7	26933
leaderboard	serio	encode	2	8	26795
leaderboard	serio	encode	2	9	27175
leaderboard	serio	decode	1	1	43933
leaderboard	serio	decode	1	2	42329
leaderboard	serio	decode	1	3	43729
leaderboard	serio	decode	1	4	43605
leaderboard	serio	decode	1	5	43598
leaderboard	serio	decode	1	6	44088
leaderboard	serio	decode	1	7	43885
leaderboard	serio	decode	1	8	43587
leaderboard	serio	decode	1	9	43658
leaderboard	serio	decode	2	1	43513
leaderboard	serio	decode	2	2	43402
leaderboard	serio	decode	2	3	43708
leaderboard	serio	decode	2	4	43724
leaderboard	serio	decode	2	5	43605
leaderboard	serio	decode	2	6	43726
leaderboard	serio	decode	2	7	43526
leaderboard	serio	decode	2	8	44106
leaderboard	serio	decode	2	9	43710
leaderboard	flamework2	encode	1	1	308367
leaderboard	flamework2	encode	1	2	317756
leaderboard	flamework2	encode	1	3	317297
leaderboard	flamework2	encode	1	4	311245
leaderboard	flamework2	encode	1	5	311077
leaderboard	flamework2	encode	1	6	313121
leaderboard	flamework2	encode	1	7	306663
leaderboard	flamework2	encode	1	8	316540
leaderboard	flamework2	encode	1	9	311126
leaderboard	flamework2	encode	2	1	296644
leaderboard	flamework2	encode	2	2	316205
leaderboard	flamework2	encode	2	3	286750
leaderboard	flamework2	encode	2	4	293367
leaderboard	flamework2	encode	2	5	297704
leaderboard	flamework2	encode	2	6	290374
leaderboard	flamework2	encode	2	7	298689
leaderboard	flamework2	encode	2	8	294434
leaderboard	flamework2	encode	2	9	295271
leaderboard	flamework2	decode	1	1	138366
leaderboard	flamework2	decode	1	2	126635
leaderboard	flamework2	decode	1	3	134299
leaderboard	flamework2	decode	1	4	140121
leaderboard	flamework2	decode	1	5	140442
leaderboard	flamework2	decode	1	6	138110
leaderboard	flamework2	decode	1	7	140998
leaderboard	flamework2	decode	1	8	138750
leaderboard	flamework2	decode	1	9	137014
leaderboard	flamework2	decode	2	1	136162
leaderboard	flamework2	decode	2	2	135623
leaderboard	flamework2	decode	2	3	139101
leaderboard	flamework2	decode	2	4	137203
leaderboard	flamework2	decode	2	5	138717
leaderboard	flamework2	decode	2	6	136522
leaderboard	flamework2	decode	2	7	138083
leaderboard	flamework2	decode	2	8	135067
leaderboard	flamework2	decode	2	9	138808
leaderboard	blink	encode	1	1	220813
leaderboard	blink	encode	1	2	220738
leaderboard	blink	encode	1	3	227230
leaderboard	blink	encode	1	4	210797
leaderboard	blink	encode	1	5	224399
leaderboard	blink	encode	1	6	220580
leaderboard	blink	encode	1	7	220604
leaderboard	blink	encode	1	8	222029
leaderboard	blink	encode	1	9	226987
leaderboard	blink	encode	2	1	202082
leaderboard	blink	encode	2	2	222358
leaderboard	blink	encode	2	3	189301
leaderboard	blink	encode	2	4	199884
leaderboard	blink	encode	2	5	200889
leaderboard	blink	encode	2	6	203305
leaderboard	blink	encode	2	7	198959
leaderboard	blink	encode	2	8	190797
leaderboard	blink	encode	2	9	203696
leaderboard	blink	decode	1	1	96084
leaderboard	blink	decode	1	2	91757
leaderboard	blink	decode	1	3	98626
leaderboard	blink	decode	1	4	96312
leaderboard	blink	decode	1	5	98036
leaderboard	blink	decode	1	6	97435
leaderboard	blink	decode	1	7	97255
leaderboard	blink	decode	1	8	98466
leaderboard	blink	decode	1	9	97478
leaderboard	blink	decode	2	1	97254
leaderboard	blink	decode	2	2	96486
leaderboard	blink	decode	2	3	94464
leaderboard	blink	decode	2	4	98537
leaderboard	blink	decode	2	5	97968
leaderboard	blink	decode	2	6	98506
leaderboard	blink	decode	2	7	97406
leaderboard	blink	decode	2	8	96089
leaderboard	blink	decode	2	9	97216
leaderboard	baseline	encode	1	1	539523
leaderboard	baseline	encode	1	2	546382
leaderboard	baseline	encode	1	3	540617
leaderboard	baseline	encode	1	4	516786
leaderboard	baseline	encode	1	5	532498
leaderboard	baseline	encode	1	6	544220
leaderboard	baseline	encode	1	7	542159
leaderboard	baseline	encode	1	8	542831
leaderboard	baseline	encode	1	9	538545
leaderboard	baseline	encode	2	1	487334
leaderboard	baseline	encode	2	2	539248
leaderboard	baseline	encode	2	3	487152
leaderboard	baseline	encode	2	4	499977
leaderboard	baseline	encode	2	5	497100
leaderboard	baseline	encode	2	6	484830
leaderboard	baseline	encode	2	7	500307
leaderboard	baseline	encode	2	8	476931
leaderboard	baseline	encode	2	9	490528
leaderboard	baseline	decode	1	1	149247
leaderboard	baseline	decode	1	2	163341
leaderboard	baseline	decode	1	3	169920
leaderboard	baseline	decode	1	4	165694
leaderboard	baseline	decode	1	5	166121
leaderboard	baseline	decode	1	6	168081
leaderboard	baseline	decode	1	7	159936
leaderboard	baseline	decode	1	8	164938
leaderboard	baseline	decode	1	9	164656
leaderboard	baseline	decode	2	1	167516
leaderboard	baseline	decode	2	2	164604
leaderboard	baseline	decode	2	3	162038
leaderboard	baseline	decode	2	4	163692
leaderboard	baseline	decode	2	5	162090
leaderboard	baseline	decode	2	6	161121
leaderboard	baseline	decode	2	7	161341
leaderboard	baseline	decode	2	8	168014
leaderboard	baseline	decode	2	9	166141
enum-heavy	surge	encode	1	1	320498
enum-heavy	surge	encode	1	2	316648
enum-heavy	surge	encode	1	3	319880
enum-heavy	surge	encode	1	4	322455
enum-heavy	surge	encode	1	5	322912
enum-heavy	surge	encode	1	6	316414
enum-heavy	surge	encode	1	7	320749
enum-heavy	surge	encode	1	8	319644
enum-heavy	surge	encode	1	9	318625
enum-heavy	surge	encode	2	1	325336
enum-heavy	surge	encode	2	2	322303
enum-heavy	surge	encode	2	3	320027
enum-heavy	surge	encode	2	4	324567
enum-heavy	surge	encode	2	5	321798
enum-heavy	surge	encode	2	6	318745
enum-heavy	surge	encode	2	7	322825
enum-heavy	surge	encode	2	8	323654
enum-heavy	surge	encode	2	9	319208
enum-heavy	surge	decode	1	1	839448
enum-heavy	surge	decode	1	2	822216
enum-heavy	surge	decode	1	3	830247
enum-heavy	surge	decode	1	4	809648
enum-heavy	surge	decode	1	5	830926
enum-heavy	surge	decode	1	6	843556
enum-heavy	surge	decode	1	7	835911
enum-heavy	surge	decode	1	8	789930
enum-heavy	surge	decode	1	9	828678
enum-heavy	surge	decode	2	1	775828
enum-heavy	surge	decode	2	2	797751
enum-heavy	surge	decode	2	3	812302
enum-heavy	surge	decode	2	4	800876
enum-heavy	surge	decode	2	5	792307
enum-heavy	surge	decode	2	6	817196
enum-heavy	surge	decode	2	7	771414
enum-heavy	surge	decode	2	8	783196
enum-heavy	surge	decode	2	9	786533
enum-heavy	fbs	encode	1	1	83732
enum-heavy	fbs	encode	1	2	84130
enum-heavy	fbs	encode	1	3	83889
enum-heavy	fbs	encode	1	4	83775
enum-heavy	fbs	encode	1	5	84078
enum-heavy	fbs	encode	1	6	83792
enum-heavy	fbs	encode	1	7	83470
enum-heavy	fbs	encode	1	8	84850
enum-heavy	fbs	encode	1	9	84332
enum-heavy	fbs	encode	2	1	83469
enum-heavy	fbs	encode	2	2	84948
enum-heavy	fbs	encode	2	3	83949
enum-heavy	fbs	encode	2	4	86579
enum-heavy	fbs	encode	2	5	86189
enum-heavy	fbs	encode	2	6	84601
enum-heavy	fbs	encode	2	7	84930
enum-heavy	fbs	encode	2	8	84784
enum-heavy	fbs	encode	2	9	83918
enum-heavy	fbs	decode	1	1	268138
enum-heavy	fbs	decode	1	2	268110
enum-heavy	fbs	decode	1	3	271616
enum-heavy	fbs	decode	1	4	271211
enum-heavy	fbs	decode	1	5	270146
enum-heavy	fbs	decode	1	6	267116
enum-heavy	fbs	decode	1	7	267398
enum-heavy	fbs	decode	1	8	263644
enum-heavy	fbs	decode	1	9	270310
enum-heavy	fbs	decode	2	1	275334
enum-heavy	fbs	decode	2	2	278564
enum-heavy	fbs	decode	2	3	279274
enum-heavy	fbs	decode	2	4	281568
enum-heavy	fbs	decode	2	5	281032
enum-heavy	fbs	decode	2	6	278737
enum-heavy	fbs	decode	2	7	274463
enum-heavy	fbs	decode	2	8	277989
enum-heavy	fbs	decode	2	9	283008
enum-heavy	serio	encode	1	1	41745
enum-heavy	serio	encode	1	2	42407
enum-heavy	serio	encode	1	3	42373
enum-heavy	serio	encode	1	4	42180
enum-heavy	serio	encode	1	5	42370
enum-heavy	serio	encode	1	6	42074
enum-heavy	serio	encode	1	7	42167
enum-heavy	serio	encode	1	8	42258
enum-heavy	serio	encode	1	9	42326
enum-heavy	serio	encode	2	1	42204
enum-heavy	serio	encode	2	2	42167
enum-heavy	serio	encode	2	3	42257
enum-heavy	serio	encode	2	4	42440
enum-heavy	serio	encode	2	5	42168
enum-heavy	serio	encode	2	6	42023
enum-heavy	serio	encode	2	7	42276
enum-heavy	serio	encode	2	8	42010
enum-heavy	serio	encode	2	9	42179
enum-heavy	serio	decode	1	1	109573
enum-heavy	serio	decode	1	2	110769
enum-heavy	serio	decode	1	3	110544
enum-heavy	serio	decode	1	4	109725
enum-heavy	serio	decode	1	5	109295
enum-heavy	serio	decode	1	6	109554
enum-heavy	serio	decode	1	7	108850
enum-heavy	serio	decode	1	8	110752
enum-heavy	serio	decode	1	9	108830
enum-heavy	serio	decode	2	1	108128
enum-heavy	serio	decode	2	2	106996
enum-heavy	serio	decode	2	3	108887
enum-heavy	serio	decode	2	4	110494
enum-heavy	serio	decode	2	5	110912
enum-heavy	serio	decode	2	6	108058
enum-heavy	serio	decode	2	7	99918
enum-heavy	serio	decode	2	8	109684
enum-heavy	serio	decode	2	9	108600
enum-heavy	flamework2	encode	1	1	558011
enum-heavy	flamework2	encode	1	2	558587
enum-heavy	flamework2	encode	1	3	549594
enum-heavy	flamework2	encode	1	4	554552
enum-heavy	flamework2	encode	1	5	552960
enum-heavy	flamework2	encode	1	6	562532
enum-heavy	flamework2	encode	1	7	556076
enum-heavy	flamework2	encode	1	8	554637
enum-heavy	flamework2	encode	1	9	555170
enum-heavy	flamework2	encode	2	1	548376
enum-heavy	flamework2	encode	2	2	543927
enum-heavy	flamework2	encode	2	3	538502
enum-heavy	flamework2	encode	2	4	543140
enum-heavy	flamework2	encode	2	5	543678
enum-heavy	flamework2	encode	2	6	542570
enum-heavy	flamework2	encode	2	7	547299
enum-heavy	flamework2	encode	2	8	542661
enum-heavy	flamework2	encode	2	9	534990
enum-heavy	flamework2	decode	1	1	560567
enum-heavy	flamework2	decode	1	2	540329
enum-heavy	flamework2	decode	1	3	549522
enum-heavy	flamework2	decode	1	4	548672
enum-heavy	flamework2	decode	1	5	554999
enum-heavy	flamework2	decode	1	6	545523
enum-heavy	flamework2	decode	1	7	538705
enum-heavy	flamework2	decode	1	8	539474
enum-heavy	flamework2	decode	1	9	535956
enum-heavy	flamework2	decode	2	1	545640
enum-heavy	flamework2	decode	2	2	545322
enum-heavy	flamework2	decode	2	3	535458
enum-heavy	flamework2	decode	2	4	544140
enum-heavy	flamework2	decode	2	5	551268
enum-heavy	flamework2	decode	2	6	531072
enum-heavy	flamework2	decode	2	7	530559
enum-heavy	flamework2	decode	2	8	541790
enum-heavy	flamework2	decode	2	9	549210
tagged union	surge	encode	1	1	390807
tagged union	surge	encode	1	2	390110
tagged union	surge	encode	1	3	387870
tagged union	surge	encode	1	4	384207
tagged union	surge	encode	1	5	360804
tagged union	surge	encode	1	6	384634
tagged union	surge	encode	1	7	383255
tagged union	surge	encode	1	8	376436
tagged union	surge	encode	1	9	364336
tagged union	surge	encode	2	1	361425
tagged union	surge	encode	2	2	369501
tagged union	surge	encode	2	3	371287
tagged union	surge	encode	2	4	369852
tagged union	surge	encode	2	5	354966
tagged union	surge	encode	2	6	372318
tagged union	surge	encode	2	7	365947
tagged union	surge	encode	2	8	371525
tagged union	surge	encode	2	9	364885
tagged union	surge	decode	1	1	98496
tagged union	surge	decode	1	2	103987
tagged union	surge	decode	1	3	103100
tagged union	surge	decode	1	4	104737
tagged union	surge	decode	1	5	98364
tagged union	surge	decode	1	6	98016
tagged union	surge	decode	1	7	104738
tagged union	surge	decode	1	8	98167
tagged union	surge	decode	1	9	98341
tagged union	surge	decode	2	1	101924
tagged union	surge	decode	2	2	92806
tagged union	surge	decode	2	3	102110
tagged union	surge	decode	2	4	101846
tagged union	surge	decode	2	5	101101
tagged union	surge	decode	2	6	101851
tagged union	surge	decode	2	7	103387
tagged union	surge	decode	2	8	102542
tagged union	surge	decode	2	9	103882
tagged union	fbs	encode	1	1	89115
tagged union	fbs	encode	1	2	91908
tagged union	fbs	encode	1	3	90663
tagged union	fbs	encode	1	4	90494
tagged union	fbs	encode	1	5	87605
tagged union	fbs	encode	1	6	89279
tagged union	fbs	encode	1	7	91114
tagged union	fbs	encode	1	8	89384
tagged union	fbs	encode	1	9	87141
tagged union	fbs	encode	2	1	87655
tagged union	fbs	encode	2	2	88960
tagged union	fbs	encode	2	3	87842
tagged union	fbs	encode	2	4	87951
tagged union	fbs	encode	2	5	87082
tagged union	fbs	encode	2	6	87884
tagged union	fbs	encode	2	7	86914
tagged union	fbs	encode	2	8	88574
tagged union	fbs	encode	2	9	87498
tagged union	fbs	decode	1	1	45510
tagged union	fbs	decode	1	2	46441
tagged union	fbs	decode	1	3	44899
tagged union	fbs	decode	1	4	45708
tagged union	fbs	decode	1	5	45834
tagged union	fbs	decode	1	6	46634
tagged union	fbs	decode	1	7	44363
tagged union	fbs	decode	1	8	45769
tagged union	fbs	decode	1	9	45472
tagged union	fbs	decode	2	1	44815
tagged union	fbs	decode	2	2	43516
tagged union	fbs	decode	2	3	46585
tagged union	fbs	decode	2	4	45578
tagged union	fbs	decode	2	5	44810
tagged union	fbs	decode	2	6	46160
tagged union	fbs	decode	2	7	45728
tagged union	fbs	decode	2	8	45741
tagged union	fbs	decode	2	9	45652
tagged union	serio	encode	1	1	13711
tagged union	serio	encode	1	2	13599
tagged union	serio	encode	1	3	13547
tagged union	serio	encode	1	4	13688
tagged union	serio	encode	1	5	13664
tagged union	serio	encode	1	6	13677
tagged union	serio	encode	1	7	13715
tagged union	serio	encode	1	8	13830
tagged union	serio	encode	1	9	13682
tagged union	serio	encode	2	1	13629
tagged union	serio	encode	2	2	13680
tagged union	serio	encode	2	3	13714
tagged union	serio	encode	2	4	13576
tagged union	serio	encode	2	5	13841
tagged union	serio	encode	2	6	13606
tagged union	serio	encode	2	7	13742
tagged union	serio	encode	2	8	13858
tagged union	serio	encode	2	9	13863
tagged union	serio	decode	1	1	19758
tagged union	serio	decode	1	2	20213
tagged union	serio	decode	1	3	20297
tagged union	serio	decode	1	4	20085
tagged union	serio	decode	1	5	20156
tagged union	serio	decode	1	6	20253
tagged union	serio	decode	1	7	20219
tagged union	serio	decode	1	8	19837
tagged union	serio	decode	1	9	19959
tagged union	serio	decode	2	1	19818
tagged union	serio	decode	2	2	20323
tagged union	serio	decode	2	3	19908
tagged union	serio	decode	2	4	20115
tagged union	serio	decode	2	5	19894
tagged union	serio	decode	2	6	19892
tagged union	serio	decode	2	7	20277
tagged union	serio	decode	2	8	19921
tagged union	serio	decode	2	9	20293
tagged union	flamework2	encode	1	1	209928
tagged union	flamework2	encode	1	2	205350
tagged union	flamework2	encode	1	3	210627
tagged union	flamework2	encode	1	4	206993
tagged union	flamework2	encode	1	5	208112
tagged union	flamework2	encode	1	6	211033
tagged union	flamework2	encode	1	7	209024
tagged union	flamework2	encode	1	8	209926
tagged union	flamework2	encode	1	9	205519
tagged union	flamework2	encode	2	1	203156
tagged union	flamework2	encode	2	2	203403
tagged union	flamework2	encode	2	3	204578
tagged union	flamework2	encode	2	4	190396
tagged union	flamework2	encode	2	5	201987
tagged union	flamework2	encode	2	6	204046
tagged union	flamework2	encode	2	7	203983
tagged union	flamework2	encode	2	8	202682
tagged union	flamework2	encode	2	9	203649
tagged union	flamework2	decode	1	1	85692
tagged union	flamework2	decode	1	2	89664
tagged union	flamework2	decode	1	3	89445
tagged union	flamework2	decode	1	4	87354
tagged union	flamework2	decode	1	5	88667
tagged union	flamework2	decode	1	6	87445
tagged union	flamework2	decode	1	7	86099
tagged union	flamework2	decode	1	8	89841
tagged union	flamework2	decode	1	9	86773
tagged union	flamework2	decode	2	1	80523
tagged union	flamework2	decode	2	2	88502
tagged union	flamework2	decode	2	3	91128
tagged union	flamework2	decode	2	4	90703
tagged union	flamework2	decode	2	5	91417
tagged union	flamework2	decode	2	6	91368
tagged union	flamework2	decode	2	7	89855
tagged union	flamework2	decode	2	8	87547
tagged union	flamework2	decode	2	9	85932
tagged union	blink	encode	1	1	143253
tagged union	blink	encode	1	2	146215
tagged union	blink	encode	1	3	147950
tagged union	blink	encode	1	4	147560
tagged union	blink	encode	1	5	147405
tagged union	blink	encode	1	6	145975
tagged union	blink	encode	1	7	145110
tagged union	blink	encode	1	8	149191
tagged union	blink	encode	1	9	137010
tagged union	blink	encode	2	1	136952
tagged union	blink	encode	2	2	135020
tagged union	blink	encode	2	3	134487
tagged union	blink	encode	2	4	124738
tagged union	blink	encode	2	5	136801
tagged union	blink	encode	2	6	135543
tagged union	blink	encode	2	7	138454
tagged union	blink	encode	2	8	138348
tagged union	blink	encode	2	9	137292
tagged union	blink	decode	1	1	54877
tagged union	blink	decode	1	2	57099
tagged union	blink	decode	1	3	56731
tagged union	blink	decode	1	4	58446
tagged union	blink	decode	1	5	57368
tagged union	blink	decode	1	6	56782
tagged union	blink	decode	1	7	55747
tagged union	blink	decode	1	8	57384
tagged union	blink	decode	1	9	58024
tagged union	blink	decode	2	1	53722
tagged union	blink	decode	2	2	57678
tagged union	blink	decode	2	3	55851
tagged union	blink	decode	2	4	56118
tagged union	blink	decode	2	5	58637
tagged union	blink	decode	2	6	57642
tagged union	blink	decode	2	7	56461
tagged union	blink	decode	2	8	57075
tagged union	blink	decode	2	9	56886
tagged union	baseline	encode	1	1	392443
tagged union	baseline	encode	1	2	393338
tagged union	baseline	encode	1	3	391229
tagged union	baseline	encode	1	4	383971
tagged union	baseline	encode	1	5	395655
tagged union	baseline	encode	1	6	396746
tagged union	baseline	encode	1	7	387406
tagged union	baseline	encode	1	8	399412
tagged union	baseline	encode	1	9	375877
tagged union	baseline	encode	2	1	366073
tagged union	baseline	encode	2	2	370269
tagged union	baseline	encode	2	3	375329
tagged union	baseline	encode	2	4	360567
tagged union	baseline	encode	2	5	377257
tagged union	baseline	encode	2	6	376388
tagged union	baseline	encode	2	7	377283
tagged union	baseline	encode	2	8	374484
tagged union	baseline	encode	2	9	366939
tagged union	baseline	decode	1	1	95882
tagged union	baseline	decode	1	2	99728
tagged union	baseline	decode	1	3	99680
tagged union	baseline	decode	1	4	99167
tagged union	baseline	decode	1	5	103620
tagged union	baseline	decode	1	6	102069
tagged union	baseline	decode	1	7	97259
tagged union	baseline	decode	1	8	96385
tagged union	baseline	decode	1	9	97420
tagged union	baseline	decode	2	1	90898
tagged union	baseline	decode	2	2	101341
tagged union	baseline	decode	2	3	103779
tagged union	baseline	decode	2	4	102817
tagged union	baseline	decode	2	5	99984
tagged union	baseline	decode	2	6	98468
tagged union	baseline	decode	2	7	102207
tagged union	baseline	decode	2	8	102289
tagged union	baseline	decode	2	9	103140
guarded union	surge	encode	1	1	661156
guarded union	surge	encode	1	2	664876
guarded union	surge	encode	1	3	666358
guarded union	surge	encode	1	4	655923
guarded union	surge	encode	1	5	665998
guarded union	surge	encode	1	6	652818
guarded union	surge	encode	1	7	662457
guarded union	surge	encode	1	8	660754
guarded union	surge	encode	1	9	637178
guarded union	surge	encode	2	1	660336
guarded union	surge	encode	2	2	660713
guarded union	surge	encode	2	3	666386
guarded union	surge	encode	2	4	649562
guarded union	surge	encode	2	5	659032
guarded union	surge	encode	2	6	665260
guarded union	surge	encode	2	7	662879
guarded union	surge	encode	2	8	653965
guarded union	surge	encode	2	9	659423
guarded union	surge	decode	1	1	462298
guarded union	surge	decode	1	2	464787
guarded union	surge	decode	1	3	463121
guarded union	surge	decode	1	4	467112
guarded union	surge	decode	1	5	449759
guarded union	surge	decode	1	6	452973
guarded union	surge	decode	1	7	467452
guarded union	surge	decode	1	8	463710
guarded union	surge	decode	1	9	468597
guarded union	surge	decode	2	1	457504
guarded union	surge	decode	2	2	461928
guarded union	surge	decode	2	3	465225
guarded union	surge	decode	2	4	436474
guarded union	surge	decode	2	5	461365
guarded union	surge	decode	2	6	460823
guarded union	surge	decode	2	7	465329
guarded union	surge	decode	2	8	468276
guarded union	surge	decode	2	9	459511
guarded union	fbs	encode	1	1	75567
guarded union	fbs	encode	1	2	75186
guarded union	fbs	encode	1	3	74841
guarded union	fbs	encode	1	4	76768
guarded union	fbs	encode	1	5	74562
guarded union	fbs	encode	1	6	75763
guarded union	fbs	encode	1	7	75926
guarded union	fbs	encode	1	8	75526
guarded union	fbs	encode	1	9	75449
guarded union	fbs	encode	2	1	75123
guarded union	fbs	encode	2	2	74398
guarded union	fbs	encode	2	3	74495
guarded union	fbs	encode	2	4	75470
guarded union	fbs	encode	2	5	73524
guarded union	fbs	encode	2	6	74688
guarded union	fbs	encode	2	7	74976
guarded union	fbs	encode	2	8	74328
guarded union	fbs	encode	2	9	74459
guarded union	fbs	decode	1	1	156981
guarded union	fbs	decode	1	2	158499
guarded union	fbs	decode	1	3	158652
guarded union	fbs	decode	1	4	157061
guarded union	fbs	decode	1	5	155120
guarded union	fbs	decode	1	6	156153
guarded union	fbs	decode	1	7	160150
guarded union	fbs	decode	1	8	159781
guarded union	fbs	decode	1	9	158231
guarded union	fbs	decode	2	1	159073
guarded union	fbs	decode	2	2	158971
guarded union	fbs	decode	2	3	157675
guarded union	fbs	decode	2	4	158884
guarded union	fbs	decode	2	5	160205
guarded union	fbs	decode	2	6	155993
guarded union	fbs	decode	2	7	156738
guarded union	fbs	decode	2	8	158989
guarded union	fbs	decode	2	9	158450
guarded union	serio	encode	1	1	20309
guarded union	serio	encode	1	2	20194
guarded union	serio	encode	1	3	20211
guarded union	serio	encode	1	4	20237
guarded union	serio	encode	1	5	20160
guarded union	serio	encode	1	6	20453
guarded union	serio	encode	1	7	20370
guarded union	serio	encode	1	8	20299
guarded union	serio	encode	1	9	19995
guarded union	serio	encode	2	1	20328
guarded union	serio	encode	2	2	20165
guarded union	serio	encode	2	3	20211
guarded union	serio	encode	2	4	20045
guarded union	serio	encode	2	5	20042
guarded union	serio	encode	2	6	20075
guarded union	serio	encode	2	7	20253
guarded union	serio	encode	2	8	20221
guarded union	serio	encode	2	9	20047
guarded union	serio	decode	1	1	46512
guarded union	serio	decode	1	2	46118
guarded union	serio	decode	1	3	45926
guarded union	serio	decode	1	4	45323
guarded union	serio	decode	1	5	45659
guarded union	serio	decode	1	6	46404
guarded union	serio	decode	1	7	46121
guarded union	serio	decode	1	8	45555
guarded union	serio	decode	1	9	46242
guarded union	serio	decode	2	1	46030
guarded union	serio	decode	2	2	45871
guarded union	serio	decode	2	3	45595
guarded union	serio	decode	2	4	46013
guarded union	serio	decode	2	5	45830
guarded union	serio	decode	2	6	46531
guarded union	serio	decode	2	7	46113
guarded union	serio	decode	2	8	45318
guarded union	serio	decode	2	9	46142
guarded union	flamework2	encode	1	1	511904
guarded union	flamework2	encode	1	2	510664
guarded union	flamework2	encode	1	3	515324
guarded union	flamework2	encode	1	4	504702
guarded union	flamework2	encode	1	5	492324
guarded union	flamework2	encode	1	6	512512
guarded union	flamework2	encode	1	7	514973
guarded union	flamework2	encode	1	8	493270
guarded union	flamework2	encode	1	9	492997
guarded union	flamework2	encode	2	1	507895
guarded union	flamework2	encode	2	2	509934
guarded union	flamework2	encode	2	3	518846
guarded union	flamework2	encode	2	4	498642
guarded union	flamework2	encode	2	5	511131
guarded union	flamework2	encode	2	6	500393
guarded union	flamework2	encode	2	7	509555
guarded union	flamework2	encode	2	8	508532
guarded union	flamework2	encode	2	9	510944
guarded union	flamework2	decode	1	1	417588
guarded union	flamework2	decode	1	2	414607
guarded union	flamework2	decode	1	3	415871
guarded union	flamework2	decode	1	4	398464
guarded union	flamework2	decode	1	5	405881
guarded union	flamework2	decode	1	6	415700
guarded union	flamework2	decode	1	7	416147
guarded union	flamework2	decode	1	8	421916
guarded union	flamework2	decode	1	9	419550
guarded union	flamework2	decode	2	1	423468
guarded union	flamework2	decode	2	2	420140
guarded union	flamework2	decode	2	3	377340
guarded union	flamework2	decode	2	4	413477
guarded union	flamework2	decode	2	5	420313
guarded union	flamework2	decode	2	6	414991
guarded union	flamework2	decode	2	7	418614
guarded union	flamework2	decode	2	8	417367
guarded union	flamework2	decode	2	9	416742
tree	surge	encode	1	1	479089
tree	surge	encode	1	2	475387
tree	surge	encode	1	3	478352
tree	surge	encode	1	4	463558
tree	surge	encode	1	5	472313
tree	surge	encode	1	6	418156
tree	surge	encode	1	7	420078
tree	surge	encode	1	8	424250
tree	surge	encode	1	9	421652
tree	surge	encode	2	1	502112
tree	surge	encode	2	2	492911
tree	surge	encode	2	3	494741
tree	surge	encode	2	4	495194
tree	surge	encode	2	5	494729
tree	surge	encode	2	6	496292
tree	surge	encode	2	7	485798
tree	surge	encode	2	8	493022
tree	surge	encode	2	9	494825
tree	surge	decode	1	1	99690
tree	surge	decode	1	2	95727
tree	surge	decode	1	3	98140
tree	surge	decode	1	4	100714
tree	surge	decode	1	5	97879
tree	surge	decode	1	6	102145
tree	surge	decode	1	7	97329
tree	surge	decode	1	8	100914
tree	surge	decode	1	9	101426
tree	surge	decode	2	1	99352
tree	surge	decode	2	2	99839
tree	surge	decode	2	3	98737
tree	surge	decode	2	4	97210
tree	surge	decode	2	5	96470
tree	surge	decode	2	6	96245
tree	surge	decode	2	7	96447
tree	surge	decode	2	8	98536
tree	surge	decode	2	9	98176
tree	flamework2	encode	1	1	282567
tree	flamework2	encode	1	2	282253
tree	flamework2	encode	1	3	282472
tree	flamework2	encode	1	4	280999
tree	flamework2	encode	1	5	280595
tree	flamework2	encode	1	6	286490
tree	flamework2	encode	1	7	280783
tree	flamework2	encode	1	8	283826
tree	flamework2	encode	1	9	283855
tree	flamework2	encode	2	1	286789
tree	flamework2	encode	2	2	290764
tree	flamework2	encode	2	3	289240
tree	flamework2	encode	2	4	291683
tree	flamework2	encode	2	5	287487
tree	flamework2	encode	2	6	287590
tree	flamework2	encode	2	7	287935
tree	flamework2	encode	2	8	286998
tree	flamework2	encode	2	9	287854
tree	flamework2	decode	1	1	87756
tree	flamework2	decode	1	2	74027
tree	flamework2	decode	1	3	87067
tree	flamework2	decode	1	4	86908
tree	flamework2	decode	1	5	88416
tree	flamework2	decode	1	6	87783
tree	flamework2	decode	1	7	88707
tree	flamework2	decode	1	8	86961
tree	flamework2	decode	1	9	86793
tree	flamework2	decode	2	1	88287
tree	flamework2	decode	2	2	88311
tree	flamework2	decode	2	3	89209
tree	flamework2	decode	2	4	84128
tree	flamework2	decode	2	5	88411
tree	flamework2	decode	2	6	87838
tree	flamework2	decode	2	7	87968
tree	flamework2	decode	2	8	85048
tree	flamework2	decode	2	9	88634
tree	baseline	encode	1	1	471370
tree	baseline	encode	1	2	469488
tree	baseline	encode	1	3	460619
tree	baseline	encode	1	4	460032
tree	baseline	encode	1	5	405695
tree	baseline	encode	1	6	420502
tree	baseline	encode	1	7	436239
tree	baseline	encode	1	8	408073
tree	baseline	encode	1	9	437225
tree	baseline	encode	2	1	476281
tree	baseline	encode	2	2	477555
tree	baseline	encode	2	3	477632
tree	baseline	encode	2	4	477298
tree	baseline	encode	2	5	473332
tree	baseline	encode	2	6	467684
tree	baseline	encode	2	7	476399
tree	baseline	encode	2	8	476465
tree	baseline	encode	2	9	477635
tree	baseline	decode	1	1	99178
tree	baseline	decode	1	2	86156
tree	baseline	decode	1	3	101107
tree	baseline	decode	1	4	102918
tree	baseline	decode	1	5	103534
tree	baseline	decode	1	6	103678
tree	baseline	decode	1	7	103393
tree	baseline	decode	1	8	102685
tree	baseline	decode	1	9	106455
tree	baseline	decode	2	1	103576
tree	baseline	decode	2	2	102810
tree	baseline	decode	2	3	104724
tree	baseline	decode	2	4	102596
tree	baseline	decode	2	5	102073
tree	baseline	decode	2	6	105109
tree	baseline	decode	2	7	102446
tree	baseline	decode	2	8	104954
tree	baseline	decode	2	9	102313
instance references	surge	encode	1	1	991376
instance references	surge	encode	1	2	993579
instance references	surge	encode	1	3	1005722
instance references	surge	encode	1	4	997191
instance references	surge	encode	1	5	995266
instance references	surge	encode	1	6	984380
instance references	surge	encode	1	7	970290
instance references	surge	encode	1	8	991989
instance references	surge	encode	1	9	993233
instance references	surge	encode	2	1	1017222
instance references	surge	encode	2	2	1013719
instance references	surge	encode	2	3	978275
instance references	surge	encode	2	4	970854
instance references	surge	encode	2	5	976543
instance references	surge	encode	2	6	972481
instance references	surge	encode	2	7	969092
instance references	surge	encode	2	8	983256
instance references	surge	encode	2	9	974907
instance references	surge	decode	1	1	277977
instance references	surge	decode	1	2	267605
instance references	surge	decode	1	3	275714
instance references	surge	decode	1	4	272235
instance references	surge	decode	1	5	274234
instance references	surge	decode	1	6	278967
instance references	surge	decode	1	7	273267
instance references	surge	decode	1	8	281868
instance references	surge	decode	1	9	279886
instance references	surge	decode	2	1	284424
instance references	surge	decode	2	2	278722
instance references	surge	decode	2	3	280726
instance references	surge	decode	2	4	275903
instance references	surge	decode	2	5	272457
instance references	surge	decode	2	6	263703
instance references	surge	decode	2	7	279000
instance references	surge	decode	2	8	267018
instance references	surge	decode	2	9	250114
instance references	fbs	encode	1	1	250588
instance references	fbs	encode	1	2	252187
instance references	fbs	encode	1	3	253286
instance references	fbs	encode	1	4	252807
instance references	fbs	encode	1	5	254188
instance references	fbs	encode	1	6	251799
instance references	fbs	encode	1	7	252537
instance references	fbs	encode	1	8	251537
instance references	fbs	encode	1	9	254723
instance references	fbs	encode	2	1	252682
instance references	fbs	encode	2	2	251203
instance references	fbs	encode	2	3	246895
instance references	fbs	encode	2	4	252198
instance references	fbs	encode	2	5	247666
instance references	fbs	encode	2	6	249991
instance references	fbs	encode	2	7	250610
instance references	fbs	encode	2	8	248339
instance references	fbs	encode	2	9	249391
instance references	fbs	decode	1	1	145216
instance references	fbs	decode	1	2	150419
instance references	fbs	decode	1	3	146751
instance references	fbs	decode	1	4	152756
instance references	fbs	decode	1	5	150805
instance references	fbs	decode	1	6	148176
instance references	fbs	decode	1	7	147784
instance references	fbs	decode	1	8	148942
instance references	fbs	decode	1	9	151714
instance references	fbs	decode	2	1	144551
instance references	fbs	decode	2	2	148340
instance references	fbs	decode	2	3	148275
instance references	fbs	decode	2	4	147955
instance references	fbs	decode	2	5	146023
instance references	fbs	decode	2	6	141860
instance references	fbs	decode	2	7	149917
instance references	fbs	decode	2	8	149171
instance references	fbs	decode	2	9	141724
instance references	serio	encode	1	1	47946
instance references	serio	encode	1	2	48801
instance references	serio	encode	1	3	48122
instance references	serio	encode	1	4	47913
instance references	serio	encode	1	5	48250
instance references	serio	encode	1	6	48630
instance references	serio	encode	1	7	48453
instance references	serio	encode	1	8	48091
instance references	serio	encode	1	9	48959
instance references	serio	encode	2	1	48728
instance references	serio	encode	2	2	48228
instance references	serio	encode	2	3	48060
instance references	serio	encode	2	4	48478
instance references	serio	encode	2	5	48717
instance references	serio	encode	2	6	48056
instance references	serio	encode	2	7	48615
instance references	serio	encode	2	8	48249
instance references	serio	encode	2	9	48391
instance references	serio	decode	1	1	58958
instance references	serio	decode	1	2	59394
instance references	serio	decode	1	3	59208
instance references	serio	decode	1	4	59170
instance references	serio	decode	1	5	58704
instance references	serio	decode	1	6	59777
instance references	serio	decode	1	7	58248
instance references	serio	decode	1	8	58466
instance references	serio	decode	1	9	58973
instance references	serio	decode	2	1	57908
instance references	serio	decode	2	2	58679
instance references	serio	decode	2	3	57126
instance references	serio	decode	2	4	58674
instance references	serio	decode	2	5	58466
instance references	serio	decode	2	6	56335
instance references	serio	decode	2	7	58670
instance references	serio	decode	2	8	57058
instance references	serio	decode	2	9	56818
instance references	flamework2	encode	1	1	610704
instance references	flamework2	encode	1	2	627631
instance references	flamework2	encode	1	3	626121
instance references	flamework2	encode	1	4	617282
instance references	flamework2	encode	1	5	633728
instance references	flamework2	encode	1	6	584850
instance references	flamework2	encode	1	7	622347
instance references	flamework2	encode	1	8	634830
instance references	flamework2	encode	1	9	614976
instance references	flamework2	encode	2	1	599534
instance references	flamework2	encode	2	2	618612
instance references	flamework2	encode	2	3	621028
instance references	flamework2	encode	2	4	623971
instance references	flamework2	encode	2	5	617728
instance references	flamework2	encode	2	6	624876
instance references	flamework2	encode	2	7	619117
instance references	flamework2	encode	2	8	616872
instance references	flamework2	encode	2	9	617944
instance references	flamework2	decode	1	1	273615
instance references	flamework2	decode	1	2	263657
instance references	flamework2	decode	1	3	274813
instance references	flamework2	decode	1	4	276086
instance references	flamework2	decode	1	5	276998
instance references	flamework2	decode	1	6	274046
instance references	flamework2	decode	1	7	277709
instance references	flamework2	decode	1	8	279478
instance references	flamework2	decode	1	9	277066
instance references	flamework2	decode	2	1	274811
instance references	flamework2	decode	2	2	275484
instance references	flamework2	decode	2	3	280015
instance references	flamework2	decode	2	4	269368
instance references	flamework2	decode	2	5	271891
instance references	flamework2	decode	2	6	258107
instance references	flamework2	decode	2	7	277660
instance references	flamework2	decode	2	8	256043
instance references	flamework2	decode	2	9	250573
instance references	baseline	encode	1	1	939322
instance references	baseline	encode	1	2	972731
instance references	baseline	encode	1	3	950504
instance references	baseline	encode	1	4	921242
instance references	baseline	encode	1	5	934309
instance references	baseline	encode	1	6	914409
instance references	baseline	encode	1	7	975559
instance references	baseline	encode	1	8	953180
instance references	baseline	encode	1	9	945808
instance references	baseline	encode	2	1	897334
instance references	baseline	encode	2	2	915469
instance references	baseline	encode	2	3	919875
instance references	baseline	encode	2	4	933715
instance references	baseline	encode	2	5	925642
instance references	baseline	encode	2	6	938040
instance references	baseline	encode	2	7	951018
instance references	baseline	encode	2	8	956220
instance references	baseline	encode	2	9	959098
instance references	baseline	decode	1	1	286082
instance references	baseline	decode	1	2	281946
instance references	baseline	decode	1	3	283652
instance references	baseline	decode	1	4	294962
instance references	baseline	decode	1	5	291351
instance references	baseline	decode	1	6	295009
instance references	baseline	decode	1	7	275556
instance references	baseline	decode	1	8	292400
instance references	baseline	decode	1	9	289576
instance references	baseline	decode	2	1	282117
instance references	baseline	decode	2	2	277008
instance references	baseline	decode	2	3	278646
instance references	baseline	decode	2	4	281349
instance references	baseline	decode	2	5	265500
instance references	baseline	decode	2	6	264874
instance references	baseline	decode	2	7	284956
instance references	baseline	decode	2	8	257028
instance references	baseline	decode	2	9	281138
toggles (unpacked)	surge	encode	1	1	4535209
toggles (unpacked)	surge	encode	1	2	4490206
toggles (unpacked)	surge	encode	1	3	4485461
toggles (unpacked)	surge	encode	1	4	4341996
toggles (unpacked)	surge	encode	1	5	4425942
toggles (unpacked)	surge	encode	1	6	4473748
toggles (unpacked)	surge	encode	1	7	4481812
toggles (unpacked)	surge	encode	1	8	4515491
toggles (unpacked)	surge	encode	1	9	4518565
toggles (unpacked)	surge	encode	2	1	4470164
toggles (unpacked)	surge	encode	2	2	4362943
toggles (unpacked)	surge	encode	2	3	4171858
toggles (unpacked)	surge	encode	2	4	4374409
toggles (unpacked)	surge	encode	2	5	4443938
toggles (unpacked)	surge	encode	2	6	4403846
toggles (unpacked)	surge	encode	2	7	4464199
toggles (unpacked)	surge	encode	2	8	4376092
toggles (unpacked)	surge	encode	2	9	4452699
toggles (unpacked)	surge	decode	1	1	3086137
toggles (unpacked)	surge	decode	1	2	2893221
toggles (unpacked)	surge	decode	1	3	2941000
toggles (unpacked)	surge	decode	1	4	2930315
toggles (unpacked)	surge	decode	1	5	3072599
toggles (unpacked)	surge	decode	1	6	3096323
toggles (unpacked)	surge	decode	1	7	3011092
toggles (unpacked)	surge	decode	1	8	3048285
toggles (unpacked)	surge	decode	1	9	3028473
toggles (unpacked)	surge	decode	2	1	3149250
toggles (unpacked)	surge	decode	2	2	3128664
toggles (unpacked)	surge	decode	2	3	3097757
toggles (unpacked)	surge	decode	2	4	3091174
toggles (unpacked)	surge	decode	2	5	3055906
toggles (unpacked)	surge	decode	2	6	3096577
toggles (unpacked)	surge	decode	2	7	3110138
toggles (unpacked)	surge	decode	2	8	3039921
toggles (unpacked)	surge	decode	2	9	3060324
toggles (unpacked)	fbs	encode	1	1	1531708
toggles (unpacked)	fbs	encode	1	2	1523224
toggles (unpacked)	fbs	encode	1	3	1526740
toggles (unpacked)	fbs	encode	1	4	1494869
toggles (unpacked)	fbs	encode	1	5	1525333
toggles (unpacked)	fbs	encode	1	6	1535636
toggles (unpacked)	fbs	encode	1	7	1512898
toggles (unpacked)	fbs	encode	1	8	1539329
toggles (unpacked)	fbs	encode	1	9	1527498
toggles (unpacked)	fbs	encode	2	1	1539934
toggles (unpacked)	fbs	encode	2	2	1504704
toggles (unpacked)	fbs	encode	2	3	1452835
toggles (unpacked)	fbs	encode	2	4	1530765
toggles (unpacked)	fbs	encode	2	5	1527865
toggles (unpacked)	fbs	encode	2	6	1515783
toggles (unpacked)	fbs	encode	2	7	1527707
toggles (unpacked)	fbs	encode	2	8	1503732
toggles (unpacked)	fbs	encode	2	9	1546329
toggles (unpacked)	fbs	decode	1	1	1612034
toggles (unpacked)	fbs	decode	1	2	1554998
toggles (unpacked)	fbs	decode	1	3	1583554
toggles (unpacked)	fbs	decode	1	4	1544907
toggles (unpacked)	fbs	decode	1	5	1576862
toggles (unpacked)	fbs	decode	1	6	1568625
toggles (unpacked)	fbs	decode	1	7	1553381
toggles (unpacked)	fbs	decode	1	8	1574236
toggles (unpacked)	fbs	decode	1	9	1564144
toggles (unpacked)	fbs	decode	2	1	1502648
toggles (unpacked)	fbs	decode	2	2	1577223
toggles (unpacked)	fbs	decode	2	3	1597133
toggles (unpacked)	fbs	decode	2	4	1613010
toggles (unpacked)	fbs	decode	2	5	1605991
toggles (unpacked)	fbs	decode	2	6	1593685
toggles (unpacked)	fbs	decode	2	7	1603964
toggles (unpacked)	fbs	decode	2	8	1585129
toggles (unpacked)	fbs	decode	2	9	1616102
toggles (unpacked)	serio	encode	1	1	417466
toggles (unpacked)	serio	encode	1	2	409207
toggles (unpacked)	serio	encode	1	3	402469
toggles (unpacked)	serio	encode	1	4	409584
toggles (unpacked)	serio	encode	1	5	406240
toggles (unpacked)	serio	encode	1	6	404740
toggles (unpacked)	serio	encode	1	7	403305
toggles (unpacked)	serio	encode	1	8	406510
toggles (unpacked)	serio	encode	1	9	411477
toggles (unpacked)	serio	encode	2	1	415562
toggles (unpacked)	serio	encode	2	2	417119
toggles (unpacked)	serio	encode	2	3	409860
toggles (unpacked)	serio	encode	2	4	408023
toggles (unpacked)	serio	encode	2	5	409631
toggles (unpacked)	serio	encode	2	6	417381
toggles (unpacked)	serio	encode	2	7	411331
toggles (unpacked)	serio	encode	2	8	408883
toggles (unpacked)	serio	encode	2	9	410312
toggles (unpacked)	serio	decode	1	1	651473
toggles (unpacked)	serio	decode	1	2	659037
toggles (unpacked)	serio	decode	1	3	656439
toggles (unpacked)	serio	decode	1	4	647849
toggles (unpacked)	serio	decode	1	5	649618
toggles (unpacked)	serio	decode	1	6	658765
toggles (unpacked)	serio	decode	1	7	650190
toggles (unpacked)	serio	decode	1	8	656413
toggles (unpacked)	serio	decode	1	9	641822
toggles (unpacked)	serio	decode	2	1	601670
toggles (unpacked)	serio	decode	2	2	658201
toggles (unpacked)	serio	decode	2	3	652220
toggles (unpacked)	serio	decode	2	4	641510
toggles (unpacked)	serio	decode	2	5	648316
toggles (unpacked)	serio	decode	2	6	658515
toggles (unpacked)	serio	decode	2	7	656772
toggles (unpacked)	serio	decode	2	8	643427
toggles (unpacked)	serio	decode	2	9	634844
toggles (unpacked)	flamework2	encode	1	1	3685894
toggles (unpacked)	flamework2	encode	1	2	3799124
toggles (unpacked)	flamework2	encode	1	3	3848469
toggles (unpacked)	flamework2	encode	1	4	3714840
toggles (unpacked)	flamework2	encode	1	5	3839939
toggles (unpacked)	flamework2	encode	1	6	3866485
toggles (unpacked)	flamework2	encode	1	7	3810244
toggles (unpacked)	flamework2	encode	1	8	3832976
toggles (unpacked)	flamework2	encode	1	9	3796079
toggles (unpacked)	flamework2	encode	2	1	3677084
toggles (unpacked)	flamework2	encode	2	2	3536628
toggles (unpacked)	flamework2	encode	2	3	3503415
toggles (unpacked)	flamework2	encode	2	4	3770426
toggles (unpacked)	flamework2	encode	2	5	3744100
toggles (unpacked)	flamework2	encode	2	6	3698583
toggles (unpacked)	flamework2	encode	2	7	3766496
toggles (unpacked)	flamework2	encode	2	8	3790659
toggles (unpacked)	flamework2	encode	2	9	3726425
toggles (unpacked)	flamework2	decode	1	1	2985544
toggles (unpacked)	flamework2	decode	1	2	2947369
toggles (unpacked)	flamework2	decode	1	3	2979546
toggles (unpacked)	flamework2	decode	1	4	3025926
toggles (unpacked)	flamework2	decode	1	5	2997882
toggles (unpacked)	flamework2	decode	1	6	2988152
toggles (unpacked)	flamework2	decode	1	7	2969301
toggles (unpacked)	flamework2	decode	1	8	3013880
toggles (unpacked)	flamework2	decode	1	9	3035614
toggles (unpacked)	flamework2	decode	2	1	2680829
toggles (unpacked)	flamework2	decode	2	2	2993135
toggles (unpacked)	flamework2	decode	2	3	2978345
toggles (unpacked)	flamework2	decode	2	4	3029064
toggles (unpacked)	flamework2	decode	2	5	3064770
toggles (unpacked)	flamework2	decode	2	6	3056223
toggles (unpacked)	flamework2	decode	2	7	3019161
toggles (unpacked)	flamework2	decode	2	8	3101086
toggles (unpacked)	flamework2	decode	2	9	3085253
toggles (unpacked)	blink	encode	1	1	2180602
toggles (unpacked)	blink	encode	1	2	2158576
toggles (unpacked)	blink	encode	1	3	2152329
toggles (unpacked)	blink	encode	1	4	2212301
toggles (unpacked)	blink	encode	1	5	2209968
toggles (unpacked)	blink	encode	1	6	2226706
toggles (unpacked)	blink	encode	1	7	2219502
toggles (unpacked)	blink	encode	1	8	2217062
toggles (unpacked)	blink	encode	1	9	2231760
toggles (unpacked)	blink	encode	2	1	2128994
toggles (unpacked)	blink	encode	2	2	2029275
toggles (unpacked)	blink	encode	2	3	2178781
toggles (unpacked)	blink	encode	2	4	2224719
toggles (unpacked)	blink	encode	2	5	2072186
toggles (unpacked)	blink	encode	2	6	2200171
toggles (unpacked)	blink	encode	2	7	2189074
toggles (unpacked)	blink	encode	2	8	2235720
toggles (unpacked)	blink	encode	2	9	2235622
toggles (unpacked)	blink	decode	1	1	1789334
toggles (unpacked)	blink	decode	1	2	1834271
toggles (unpacked)	blink	decode	1	3	1811735
toggles (unpacked)	blink	decode	1	4	1856078
toggles (unpacked)	blink	decode	1	5	1802299
toggles (unpacked)	blink	decode	1	6	1810900
toggles (unpacked)	blink	decode	1	7	1777233
toggles (unpacked)	blink	decode	1	8	1810879
toggles (unpacked)	blink	decode	1	9	1769881
toggles (unpacked)	blink	decode	2	1	1804952
toggles (unpacked)	blink	decode	2	2	1851712
toggles (unpacked)	blink	decode	2	3	1863060
toggles (unpacked)	blink	decode	2	4	1835886
toggles (unpacked)	blink	decode	2	5	1826557
toggles (unpacked)	blink	decode	2	6	1833602
toggles (unpacked)	blink	decode	2	7	1861402
toggles (unpacked)	blink	decode	2	8	1855364
toggles (unpacked)	blink	decode	2	9	1840887
toggles (packed)	surge	encode	1	1	4698097
toggles (packed)	surge	encode	1	2	4746328
toggles (packed)	surge	encode	1	3	4764812
toggles (packed)	surge	encode	1	4	4711831
toggles (packed)	surge	encode	1	5	4745633
toggles (packed)	surge	encode	1	6	4728904
toggles (packed)	surge	encode	1	7	4722311
toggles (packed)	surge	encode	1	8	4521234
toggles (packed)	surge	encode	1	9	4461262
toggles (packed)	surge	encode	2	1	4778026
toggles (packed)	surge	encode	2	2	4739661
toggles (packed)	surge	encode	2	3	4748261
toggles (packed)	surge	encode	2	4	4764979
toggles (packed)	surge	encode	2	5	4654423
toggles (packed)	surge	encode	2	6	4754945
toggles (packed)	surge	encode	2	7	4765206
toggles (packed)	surge	encode	2	8	4735582
toggles (packed)	surge	encode	2	9	4717912
toggles (packed)	surge	decode	1	1	3156881
toggles (packed)	surge	decode	1	2	3169103
toggles (packed)	surge	decode	1	3	3329396
toggles (packed)	surge	decode	1	4	3004682
toggles (packed)	surge	decode	1	5	2919226
toggles (packed)	surge	decode	1	6	3198744
toggles (packed)	surge	decode	1	7	3117290
toggles (packed)	surge	decode	1	8	3221844
toggles (packed)	surge	decode	1	9	3211224
toggles (packed)	surge	decode	2	1	3297086
toggles (packed)	surge	decode	2	2	3338406
toggles (packed)	surge	decode	2	3	3392552
toggles (packed)	surge	decode	2	4	3360976
toggles (packed)	surge	decode	2	5	3299975
toggles (packed)	surge	decode	2	6	3331177
toggles (packed)	surge	decode	2	7	3384972
toggles (packed)	surge	decode	2	8	3368021
toggles (packed)	surge	decode	2	9	3350052
toggles (packed)	fbs	encode	1	1	1328533
toggles (packed)	fbs	encode	1	2	1304212
toggles (packed)	fbs	encode	1	3	1305847
toggles (packed)	fbs	encode	1	4	1311865
toggles (packed)	fbs	encode	1	5	1312699
toggles (packed)	fbs	encode	1	6	1299460
toggles (packed)	fbs	encode	1	7	1287991
toggles (packed)	fbs	encode	1	8	1268395
toggles (packed)	fbs	encode	1	9	1276032
toggles (packed)	fbs	encode	2	1	1351849
toggles (packed)	fbs	encode	2	2	1336349
toggles (packed)	fbs	encode	2	3	1340275
toggles (packed)	fbs	encode	2	4	1356875
toggles (packed)	fbs	encode	2	5	1353307
toggles (packed)	fbs	encode	2	6	1352102
toggles (packed)	fbs	encode	2	7	1343192
toggles (packed)	fbs	encode	2	8	1349126
toggles (packed)	fbs	encode	2	9	1337772
toggles (packed)	fbs	decode	1	1	1256618
toggles (packed)	fbs	decode	1	2	1268634
toggles (packed)	fbs	decode	1	3	1261479
toggles (packed)	fbs	decode	1	4	1207924
toggles (packed)	fbs	decode	1	5	1192584
toggles (packed)	fbs	decode	1	6	1252302
toggles (packed)	fbs	decode	1	7	1271748
toggles (packed)	fbs	decode	1	8	1258300
toggles (packed)	fbs	decode	1	9	1249243
toggles (packed)	fbs	decode	2	1	1276747
toggles (packed)	fbs	decode	2	2	1265115
toggles (packed)	fbs	decode	2	3	1248016
toggles (packed)	fbs	decode	2	4	1269585
toggles (packed)	fbs	decode	2	5	1269434
toggles (packed)	fbs	decode	2	6	1277570
toggles (packed)	fbs	decode	2	7	1236552
toggles (packed)	fbs	decode	2	8	1273348
toggles (packed)	fbs	decode	2	9	1246232
toggles (packed)	serio	encode	1	1	347660
toggles (packed)	serio	encode	1	2	342755
toggles (packed)	serio	encode	1	3	342127
toggles (packed)	serio	encode	1	4	344798
toggles (packed)	serio	encode	1	5	344579
toggles (packed)	serio	encode	1	6	347652
toggles (packed)	serio	encode	1	7	341483
toggles (packed)	serio	encode	1	8	339671
toggles (packed)	serio	encode	1	9	347319
toggles (packed)	serio	encode	2	1	344769
toggles (packed)	serio	encode	2	2	348660
toggles (packed)	serio	encode	2	3	345672
toggles (packed)	serio	encode	2	4	345953
toggles (packed)	serio	encode	2	5	342915
toggles (packed)	serio	encode	2	6	344634
toggles (packed)	serio	encode	2	7	346634
toggles (packed)	serio	encode	2	8	346327
toggles (packed)	serio	encode	2	9	344308
toggles (packed)	serio	decode	1	1	450345
toggles (packed)	serio	decode	1	2	442578
toggles (packed)	serio	decode	1	3	445876
toggles (packed)	serio	decode	1	4	436810
toggles (packed)	serio	decode	1	5	450213
toggles (packed)	serio	decode	1	6	447100
toggles (packed)	serio	decode	1	7	448426
toggles (packed)	serio	decode	1	8	449244
toggles (packed)	serio	decode	1	9	447214
toggles (packed)	serio	decode	2	1	440268
toggles (packed)	serio	decode	2	2	449966
toggles (packed)	serio	decode	2	3	443493
toggles (packed)	serio	decode	2	4	443236
toggles (packed)	serio	decode	2	5	448658
toggles (packed)	serio	decode	2	6	445302
toggles (packed)	serio	decode	2	7	444748
toggles (packed)	serio	decode	2	8	446026
toggles (packed)	serio	decode	2	9	444739
toggles (packed)	baseline	encode	1	1	4861588
toggles (packed)	baseline	encode	1	2	4896136
toggles (packed)	baseline	encode	1	3	4911186
toggles (packed)	baseline	encode	1	4	4855915
toggles (packed)	baseline	encode	1	5	4820715
toggles (packed)	baseline	encode	1	6	4874795
toggles (packed)	baseline	encode	1	7	4884414
toggles (packed)	baseline	encode	1	8	4588981
toggles (packed)	baseline	encode	1	9	4839315
toggles (packed)	baseline	encode	2	1	4733951
toggles (packed)	baseline	encode	2	2	4782282
toggles (packed)	baseline	encode	2	3	4769971
toggles (packed)	baseline	encode	2	4	4733421
toggles (packed)	baseline	encode	2	5	4735305
toggles (packed)	baseline	encode	2	6	4698470
toggles (packed)	baseline	encode	2	7	4739403
toggles (packed)	baseline	encode	2	8	4686816
toggles (packed)	baseline	encode	2	9	4805851
toggles (packed)	baseline	decode	1	1	3293602
toggles (packed)	baseline	decode	1	2	3336713
toggles (packed)	baseline	decode	1	3	2996310
toggles (packed)	baseline	decode	1	4	2884256
toggles (packed)	baseline	decode	1	5	3216314
toggles (packed)	baseline	decode	1	6	3284100
toggles (packed)	baseline	decode	1	7	3095962
toggles (packed)	baseline	decode	1	8	3229764
toggles (packed)	baseline	decode	1	9	3073046
toggles (packed)	baseline	decode	2	1	3289998
toggles (packed)	baseline	decode	2	2	3326235
toggles (packed)	baseline	decode	2	3	3382348
toggles (packed)	baseline	decode	2	4	3361147
toggles (packed)	baseline	decode	2	5	3342455
toggles (packed)	baseline	decode	2	6	3415871
toggles (packed)	baseline	decode	2	7	3325838
toggles (packed)	baseline	decode	2	8	3343741
toggles (packed)	baseline	decode	2	9	3332353
CFrame array	surge	encode	1	1	270193
CFrame array	surge	encode	1	2	272095
CFrame array	surge	encode	1	3	273321
CFrame array	surge	encode	1	4	268957
CFrame array	surge	encode	1	5	272198
CFrame array	surge	encode	1	6	265003
CFrame array	surge	encode	1	7	266122
CFrame array	surge	encode	1	8	271040
CFrame array	surge	encode	1	9	267381
CFrame array	surge	encode	2	1	268469
CFrame array	surge	encode	2	2	275036
CFrame array	surge	encode	2	3	265283
CFrame array	surge	encode	2	4	271696
CFrame array	surge	encode	2	5	269408
CFrame array	surge	encode	2	6	266517
CFrame array	surge	encode	2	7	273712
CFrame array	surge	encode	2	8	272564
CFrame array	surge	encode	2	9	266885
CFrame array	surge	decode	1	1	233279
CFrame array	surge	decode	1	2	236103
CFrame array	surge	decode	1	3	238610
CFrame array	surge	decode	1	4	239022
CFrame array	surge	decode	1	5	235137
CFrame array	surge	decode	1	6	230404
CFrame array	surge	decode	1	7	234451
CFrame array	surge	decode	1	8	233730
CFrame array	surge	decode	1	9	238584
CFrame array	surge	decode	2	1	239320
CFrame array	surge	decode	2	2	235252
CFrame array	surge	decode	2	3	223100
CFrame array	surge	decode	2	4	224356
CFrame array	surge	decode	2	5	230551
CFrame array	surge	decode	2	6	233625
CFrame array	surge	decode	2	7	233398
CFrame array	surge	decode	2	8	232537
CFrame array	surge	decode	2	9	233620
CFrame array	fbs	encode	1	1	210049
CFrame array	fbs	encode	1	2	209671
CFrame array	fbs	encode	1	3	209760
CFrame array	fbs	encode	1	4	207114
CFrame array	fbs	encode	1	5	209110
CFrame array	fbs	encode	1	6	205051
CFrame array	fbs	encode	1	7	207087
CFrame array	fbs	encode	1	8	208256
CFrame array	fbs	encode	1	9	206476
CFrame array	fbs	encode	2	1	199848
CFrame array	fbs	encode	2	2	203032
CFrame array	fbs	encode	2	3	201464
CFrame array	fbs	encode	2	4	201302
CFrame array	fbs	encode	2	5	199957
CFrame array	fbs	encode	2	6	206699
CFrame array	fbs	encode	2	7	200507
CFrame array	fbs	encode	2	8	204260
CFrame array	fbs	encode	2	9	201919
CFrame array	fbs	decode	1	1	119563
CFrame array	fbs	decode	1	2	121770
CFrame array	fbs	decode	1	3	119929
CFrame array	fbs	decode	1	4	121116
CFrame array	fbs	decode	1	5	119511
CFrame array	fbs	decode	1	6	117801
CFrame array	fbs	decode	1	7	120482
CFrame array	fbs	decode	1	8	121132
CFrame array	fbs	decode	1	9	123752
CFrame array	fbs	decode	2	1	120345
CFrame array	fbs	decode	2	2	117092
CFrame array	fbs	decode	2	3	111787
CFrame array	fbs	decode	2	4	114593
CFrame array	fbs	decode	2	5	117488
CFrame array	fbs	decode	2	6	118626
CFrame array	fbs	decode	2	7	120625
CFrame array	fbs	decode	2	8	121015
CFrame array	fbs	decode	2	9	120841
CFrame array	serio	encode	1	1	17531
CFrame array	serio	encode	1	2	17771
CFrame array	serio	encode	1	3	17563
CFrame array	serio	encode	1	4	17873
CFrame array	serio	encode	1	5	17584
CFrame array	serio	encode	1	6	17354
CFrame array	serio	encode	1	7	17632
CFrame array	serio	encode	1	8	17526
CFrame array	serio	encode	1	9	17433
CFrame array	serio	encode	2	1	17795
CFrame array	serio	encode	2	2	17563
CFrame array	serio	encode	2	3	15867
CFrame array	serio	encode	2	4	15821
CFrame array	serio	encode	2	5	16267
CFrame array	serio	encode	2	6	16077
CFrame array	serio	encode	2	7	15903
CFrame array	serio	encode	2	8	15935
CFrame array	serio	encode	2	9	15898
CFrame array	serio	decode	1	1	32117
CFrame array	serio	decode	1	2	31673
CFrame array	serio	decode	1	3	31983
CFrame array	serio	decode	1	4	31808
CFrame array	serio	decode	1	5	31285
CFrame array	serio	decode	1	6	31623
CFrame array	serio	decode	1	7	31512
CFrame array	serio	decode	1	8	31559
CFrame array	serio	decode	1	9	31817
CFrame array	serio	decode	2	1	31932
CFrame array	serio	decode	2	2	31893
CFrame array	serio	decode	2	3	31210
CFrame array	serio	decode	2	4	30657
CFrame array	serio	decode	2	5	31213
CFrame array	serio	decode	2	6	31572
CFrame array	serio	decode	2	7	31504
CFrame array	serio	decode	2	8	31200
CFrame array	serio	decode	2	9	30840
CFrame array	flamework2	encode	1	1	306721
CFrame array	flamework2	encode	1	2	308105
CFrame array	flamework2	encode	1	3	308734
CFrame array	flamework2	encode	1	4	302643
CFrame array	flamework2	encode	1	5	304599
CFrame array	flamework2	encode	1	6	304441
CFrame array	flamework2	encode	1	7	307799
CFrame array	flamework2	encode	1	8	303160
CFrame array	flamework2	encode	1	9	297318
CFrame array	flamework2	encode	2	1	301182
CFrame array	flamework2	encode	2	2	304746
CFrame array	flamework2	encode	2	3	306026
CFrame array	flamework2	encode	2	4	305209
CFrame array	flamework2	encode	2	5	305889
CFrame array	flamework2	encode	2	6	306757
CFrame array	flamework2	encode	2	7	305720
CFrame array	flamework2	encode	2	8	304655
CFrame array	flamework2	encode	2	9	303453
CFrame array	flamework2	decode	1	1	287563
CFrame array	flamework2	decode	1	2	289779
CFrame array	flamework2	decode	1	3	285766
CFrame array	flamework2	decode	1	4	292135
CFrame array	flamework2	decode	1	5	284952
CFrame array	flamework2	decode	1	6	291122
CFrame array	flamework2	decode	1	7	281179
CFrame array	flamework2	decode	1	8	300018
CFrame array	flamework2	decode	1	9	294925
CFrame array	flamework2	decode	2	1	289891
CFrame array	flamework2	decode	2	2	296170
CFrame array	flamework2	decode	2	3	286550
CFrame array	flamework2	decode	2	4	283134
CFrame array	flamework2	decode	2	5	285694
CFrame array	flamework2	decode	2	6	291761
CFrame array	flamework2	decode	2	7	292832
CFrame array	flamework2	decode	2	8	291114
CFrame array	flamework2	decode	2	9	287279
CFrame array	blink	encode	1	1	216148
CFrame array	blink	encode	1	2	220000
CFrame array	blink	encode	1	3	217067
CFrame array	blink	encode	1	4	221867
CFrame array	blink	encode	1	5	214624
CFrame array	blink	encode	1	6	217412
CFrame array	blink	encode	1	7	217118
CFrame array	blink	encode	1	8	216776
CFrame array	blink	encode	1	9	213978
CFrame array	blink	encode	2	1	220133
CFrame array	blink	encode	2	2	215887
CFrame array	blink	encode	2	3	223300
CFrame array	blink	encode	2	4	219371
CFrame array	blink	encode	2	5	216800
CFrame array	blink	encode	2	6	221182
CFrame array	blink	encode	2	7	217699
CFrame array	blink	encode	2	8	214945
CFrame array	blink	encode	2	9	220740
CFrame array	blink	decode	1	1	108757
CFrame array	blink	decode	1	2	109817
CFrame array	blink	decode	1	3	111196
CFrame array	blink	decode	1	4	110012
CFrame array	blink	decode	1	5	110595
CFrame array	blink	decode	1	6	111043
CFrame array	blink	decode	1	7	108371
CFrame array	blink	decode	1	8	111351
CFrame array	blink	decode	1	9	107826
CFrame array	blink	decode	2	1	109980
CFrame array	blink	decode	2	2	108466
CFrame array	blink	decode	2	3	107347
CFrame array	blink	decode	2	4	107227
CFrame array	blink	decode	2	5	106425
CFrame array	blink	decode	2	6	110209
CFrame array	blink	decode	2	7	109589
CFrame array	blink	decode	2	8	107493
CFrame array	blink	decode	2	9	108187
CFrame array	baseline	encode	1	1	278223
CFrame array	baseline	encode	1	2	275363
CFrame array	baseline	encode	1	3	279207
CFrame array	baseline	encode	1	4	275928
CFrame array	baseline	encode	1	5	269458
CFrame array	baseline	encode	1	6	272692
CFrame array	baseline	encode	1	7	272468
CFrame array	baseline	encode	1	8	274399
CFrame array	baseline	encode	1	9	274299
CFrame array	baseline	encode	2	1	267926
CFrame array	baseline	encode	2	2	272941
CFrame array	baseline	encode	2	3	267514
CFrame array	baseline	encode	2	4	268683
CFrame array	baseline	encode	2	5	268720
CFrame array	baseline	encode	2	6	262837
CFrame array	baseline	encode	2	7	266534
CFrame array	baseline	encode	2	8	272667
CFrame array	baseline	encode	2	9	268093
CFrame array	baseline	decode	1	1	244810
CFrame array	baseline	decode	1	2	244835
CFrame array	baseline	decode	1	3	243554
CFrame array	baseline	decode	1	4	249359
CFrame array	baseline	decode	1	5	247967
CFrame array	baseline	decode	1	6	241988
CFrame array	baseline	decode	1	7	246931
CFrame array	baseline	decode	1	8	253364
CFrame array	baseline	decode	1	9	248801
CFrame array	baseline	decode	2	1	251046
CFrame array	baseline	decode	2	2	251703
CFrame array	baseline	decode	2	3	242483
CFrame array	baseline	decode	2	4	239616
CFrame array	baseline	decode	2	5	242146
CFrame array	baseline	decode	2	6	247474
CFrame array	baseline	decode	2	7	246657
CFrame array	baseline	decode	2	8	248169
CFrame array	baseline	decode	2	9	244805
CFrame array (packed, axis-aligned)	surge	encode	1	1	188327
CFrame array (packed, axis-aligned)	surge	encode	1	2	191473
CFrame array (packed, axis-aligned)	surge	encode	1	3	188357
CFrame array (packed, axis-aligned)	surge	encode	1	4	191867
CFrame array (packed, axis-aligned)	surge	encode	1	5	188504
CFrame array (packed, axis-aligned)	surge	encode	1	6	188530
CFrame array (packed, axis-aligned)	surge	encode	1	7	190237
CFrame array (packed, axis-aligned)	surge	encode	1	8	188903
CFrame array (packed, axis-aligned)	surge	encode	1	9	190294
CFrame array (packed, axis-aligned)	surge	encode	2	1	187217
CFrame array (packed, axis-aligned)	surge	encode	2	2	184839
CFrame array (packed, axis-aligned)	surge	encode	2	3	192850
CFrame array (packed, axis-aligned)	surge	encode	2	4	190514
CFrame array (packed, axis-aligned)	surge	encode	2	5	190844
CFrame array (packed, axis-aligned)	surge	encode	2	6	191206
CFrame array (packed, axis-aligned)	surge	encode	2	7	192640
CFrame array (packed, axis-aligned)	surge	encode	2	8	189286
CFrame array (packed, axis-aligned)	surge	encode	2	9	188537
CFrame array (packed, axis-aligned)	surge	decode	1	1	283305
CFrame array (packed, axis-aligned)	surge	decode	1	2	275636
CFrame array (packed, axis-aligned)	surge	decode	1	3	278972
CFrame array (packed, axis-aligned)	surge	decode	1	4	284816
CFrame array (packed, axis-aligned)	surge	decode	1	5	280347
CFrame array (packed, axis-aligned)	surge	decode	1	6	271379
CFrame array (packed, axis-aligned)	surge	decode	1	7	264097
CFrame array (packed, axis-aligned)	surge	decode	1	8	283431
CFrame array (packed, axis-aligned)	surge	decode	1	9	280967
CFrame array (packed, axis-aligned)	surge	decode	2	1	277811
CFrame array (packed, axis-aligned)	surge	decode	2	2	279310
CFrame array (packed, axis-aligned)	surge	decode	2	3	275984
CFrame array (packed, axis-aligned)	surge	decode	2	4	264600
CFrame array (packed, axis-aligned)	surge	decode	2	5	268114
CFrame array (packed, axis-aligned)	surge	decode	2	6	277481
CFrame array (packed, axis-aligned)	surge	decode	2	7	285897
CFrame array (packed, axis-aligned)	surge	decode	2	8	274670
CFrame array (packed, axis-aligned)	surge	decode	2	9	280726
CFrame array (packed, axis-aligned)	fbs	encode	1	1	32342
CFrame array (packed, axis-aligned)	fbs	encode	1	2	32233
CFrame array (packed, axis-aligned)	fbs	encode	1	3	33049
CFrame array (packed, axis-aligned)	fbs	encode	1	4	32475
CFrame array (packed, axis-aligned)	fbs	encode	1	5	32850
CFrame array (packed, axis-aligned)	fbs	encode	1	6	32874
CFrame array (packed, axis-aligned)	fbs	encode	1	7	32295
CFrame array (packed, axis-aligned)	fbs	encode	1	8	32712
CFrame array (packed, axis-aligned)	fbs	encode	1	9	33075
CFrame array (packed, axis-aligned)	fbs	encode	2	1	33055
CFrame array (packed, axis-aligned)	fbs	encode	2	2	33116
CFrame array (packed, axis-aligned)	fbs	encode	2	3	33314
CFrame array (packed, axis-aligned)	fbs	encode	2	4	33486
CFrame array (packed, axis-aligned)	fbs	encode	2	5	33505
CFrame array (packed, axis-aligned)	fbs	encode	2	6	32858
CFrame array (packed, axis-aligned)	fbs	encode	2	7	32889
CFrame array (packed, axis-aligned)	fbs	encode	2	8	33451
CFrame array (packed, axis-aligned)	fbs	encode	2	9	32744
CFrame array (packed, axis-aligned)	fbs	decode	1	1	112501
CFrame array (packed, axis-aligned)	fbs	decode	1	2	110452
CFrame array (packed, axis-aligned)	fbs	decode	1	3	112879
CFrame array (packed, axis-aligned)	fbs	decode	1	4	113676
CFrame array (packed, axis-aligned)	fbs	decode	1	5	111905
CFrame array (packed, axis-aligned)	fbs	decode	1	6	108888
CFrame array (packed, axis-aligned)	fbs	decode	1	7	109004
CFrame array (packed, axis-aligned)	fbs	decode	1	8	114954
CFrame array (packed, axis-aligned)	fbs	decode	1	9	113501
CFrame array (packed, axis-aligned)	fbs	decode	2	1	110840
CFrame array (packed, axis-aligned)	fbs	decode	2	2	113572
CFrame array (packed, axis-aligned)	fbs	decode	2	3	112246
CFrame array (packed, axis-aligned)	fbs	decode	2	4	108593
CFrame array (packed, axis-aligned)	fbs	decode	2	5	106516
CFrame array (packed, axis-aligned)	fbs	decode	2	6	113035
CFrame array (packed, axis-aligned)	fbs	decode	2	7	112222
CFrame array (packed, axis-aligned)	fbs	decode	2	8	113107
CFrame array (packed, axis-aligned)	fbs	decode	2	9	114441
CFrame array (packed, axis-aligned)	serio	encode	1	1	5496
CFrame array (packed, axis-aligned)	serio	encode	1	2	5599
CFrame array (packed, axis-aligned)	serio	encode	1	3	5466
CFrame array (packed, axis-aligned)	serio	encode	1	4	5543
CFrame array (packed, axis-aligned)	serio	encode	1	5	5436
CFrame array (packed, axis-aligned)	serio	encode	1	6	5492
CFrame array (packed, axis-aligned)	serio	encode	1	7	5577
CFrame array (packed, axis-aligned)	serio	encode	1	8	5454
CFrame array (packed, axis-aligned)	serio	encode	1	9	5508
CFrame array (packed, axis-aligned)	serio	encode	2	1	5536
CFrame array (packed, axis-aligned)	serio	encode	2	2	5516
CFrame array (packed, axis-aligned)	serio	encode	2	3	5548
CFrame array (packed, axis-aligned)	serio	encode	2	4	5530
CFrame array (packed, axis-aligned)	serio	encode	2	5	5531
CFrame array (packed, axis-aligned)	serio	encode	2	6	5525
CFrame array (packed, axis-aligned)	serio	encode	2	7	5551
CFrame array (packed, axis-aligned)	serio	encode	2	8	5568
CFrame array (packed, axis-aligned)	serio	encode	2	9	5550
CFrame array (packed, axis-aligned)	serio	decode	1	1	27528
CFrame array (packed, axis-aligned)	serio	decode	1	2	27648
CFrame array (packed, axis-aligned)	serio	decode	1	3	27115
CFrame array (packed, axis-aligned)	serio	decode	1	4	27558
CFrame array (packed, axis-aligned)	serio	decode	1	5	27034
CFrame array (packed, axis-aligned)	serio	decode	1	6	27403
CFrame array (packed, axis-aligned)	serio	decode	1	7	27193
CFrame array (packed, axis-aligned)	serio	decode	1	8	27663
CFrame array (packed, axis-aligned)	serio	decode	1	9	27520
CFrame array (packed, axis-aligned)	serio	decode	2	1	27234
CFrame array (packed, axis-aligned)	serio	decode	2	2	27438
CFrame array (packed, axis-aligned)	serio	decode	2	3	27311
CFrame array (packed, axis-aligned)	serio	decode	2	4	26129
CFrame array (packed, axis-aligned)	serio	decode	2	5	27697
CFrame array (packed, axis-aligned)	serio	decode	2	6	27215
CFrame array (packed, axis-aligned)	serio	decode	2	7	27637
CFrame array (packed, axis-aligned)	serio	decode	2	8	27278
CFrame array (packed, axis-aligned)	serio	decode	2	9	27607
CFrame array (packed, arbitrary)	surge	encode	1	1	147881
CFrame array (packed, arbitrary)	surge	encode	1	2	151202
CFrame array (packed, arbitrary)	surge	encode	1	3	150188
CFrame array (packed, arbitrary)	surge	encode	1	4	149516
CFrame array (packed, arbitrary)	surge	encode	1	5	149083
CFrame array (packed, arbitrary)	surge	encode	1	6	151198
CFrame array (packed, arbitrary)	surge	encode	1	7	151282
CFrame array (packed, arbitrary)	surge	encode	1	8	150330
CFrame array (packed, arbitrary)	surge	encode	1	9	150403
CFrame array (packed, arbitrary)	surge	encode	2	1	146045
CFrame array (packed, arbitrary)	surge	encode	2	2	147890
CFrame array (packed, arbitrary)	surge	encode	2	3	149570
CFrame array (packed, arbitrary)	surge	encode	2	4	143594
CFrame array (packed, arbitrary)	surge	encode	2	5	148023
CFrame array (packed, arbitrary)	surge	encode	2	6	147783
CFrame array (packed, arbitrary)	surge	encode	2	7	148116
CFrame array (packed, arbitrary)	surge	encode	2	8	148124
CFrame array (packed, arbitrary)	surge	encode	2	9	146753
CFrame array (packed, arbitrary)	surge	decode	1	1	120180
CFrame array (packed, arbitrary)	surge	decode	1	2	121161
CFrame array (packed, arbitrary)	surge	decode	1	3	120823
CFrame array (packed, arbitrary)	surge	decode	1	4	121901
CFrame array (packed, arbitrary)	surge	decode	1	5	121898
CFrame array (packed, arbitrary)	surge	decode	1	6	122744
CFrame array (packed, arbitrary)	surge	decode	1	7	121938
CFrame array (packed, arbitrary)	surge	decode	1	8	119807
CFrame array (packed, arbitrary)	surge	decode	1	9	122846
CFrame array (packed, arbitrary)	surge	decode	2	1	118596
CFrame array (packed, arbitrary)	surge	decode	2	2	120096
CFrame array (packed, arbitrary)	surge	decode	2	3	118291
CFrame array (packed, arbitrary)	surge	decode	2	4	123478
CFrame array (packed, arbitrary)	surge	decode	2	5	122233
CFrame array (packed, arbitrary)	surge	decode	2	6	122442
CFrame array (packed, arbitrary)	surge	decode	2	7	122198
CFrame array (packed, arbitrary)	surge	decode	2	8	121863
CFrame array (packed, arbitrary)	surge	decode	2	9	121324
CFrame array (packed, arbitrary)	fbs	encode	1	1	31596
CFrame array (packed, arbitrary)	fbs	encode	1	2	31644
CFrame array (packed, arbitrary)	fbs	encode	1	3	31522
CFrame array (packed, arbitrary)	fbs	encode	1	4	31596
CFrame array (packed, arbitrary)	fbs	encode	1	5	31655
CFrame array (packed, arbitrary)	fbs	encode	1	6	31331
CFrame array (packed, arbitrary)	fbs	encode	1	7	31803
CFrame array (packed, arbitrary)	fbs	encode	1	8	31601
CFrame array (packed, arbitrary)	fbs	encode	1	9	31163
CFrame array (packed, arbitrary)	fbs	encode	2	1	31514
CFrame array (packed, arbitrary)	fbs	encode	2	2	31184
CFrame array (packed, arbitrary)	fbs	encode	2	3	31376
CFrame array (packed, arbitrary)	fbs	encode	2	4	30580
CFrame array (packed, arbitrary)	fbs	encode	2	5	31998
CFrame array (packed, arbitrary)	fbs	encode	2	6	31960
CFrame array (packed, arbitrary)	fbs	encode	2	7	31020
CFrame array (packed, arbitrary)	fbs	encode	2	8	31396
CFrame array (packed, arbitrary)	fbs	encode	2	9	31431
CFrame array (packed, arbitrary)	fbs	decode	1	1	111464
CFrame array (packed, arbitrary)	fbs	decode	1	2	112456
CFrame array (packed, arbitrary)	fbs	decode	1	3	111987
CFrame array (packed, arbitrary)	fbs	decode	1	4	108982
CFrame array (packed, arbitrary)	fbs	decode	1	5	110947
CFrame array (packed, arbitrary)	fbs	decode	1	6	109563
CFrame array (packed, arbitrary)	fbs	decode	1	7	112457
CFrame array (packed, arbitrary)	fbs	decode	1	8	111732
CFrame array (packed, arbitrary)	fbs	decode	1	9	112215
CFrame array (packed, arbitrary)	fbs	decode	2	1	109335
CFrame array (packed, arbitrary)	fbs	decode	2	2	111577
CFrame array (packed, arbitrary)	fbs	decode	2	3	112109
CFrame array (packed, arbitrary)	fbs	decode	2	4	112498
CFrame array (packed, arbitrary)	fbs	decode	2	5	112460
CFrame array (packed, arbitrary)	fbs	decode	2	6	112915
CFrame array (packed, arbitrary)	fbs	decode	2	7	110879
CFrame array (packed, arbitrary)	fbs	decode	2	8	111988
CFrame array (packed, arbitrary)	fbs	decode	2	9	111662
CFrame array (packed, arbitrary)	serio	encode	1	1	5403
CFrame array (packed, arbitrary)	serio	encode	1	2	5503
CFrame array (packed, arbitrary)	serio	encode	1	3	5437
CFrame array (packed, arbitrary)	serio	encode	1	4	5516
CFrame array (packed, arbitrary)	serio	encode	1	5	5402
CFrame array (packed, arbitrary)	serio	encode	1	6	5379
CFrame array (packed, arbitrary)	serio	encode	1	7	5445
CFrame array (packed, arbitrary)	serio	encode	1	8	5432
CFrame array (packed, arbitrary)	serio	encode	1	9	5467
CFrame array (packed, arbitrary)	serio	encode	2	1	5455
CFrame array (packed, arbitrary)	serio	encode	2	2	5538
CFrame array (packed, arbitrary)	serio	encode	2	3	5516
CFrame array (packed, arbitrary)	serio	encode	2	4	5484
CFrame array (packed, arbitrary)	serio	encode	2	5	5431
CFrame array (packed, arbitrary)	serio	encode	2	6	5456
CFrame array (packed, arbitrary)	serio	encode	2	7	5538
CFrame array (packed, arbitrary)	serio	encode	2	8	5491
CFrame array (packed, arbitrary)	serio	encode	2	9	5516
CFrame array (packed, arbitrary)	serio	decode	1	1	27738
CFrame array (packed, arbitrary)	serio	decode	1	2	27865
CFrame array (packed, arbitrary)	serio	decode	1	3	28200
CFrame array (packed, arbitrary)	serio	decode	1	4	27973
CFrame array (packed, arbitrary)	serio	decode	1	5	28048
CFrame array (packed, arbitrary)	serio	decode	1	6	27441
CFrame array (packed, arbitrary)	serio	decode	1	7	27539
CFrame array (packed, arbitrary)	serio	decode	1	8	27389
CFrame array (packed, arbitrary)	serio	decode	1	9	27176
CFrame array (packed, arbitrary)	serio	decode	2	1	27542
CFrame array (packed, arbitrary)	serio	decode	2	2	27662
CFrame array (packed, arbitrary)	serio	decode	2	3	27965
CFrame array (packed, arbitrary)	serio	decode	2	4	27912
CFrame array (packed, arbitrary)	serio	decode	2	5	27826
CFrame array (packed, arbitrary)	serio	decode	2	6	28010
CFrame array (packed, arbitrary)	serio	decode	2	7	27288
CFrame array (packed, arbitrary)	serio	decode	2	8	27322
CFrame array (packed, arbitrary)	serio	decode	2	9	27855
Blink: Booleans	surge	encode	1	1	163512
Blink: Booleans	surge	encode	1	2	162417
Blink: Booleans	surge	encode	1	3	162231
Blink: Booleans	surge	encode	1	4	162329
Blink: Booleans	surge	encode	1	5	164423
Blink: Booleans	surge	encode	1	6	164367
Blink: Booleans	surge	encode	1	7	161212
Blink: Booleans	surge	encode	1	8	159401
Blink: Booleans	surge	encode	1	9	162343
Blink: Booleans	surge	encode	2	1	206737
Blink: Booleans	surge	encode	2	2	207187
Blink: Booleans	surge	encode	2	3	209709
Blink: Booleans	surge	encode	2	4	207333
Blink: Booleans	surge	encode	2	5	211076
Blink: Booleans	surge	encode	2	6	208886
Blink: Booleans	surge	encode	2	7	202176
Blink: Booleans	surge	encode	2	8	208671
Blink: Booleans	surge	encode	2	9	210820
Blink: Booleans	surge	decode	1	1	113976
Blink: Booleans	surge	decode	1	2	117415
Blink: Booleans	surge	decode	1	3	117973
Blink: Booleans	surge	decode	1	4	114750
Blink: Booleans	surge	decode	1	5	105763
Blink: Booleans	surge	decode	1	6	115951
Blink: Booleans	surge	decode	1	7	117235
Blink: Booleans	surge	decode	1	8	110987
Blink: Booleans	surge	decode	1	9	114570
Blink: Booleans	surge	decode	2	1	109872
Blink: Booleans	surge	decode	2	2	113323
Blink: Booleans	surge	decode	2	3	111998
Blink: Booleans	surge	decode	2	4	111634
Blink: Booleans	surge	decode	2	5	109355
Blink: Booleans	surge	decode	2	6	114574
Blink: Booleans	surge	decode	2	7	118654
Blink: Booleans	surge	decode	2	8	119361
Blink: Booleans	surge	decode	2	9	114291
Blink: Booleans	fbs	encode	1	1	53229
Blink: Booleans	fbs	encode	1	2	52903
Blink: Booleans	fbs	encode	1	3	52440
Blink: Booleans	fbs	encode	1	4	52290
Blink: Booleans	fbs	encode	1	5	51954
Blink: Booleans	fbs	encode	1	6	52735
Blink: Booleans	fbs	encode	1	7	24858
Blink: Booleans	fbs	encode	1	8	52184
Blink: Booleans	fbs	encode	1	9	52447
Blink: Booleans	fbs	encode	2	1	52911
Blink: Booleans	fbs	encode	2	2	52799
Blink: Booleans	fbs	encode	2	3	52511
Blink: Booleans	fbs	encode	2	4	52706
Blink: Booleans	fbs	encode	2	5	52139
Blink: Booleans	fbs	encode	2	6	53182
Blink: Booleans	fbs	encode	2	7	52428
Blink: Booleans	fbs	encode	2	8	52568
Blink: Booleans	fbs	encode	2	9	53028
Blink: Booleans	fbs	decode	1	1	41557
Blink: Booleans	fbs	decode	1	2	40984
Blink: Booleans	fbs	decode	1	3	40819
Blink: Booleans	fbs	decode	1	4	40999
Blink: Booleans	fbs	decode	1	5	39885
Blink: Booleans	fbs	decode	1	6	40910
Blink: Booleans	fbs	decode	1	7	41036
Blink: Booleans	fbs	decode	1	8	40907
Blink: Booleans	fbs	decode	1	9	40240
Blink: Booleans	fbs	decode	2	1	40639
Blink: Booleans	fbs	decode	2	2	40534
Blink: Booleans	fbs	decode	2	3	40540
Blink: Booleans	fbs	decode	2	4	41287
Blink: Booleans	fbs	decode	2	5	40989
Blink: Booleans	fbs	decode	2	6	40134
Blink: Booleans	fbs	decode	2	7	40087
Blink: Booleans	fbs	decode	2	8	40174
Blink: Booleans	fbs	decode	2	9	40113
Blink: Booleans	serio	encode	1	1	10330
Blink: Booleans	serio	encode	1	2	10424
Blink: Booleans	serio	encode	1	3	10381
Blink: Booleans	serio	encode	1	4	10335
Blink: Booleans	serio	encode	1	5	10288
Blink: Booleans	serio	encode	1	6	10321
Blink: Booleans	serio	encode	1	7	10345
Blink: Booleans	serio	encode	1	8	10411
Blink: Booleans	serio	encode	1	9	10437
Blink: Booleans	serio	encode	2	1	10360
Blink: Booleans	serio	encode	2	2	10349
Blink: Booleans	serio	encode	2	3	10336
Blink: Booleans	serio	encode	2	4	10423
Blink: Booleans	serio	encode	2	5	10391
Blink: Booleans	serio	encode	2	6	10372
Blink: Booleans	serio	encode	2	7	10365
Blink: Booleans	serio	encode	2	8	10349
Blink: Booleans	serio	encode	2	9	10400
Blink: Booleans	serio	decode	1	1	12500
Blink: Booleans	serio	decode	1	2	12536
Blink: Booleans	serio	decode	1	3	12629
Blink: Booleans	serio	decode	1	4	12508
Blink: Booleans	serio	decode	1	5	12396
Blink: Booleans	serio	decode	1	6	12620
Blink: Booleans	serio	decode	1	7	12681
Blink: Booleans	serio	decode	1	8	12431
Blink: Booleans	serio	decode	1	9	12584
Blink: Booleans	serio	decode	2	1	12052
Blink: Booleans	serio	decode	2	2	12553
Blink: Booleans	serio	decode	2	3	12482
Blink: Booleans	serio	decode	2	4	12302
Blink: Booleans	serio	decode	2	5	12447
Blink: Booleans	serio	decode	2	6	12485
Blink: Booleans	serio	decode	2	7	12364
Blink: Booleans	serio	decode	2	8	12670
Blink: Booleans	serio	decode	2	9	12347
Blink: Booleans	flamework2	encode	1	1	145896
Blink: Booleans	flamework2	encode	1	2	147270
Blink: Booleans	flamework2	encode	1	3	146478
Blink: Booleans	flamework2	encode	1	4	146016
Blink: Booleans	flamework2	encode	1	5	145269
Blink: Booleans	flamework2	encode	1	6	144819
Blink: Booleans	flamework2	encode	1	7	146195
Blink: Booleans	flamework2	encode	1	8	147570
Blink: Booleans	flamework2	encode	1	9	147174
Blink: Booleans	flamework2	encode	2	1	150543
Blink: Booleans	flamework2	encode	2	2	146568
Blink: Booleans	flamework2	encode	2	3	149999
Blink: Booleans	flamework2	encode	2	4	151375
Blink: Booleans	flamework2	encode	2	5	150178
Blink: Booleans	flamework2	encode	2	6	148111
Blink: Booleans	flamework2	encode	2	7	149438
Blink: Booleans	flamework2	encode	2	8	149857
Blink: Booleans	flamework2	encode	2	9	149627
Blink: Booleans	flamework2	decode	1	1	113395
Blink: Booleans	flamework2	decode	1	2	113621
Blink: Booleans	flamework2	decode	1	3	111481
Blink: Booleans	flamework2	decode	1	4	101125
Blink: Booleans	flamework2	decode	1	5	108402
Blink: Booleans	flamework2	decode	1	6	112653
Blink: Booleans	flamework2	decode	1	7	114195
Blink: Booleans	flamework2	decode	1	8	114108
Blink: Booleans	flamework2	decode	1	9	114641
Blink: Booleans	flamework2	decode	2	1	109632
Blink: Booleans	flamework2	decode	2	2	109984
Blink: Booleans	flamework2	decode	2	3	113627
Blink: Booleans	flamework2	decode	2	4	114879
Blink: Booleans	flamework2	decode	2	5	111726
Blink: Booleans	flamework2	decode	2	6	115879
Blink: Booleans	flamework2	decode	2	7	113290
Blink: Booleans	flamework2	decode	2	8	116347
Blink: Booleans	flamework2	decode	2	9	111970
Blink: Booleans	blink	encode	1	1	110032
Blink: Booleans	blink	encode	1	2	111340
Blink: Booleans	blink	encode	1	3	107906
Blink: Booleans	blink	encode	1	4	109418
Blink: Booleans	blink	encode	1	5	107766
Blink: Booleans	blink	encode	1	6	110700
Blink: Booleans	blink	encode	1	7	108102
Blink: Booleans	blink	encode	1	8	109605
Blink: Booleans	blink	encode	1	9	111026
Blink: Booleans	blink	encode	2	1	105921
Blink: Booleans	blink	encode	2	2	105916
Blink: Booleans	blink	encode	2	3	105230
Blink: Booleans	blink	encode	2	4	104920
Blink: Booleans	blink	encode	2	5	106123
Blink: Booleans	blink	encode	2	6	107036
Blink: Booleans	blink	encode	2	7	104860
Blink: Booleans	blink	encode	2	8	104750
Blink: Booleans	blink	encode	2	9	105407
Blink: Booleans	blink	decode	1	1	76077
Blink: Booleans	blink	decode	1	2	76050
Blink: Booleans	blink	decode	1	3	74198
Blink: Booleans	blink	decode	1	4	70998
Blink: Booleans	blink	decode	1	5	73700
Blink: Booleans	blink	decode	1	6	73723
Blink: Booleans	blink	decode	1	7	73799
Blink: Booleans	blink	decode	1	8	72689
Blink: Booleans	blink	decode	1	9	74896
Blink: Booleans	blink	decode	2	1	74142
Blink: Booleans	blink	decode	2	2	74652
Blink: Booleans	blink	decode	2	3	75639
Blink: Booleans	blink	decode	2	4	76026
Blink: Booleans	blink	decode	2	5	75696
Blink: Booleans	blink	decode	2	6	75594
Blink: Booleans	blink	decode	2	7	76164
Blink: Booleans	blink	decode	2	8	75014
Blink: Booleans	blink	decode	2	9	75975
Blink: Entities	surge	encode	1	1	556190
Blink: Entities	surge	encode	1	2	559966
Blink: Entities	surge	encode	1	3	548507
Blink: Entities	surge	encode	1	4	559067
Blink: Entities	surge	encode	1	5	550015
Blink: Entities	surge	encode	1	6	558383
Blink: Entities	surge	encode	1	7	549205
Blink: Entities	surge	encode	1	8	550504
Blink: Entities	surge	encode	1	9	554971
Blink: Entities	surge	encode	2	1	552315
Blink: Entities	surge	encode	2	2	550609
Blink: Entities	surge	encode	2	3	556954
Blink: Entities	surge	encode	2	4	551382
Blink: Entities	surge	encode	2	5	556324
Blink: Entities	surge	encode	2	6	553479
Blink: Entities	surge	encode	2	7	555960
Blink: Entities	surge	encode	2	8	555967
Blink: Entities	surge	encode	2	9	556280
Blink: Entities	surge	decode	1	1	67211
Blink: Entities	surge	decode	1	2	68019
Blink: Entities	surge	decode	1	3	69733
Blink: Entities	surge	decode	1	4	65763
Blink: Entities	surge	decode	1	5	65094
Blink: Entities	surge	decode	1	6	65375
Blink: Entities	surge	decode	1	7	65659
Blink: Entities	surge	decode	1	8	67509
Blink: Entities	surge	decode	1	9	67371
Blink: Entities	surge	decode	2	1	69133
Blink: Entities	surge	decode	2	2	66927
Blink: Entities	surge	decode	2	3	64779
Blink: Entities	surge	decode	2	4	67175
Blink: Entities	surge	decode	2	5	64974
Blink: Entities	surge	decode	2	6	63689
Blink: Entities	surge	decode	2	7	66283
Blink: Entities	surge	decode	2	8	65322
Blink: Entities	surge	decode	2	9	65156
Blink: Entities	fbs	encode	1	1	80210
Blink: Entities	fbs	encode	1	2	80903
Blink: Entities	fbs	encode	1	3	80770
Blink: Entities	fbs	encode	1	4	81545
Blink: Entities	fbs	encode	1	5	79694
Blink: Entities	fbs	encode	1	6	81880
Blink: Entities	fbs	encode	1	7	80435
Blink: Entities	fbs	encode	1	8	80939
Blink: Entities	fbs	encode	1	9	80618
Blink: Entities	fbs	encode	2	1	82706
Blink: Entities	fbs	encode	2	2	79493
Blink: Entities	fbs	encode	2	3	80448
Blink: Entities	fbs	encode	2	4	82060
Blink: Entities	fbs	encode	2	5	82106
Blink: Entities	fbs	encode	2	6	82318
Blink: Entities	fbs	encode	2	7	80775
Blink: Entities	fbs	encode	2	8	81710
Blink: Entities	fbs	encode	2	9	80452
Blink: Entities	fbs	decode	1	1	37054
Blink: Entities	fbs	decode	1	2	37287
Blink: Entities	fbs	decode	1	3	36587
Blink: Entities	fbs	decode	1	4	35865
Blink: Entities	fbs	decode	1	5	37327
Blink: Entities	fbs	decode	1	6	37338
Blink: Entities	fbs	decode	1	7	36471
Blink: Entities	fbs	decode	1	8	37480
Blink: Entities	fbs	decode	1	9	36329
Blink: Entities	fbs	decode	2	1	36864
Blink: Entities	fbs	decode	2	2	36411
Blink: Entities	fbs	decode	2	3	35753
Blink: Entities	fbs	decode	2	4	36223
Blink: Entities	fbs	decode	2	5	36673
Blink: Entities	fbs	decode	2	6	36297
Blink: Entities	fbs	decode	2	7	36295
Blink: Entities	fbs	decode	2	8	35582
Blink: Entities	fbs	decode	2	9	36020
Blink: Entities	serio	encode	1	1	11181
Blink: Entities	serio	encode	1	2	11062
Blink: Entities	serio	encode	1	3	11220
Blink: Entities	serio	encode	1	4	11185
Blink: Entities	serio	encode	1	5	11096
Blink: Entities	serio	encode	1	6	11204
Blink: Entities	serio	encode	1	7	11206
Blink: Entities	serio	encode	1	8	11188
Blink: Entities	serio	encode	1	9	11198
Blink: Entities	serio	encode	2	1	11157
Blink: Entities	serio	encode	2	2	11127
Blink: Entities	serio	encode	2	3	11211
Blink: Entities	serio	encode	2	4	11211
Blink: Entities	serio	encode	2	5	11208
Blink: Entities	serio	encode	2	6	11163
Blink: Entities	serio	encode	2	7	11149
Blink: Entities	serio	encode	2	8	11157
Blink: Entities	serio	encode	2	9	11173
Blink: Entities	serio	decode	1	1	22014
Blink: Entities	serio	decode	1	2	22397
Blink: Entities	serio	decode	1	3	22150
Blink: Entities	serio	decode	1	4	21594
Blink: Entities	serio	decode	1	5	22390
Blink: Entities	serio	decode	1	6	22095
Blink: Entities	serio	decode	1	7	22357
Blink: Entities	serio	decode	1	8	22411
Blink: Entities	serio	decode	1	9	22297
Blink: Entities	serio	decode	2	1	22065
Blink: Entities	serio	decode	2	2	21760
Blink: Entities	serio	decode	2	3	21895
Blink: Entities	serio	decode	2	4	21993
Blink: Entities	serio	decode	2	5	22019
Blink: Entities	serio	decode	2	6	21886
Blink: Entities	serio	decode	2	7	22040
Blink: Entities	serio	decode	2	8	21837
Blink: Entities	serio	decode	2	9	21888
Blink: Entities	flamework2	encode	1	1	497191
Blink: Entities	flamework2	encode	1	2	502943
Blink: Entities	flamework2	encode	1	3	495939
Blink: Entities	flamework2	encode	1	4	503825
Blink: Entities	flamework2	encode	1	5	495424
Blink: Entities	flamework2	encode	1	6	500969
Blink: Entities	flamework2	encode	1	7	499843
Blink: Entities	flamework2	encode	1	8	504755
Blink: Entities	flamework2	encode	1	9	503540
Blink: Entities	flamework2	encode	2	1	498702
Blink: Entities	flamework2	encode	2	2	504681
Blink: Entities	flamework2	encode	2	3	500401
Blink: Entities	flamework2	encode	2	4	498523
Blink: Entities	flamework2	encode	2	5	501601
Blink: Entities	flamework2	encode	2	6	499857
Blink: Entities	flamework2	encode	2	7	499807
Blink: Entities	flamework2	encode	2	8	496459
Blink: Entities	flamework2	encode	2	9	496883
Blink: Entities	flamework2	decode	1	1	67558
Blink: Entities	flamework2	decode	1	2	69998
Blink: Entities	flamework2	decode	1	3	65280
Blink: Entities	flamework2	decode	1	4	63615
Blink: Entities	flamework2	decode	1	5	62933
Blink: Entities	flamework2	decode	1	6	66072
Blink: Entities	flamework2	decode	1	7	64637
Blink: Entities	flamework2	decode	1	8	66470
Blink: Entities	flamework2	decode	1	9	64745
Blink: Entities	flamework2	decode	2	1	68209
Blink: Entities	flamework2	decode	2	2	64042
Blink: Entities	flamework2	decode	2	3	67718
Blink: Entities	flamework2	decode	2	4	64429
Blink: Entities	flamework2	decode	2	5	64459
Blink: Entities	flamework2	decode	2	6	64987
Blink: Entities	flamework2	decode	2	7	66746
Blink: Entities	flamework2	decode	2	8	62276
Blink: Entities	flamework2	decode	2	9	66102
Blink: Entities	blink	encode	1	1	306468
Blink: Entities	blink	encode	1	2	303321
Blink: Entities	blink	encode	1	3	303273
Blink: Entities	blink	encode	1	4	303866
Blink: Entities	blink	encode	1	5	301662
Blink: Entities	blink	encode	1	6	301643
Blink: Entities	blink	encode	1	7	304959
Blink: Entities	blink	encode	1	8	307401
Blink: Entities	blink	encode	1	9	302174
Blink: Entities	blink	encode	2	1	319924
Blink: Entities	blink	encode	2	2	316679
Blink: Entities	blink	encode	2	3	320687
Blink: Entities	blink	encode	2	4	320963
Blink: Entities	blink	encode	2	5	323199
Blink: Entities	blink	encode	2	6	320771
Blink: Entities	blink	encode	2	7	321230
Blink: Entities	blink	encode	2	8	321842
Blink: Entities	blink	encode	2	9	324098
Blink: Entities	blink	decode	1	1	38612
Blink: Entities	blink	decode	1	2	38321
Blink: Entities	blink	decode	1	3	38469
Blink: Entities	blink	decode	1	4	37609
Blink: Entities	blink	decode	1	5	37055
Blink: Entities	blink	decode	1	6	37373
Blink: Entities	blink	decode	1	7	38206
Blink: Entities	blink	decode	1	8	37128
Blink: Entities	blink	decode	1	9	36056
Blink: Entities	blink	decode	2	1	37371
Blink: Entities	blink	decode	2	2	37029
Blink: Entities	blink	decode	2	3	37467
Blink: Entities	blink	decode	2	4	38253
Blink: Entities	blink	decode	2	5	37824
Blink: Entities	blink	decode	2	6	37441
Blink: Entities	blink	decode	2	7	37397
Blink: Entities	blink	decode	2	8	36928
Blink: Entities	blink	decode	2	9	38322
