# Trials behind speed.md. Written by `mise run bench:speed`; do not edit by hand.
# Date: 2026-10-09
# Roblox: 0.742.0.7421053
# Machine: 12th Gen Intel(R) Core(TM) i9-12900KF, 16 threads, win32 10.0.26200
# Runs: 2, back to back
# Commit: 766cb9a
# roblox-ts: 3.0.0
# @rbxts/flamework-binary-serializer: 0.7.0
# @rbxts/serio: 1.2.7
# @flamework-experimental/core: 2.0.0-alpha.8
# Blink: 0.18.8
# Method: 9 trials per cell, each at least 0.2 seconds of calls after 0.1 seconds of warm-up calls, timed in chunks of 250 calls so that the yields between chunks are not in the time; within a row the libraries take turns, one trial each, and 3 idle frames separate one row from the next; before any trial, every cell decodes its buffer once, and a run in which a cell round-trips worse than the size table records is not recorded
fixture	library	half	run	trial	rate
small flat struct	surge	encode	1	1	6087494
small flat struct	surge	encode	1	2	5916019
small flat struct	surge	encode	1	3	6039867
small flat struct	surge	encode	1	4	6071413
small flat struct	surge	encode	1	5	6041310
small flat struct	surge	encode	1	6	6068911
small flat struct	surge	encode	1	7	6119807
small flat struct	surge	encode	1	8	6051087
small flat struct	surge	encode	1	9	6083099
small flat struct	surge	encode	2	1	6104670
small flat struct	surge	encode	2	2	5695436
small flat struct	surge	encode	2	3	5632385
small flat struct	surge	encode	2	4	5830993
small flat struct	surge	encode	2	5	5937176
small flat struct	surge	encode	2	6	5929102
small flat struct	surge	encode	2	7	6009342
small flat struct	surge	encode	2	8	6039233
small flat struct	surge	encode	2	9	6021558
small flat struct	surge	decode	1	1	5838581
small flat struct	surge	decode	1	2	5867483
small flat struct	surge	decode	1	3	5676376
small flat struct	surge	decode	1	4	5853662
small flat struct	surge	decode	1	5	5891222
small flat struct	surge	decode	1	6	5883329
small flat struct	surge	decode	1	7	5982054
small flat struct	surge	decode	1	8	5963026
small flat struct	surge	decode	1	9	5822472
small flat struct	surge	decode	2	1	5713419
small flat struct	surge	decode	2	2	5933474
small flat struct	surge	decode	2	3	5899333
small flat struct	surge	decode	2	4	5902078
small flat struct	surge	decode	2	5	5825446
small flat struct	surge	decode	2	6	5925660
small flat struct	surge	decode	2	7	5830988
small flat struct	surge	decode	2	8	5692008
small flat struct	surge	decode	2	9	5946712
small flat struct	fbs	encode	1	1	2541795
small flat struct	fbs	encode	1	2	2420306
small flat struct	fbs	encode	1	3	2505746
small flat struct	fbs	encode	1	4	2503114
small flat struct	fbs	encode	1	5	2512401
small flat struct	fbs	encode	1	6	2522409
small flat struct	fbs	encode	1	7	2365570
small flat struct	fbs	encode	1	8	2517715
small flat struct	fbs	encode	1	9	2522479
small flat struct	fbs	encode	2	1	2408396
small flat struct	fbs	encode	2	2	2307869
small flat struct	fbs	encode	2	3	2324362
small flat struct	fbs	encode	2	4	2461781
small flat struct	fbs	encode	2	5	2506447
small flat struct	fbs	encode	2	6	2476554
small flat struct	fbs	encode	2	7	2439729
small flat struct	fbs	encode	2	8	2439520
small flat struct	fbs	encode	2	9	2403537
small flat struct	fbs	decode	1	1	3513146
small flat struct	fbs	decode	1	2	3495923
small flat struct	fbs	decode	1	3	3520622
small flat struct	fbs	decode	1	4	3467626
small flat struct	fbs	decode	1	5	3543234
small flat struct	fbs	decode	1	6	3534168
small flat struct	fbs	decode	1	7	3438526
small flat struct	fbs	decode	1	8	3448179
small flat struct	fbs	decode	1	9	3494479
small flat struct	fbs	decode	2	1	3429479
small flat struct	fbs	decode	2	2	3404334
small flat struct	fbs	decode	2	3	3405848
small flat struct	fbs	decode	2	4	3410849
small flat struct	fbs	decode	2	5	3456427
small flat struct	fbs	decode	2	6	2969829
small flat struct	fbs	decode	2	7	3403604
small flat struct	fbs	decode	2	8	3464596
small flat struct	fbs	decode	2	9	3439936
small flat struct	serio	encode	1	1	821540
small flat struct	serio	encode	1	2	826506
small flat struct	serio	encode	1	3	837408
small flat struct	serio	encode	1	4	844358
small flat struct	serio	encode	1	5	842796
small flat struct	serio	encode	1	6	846073
small flat struct	serio	encode	1	7	805178
small flat struct	serio	encode	1	8	842363
small flat struct	serio	encode	1	9	845053
small flat struct	serio	encode	2	1	830200
small flat struct	serio	encode	2	2	839974
small flat struct	serio	encode	2	3	827579
small flat struct	serio	encode	2	4	841535
small flat struct	serio	encode	2	5	846944
small flat struct	serio	encode	2	6	848608
small flat struct	serio	encode	2	7	844240
small flat struct	serio	encode	2	8	844807
small flat struct	serio	encode	2	9	848128
small flat struct	serio	decode	1	1	1659081
small flat struct	serio	decode	1	2	1649662
small flat struct	serio	decode	1	3	1651456
small flat struct	serio	decode	1	4	1669556
small flat struct	serio	decode	1	5	1665261
small flat struct	serio	decode	1	6	1654130
small flat struct	serio	decode	1	7	1626433
small flat struct	serio	decode	1	8	1631615
small flat struct	serio	decode	1	9	1667326
small flat struct	serio	decode	2	1	1653131
small flat struct	serio	decode	2	2	1655799
small flat struct	serio	decode	2	3	1657804
small flat struct	serio	decode	2	4	1667092
small flat struct	serio	decode	2	5	1638607
small flat struct	serio	decode	2	6	1514069
small flat struct	serio	decode	2	7	1649451
small flat struct	serio	decode	2	8	1652500
small flat struct	serio	decode	2	9	1651805
small flat struct	flamework2	encode	1	1	5339559
small flat struct	flamework2	encode	1	2	5975652
small flat struct	flamework2	encode	1	3	6251947
small flat struct	flamework2	encode	1	4	6145258
small flat struct	flamework2	encode	1	5	6164442
small flat struct	flamework2	encode	1	6	6166164
small flat struct	flamework2	encode	1	7	5459167
small flat struct	flamework2	encode	1	8	6134469
small flat struct	flamework2	encode	1	9	6187401
small flat struct	flamework2	encode	2	1	5570796
small flat struct	flamework2	encode	2	2	5745366
small flat struct	flamework2	encode	2	3	5862923
small flat struct	flamework2	encode	2	4	5976639
small flat struct	flamework2	encode	2	5	5999673
small flat struct	flamework2	encode	2	6	5923981
small flat struct	flamework2	encode	2	7	5981899
small flat struct	flamework2	encode	2	8	6037029
small flat struct	flamework2	encode	2	9	6070512
small flat struct	flamework2	decode	1	1	5769455
small flat struct	flamework2	decode	1	2	5830005
small flat struct	flamework2	decode	1	3	5670935
small flat struct	flamework2	decode	1	4	5760723
small flat struct	flamework2	decode	1	5	5714966
small flat struct	flamework2	decode	1	6	5544082
small flat struct	flamework2	decode	1	7	5765518
small flat struct	flamework2	decode	1	8	5712286
small flat struct	flamework2	decode	1	9	5712094
small flat struct	flamework2	decode	2	1	5630983
small flat struct	flamework2	decode	2	2	5630631
small flat struct	flamework2	decode	2	3	5536103
small flat struct	flamework2	decode	2	4	5577885
small flat struct	flamework2	decode	2	5	5675104
small flat struct	flamework2	decode	2	6	5402372
small flat struct	flamework2	decode	2	7	5677225
small flat struct	flamework2	decode	2	8	5595802
small flat struct	flamework2	decode	2	9	5644261
small flat struct	blink	encode	1	1	2417186
small flat struct	blink	encode	1	2	2660647
small flat struct	blink	encode	1	3	2739226
small flat struct	blink	encode	1	4	2686952
small flat struct	blink	encode	1	5	2725689
small flat struct	blink	encode	1	6	2733072
small flat struct	blink	encode	1	7	2705854
small flat struct	blink	encode	1	8	2685883
small flat struct	blink	encode	1	9	2665273
small flat struct	blink	encode	2	1	2516154
small flat struct	blink	encode	2	2	2473372
small flat struct	blink	encode	2	3	2742386
small flat struct	blink	encode	2	4	2760113
small flat struct	blink	encode	2	5	2661130
small flat struct	blink	encode	2	6	2735574
small flat struct	blink	encode	2	7	2715781
small flat struct	blink	encode	2	8	2711067
small flat struct	blink	encode	2	9	2691690
small flat struct	blink	decode	1	1	3447983
small flat struct	blink	decode	1	2	3453614
small flat struct	blink	decode	1	3	3411899
small flat struct	blink	decode	1	4	3428665
small flat struct	blink	decode	1	5	3447721
small flat struct	blink	decode	1	6	3518541
small flat struct	blink	decode	1	7	3503912
small flat struct	blink	decode	1	8	3513995
small flat struct	blink	decode	1	9	3515208
small flat struct	blink	decode	2	1	3417959
small flat struct	blink	decode	2	2	3415572
small flat struct	blink	decode	2	3	3500639
small flat struct	blink	decode	2	4	3343805
small flat struct	blink	decode	2	5	3414686
small flat struct	blink	decode	2	6	3413508
small flat struct	blink	decode	2	7	3464916
small flat struct	blink	decode	2	8	3453646
small flat struct	blink	decode	2	9	3460027
small flat struct	baseline	encode	1	1	5895637
small flat struct	baseline	encode	1	2	6144081
small flat struct	baseline	encode	1	3	6219335
small flat struct	baseline	encode	1	4	6162029
small flat struct	baseline	encode	1	5	6132698
small flat struct	baseline	encode	1	6	6116206
small flat struct	baseline	encode	1	7	6152412
small flat struct	baseline	encode	1	8	6214046
small flat struct	baseline	encode	1	9	6213431
small flat struct	baseline	encode	2	1	5864519
small flat struct	baseline	encode	2	2	5790795
small flat struct	baseline	encode	2	3	6191673
small flat struct	baseline	encode	2	4	6134618
small flat struct	baseline	encode	2	5	6222394
small flat struct	baseline	encode	2	6	6236440
small flat struct	baseline	encode	2	7	6240691
small flat struct	baseline	encode	2	8	6229427
small flat struct	baseline	encode	2	9	6270397
small flat struct	baseline	decode	1	1	5918778
small flat struct	baseline	decode	1	2	5966912
small flat struct	baseline	decode	1	3	5773305
small flat struct	baseline	decode	1	4	5852263
small flat struct	baseline	decode	1	5	5828738
small flat struct	baseline	decode	1	6	5813654
small flat struct	baseline	decode	1	7	5820598
small flat struct	baseline	decode	1	8	5726489
small flat struct	baseline	decode	1	9	5840771
small flat struct	baseline	decode	2	1	5709332
small flat struct	baseline	decode	2	2	5759438
small flat struct	baseline	decode	2	3	5767458
small flat struct	baseline	decode	2	4	5893676
small flat struct	baseline	decode	2	5	5790700
small flat struct	baseline	decode	2	6	5764493
small flat struct	baseline	decode	2	7	5819936
small flat struct	baseline	decode	2	8	5694849
small flat struct	baseline	decode	2	9	5749523
deeply nested object	surge	encode	1	1	4569132
deeply nested object	surge	encode	1	2	4678154
deeply nested object	surge	encode	1	3	4659872
deeply nested object	surge	encode	1	4	4637419
deeply nested object	surge	encode	1	5	4674656
deeply nested object	surge	encode	1	6	4706212
deeply nested object	surge	encode	1	7	4603297
deeply nested object	surge	encode	1	8	4556095
deeply nested object	surge	encode	1	9	4674212
deeply nested object	surge	encode	2	1	4665977
deeply nested object	surge	encode	2	2	4661038
deeply nested object	surge	encode	2	3	4613718
deeply nested object	surge	encode	2	4	4690854
deeply nested object	surge	encode	2	5	4645261
deeply nested object	surge	encode	2	6	4652398
deeply nested object	surge	encode	2	7	4748513
deeply nested object	surge	encode	2	8	4688612
deeply nested object	surge	encode	2	9	4707425
deeply nested object	surge	decode	1	1	2713717
deeply nested object	surge	decode	1	2	2784706
deeply nested object	surge	decode	1	3	2734431
deeply nested object	surge	decode	1	4	2509778
deeply nested object	surge	decode	1	5	2741569
deeply nested object	surge	decode	1	6	2755783
deeply nested object	surge	decode	1	7	2731120
deeply nested object	surge	decode	1	8	2746525
deeply nested object	surge	decode	1	9	2727183
deeply nested object	surge	decode	2	1	2713644
deeply nested object	surge	decode	2	2	2651064
deeply nested object	surge	decode	2	3	2711853
deeply nested object	surge	decode	2	4	2733947
deeply nested object	surge	decode	2	5	2718561
deeply nested object	surge	decode	2	6	2691224
deeply nested object	surge	decode	2	7	2729827
deeply nested object	surge	decode	2	8	2725856
deeply nested object	surge	decode	2	9	2714628
deeply nested object	fbs	encode	1	1	1862438
deeply nested object	fbs	encode	1	2	1851102
deeply nested object	fbs	encode	1	3	1860854
deeply nested object	fbs	encode	1	4	1878334
deeply nested object	fbs	encode	1	5	1884600
deeply nested object	fbs	encode	1	6	1841584
deeply nested object	fbs	encode	1	7	1848586
deeply nested object	fbs	encode	1	8	1818270
deeply nested object	fbs	encode	1	9	1866258
deeply nested object	fbs	encode	2	1	1782045
deeply nested object	fbs	encode	2	2	1796898
deeply nested object	fbs	encode	2	3	1806746
deeply nested object	fbs	encode	2	4	1804684
deeply nested object	fbs	encode	2	5	1806150
deeply nested object	fbs	encode	2	6	1816241
deeply nested object	fbs	encode	2	7	1807100
deeply nested object	fbs	encode	2	8	1815583
deeply nested object	fbs	encode	2	9	1794842
deeply nested object	fbs	decode	1	1	1602301
deeply nested object	fbs	decode	1	2	1597743
deeply nested object	fbs	decode	1	3	1584841
deeply nested object	fbs	decode	1	4	1503073
deeply nested object	fbs	decode	1	5	1598366
deeply nested object	fbs	decode	1	6	1599555
deeply nested object	fbs	decode	1	7	1584278
deeply nested object	fbs	decode	1	8	1584568
deeply nested object	fbs	decode	1	9	1595385
deeply nested object	fbs	decode	2	1	1563287
deeply nested object	fbs	decode	2	2	1581814
deeply nested object	fbs	decode	2	3	1538983
deeply nested object	fbs	decode	2	4	1551874
deeply nested object	fbs	decode	2	5	1568534
deeply nested object	fbs	decode	2	6	1539447
deeply nested object	fbs	decode	2	7	1545764
deeply nested object	fbs	decode	2	8	1573107
deeply nested object	fbs	decode	2	9	1552479
deeply nested object	serio	encode	1	1	473557
deeply nested object	serio	encode	1	2	467730
deeply nested object	serio	encode	1	3	475173
deeply nested object	serio	encode	1	4	482045
deeply nested object	serio	encode	1	5	477912
deeply nested object	serio	encode	1	6	480820
deeply nested object	serio	encode	1	7	477337
deeply nested object	serio	encode	1	8	468100
deeply nested object	serio	encode	1	9	477189
deeply nested object	serio	encode	2	1	482242
deeply nested object	serio	encode	2	2	479562
deeply nested object	serio	encode	2	3	464515
deeply nested object	serio	encode	2	4	479419
deeply nested object	serio	encode	2	5	480802
deeply nested object	serio	encode	2	6	468794
deeply nested object	serio	encode	2	7	477870
deeply nested object	serio	encode	2	8	465249
deeply nested object	serio	encode	2	9	473726
deeply nested object	serio	decode	1	1	736090
deeply nested object	serio	decode	1	2	745420
deeply nested object	serio	decode	1	3	747130
deeply nested object	serio	decode	1	4	746417
deeply nested object	serio	decode	1	5	743238
deeply nested object	serio	decode	1	6	745978
deeply nested object	serio	decode	1	7	745937
deeply nested object	serio	decode	1	8	742041
deeply nested object	serio	decode	1	9	747875
deeply nested object	serio	decode	2	1	744595
deeply nested object	serio	decode	2	2	741720
deeply nested object	serio	decode	2	3	751816
deeply nested object	serio	decode	2	4	744023
deeply nested object	serio	decode	2	5	738175
deeply nested object	serio	decode	2	6	743819
deeply nested object	serio	decode	2	7	742419
deeply nested object	serio	decode	2	8	744529
deeply nested object	serio	decode	2	9	741521
deeply nested object	flamework2	encode	1	1	3015942
deeply nested object	flamework2	encode	1	2	3030756
deeply nested object	flamework2	encode	1	3	3041686
deeply nested object	flamework2	encode	1	4	2973625
deeply nested object	flamework2	encode	1	5	2975594
deeply nested object	flamework2	encode	1	6	2984796
deeply nested object	flamework2	encode	1	7	2937778
deeply nested object	flamework2	encode	1	8	2881722
deeply nested object	flamework2	encode	1	9	2980921
deeply nested object	flamework2	encode	2	1	2855890
deeply nested object	flamework2	encode	2	2	2898778
deeply nested object	flamework2	encode	2	3	2892161
deeply nested object	flamework2	encode	2	4	2869981
deeply nested object	flamework2	encode	2	5	2877240
deeply nested object	flamework2	encode	2	6	2863518
deeply nested object	flamework2	encode	2	7	2881659
deeply nested object	flamework2	encode	2	8	2879983
deeply nested object	flamework2	encode	2	9	2914944
deeply nested object	flamework2	decode	1	1	2176822
deeply nested object	flamework2	decode	1	2	2188786
deeply nested object	flamework2	decode	1	3	2050829
deeply nested object	flamework2	decode	1	4	2190536
deeply nested object	flamework2	decode	1	5	2195307
deeply nested object	flamework2	decode	1	6	2173209
deeply nested object	flamework2	decode	1	7	2173613
deeply nested object	flamework2	decode	1	8	2163703
deeply nested object	flamework2	decode	1	9	2167499
deeply nested object	flamework2	decode	2	1	2160958
deeply nested object	flamework2	decode	2	2	2147702
deeply nested object	flamework2	decode	2	3	2129195
deeply nested object	flamework2	decode	2	4	2164373
deeply nested object	flamework2	decode	2	5	2115467
deeply nested object	flamework2	decode	2	6	2136926
deeply nested object	flamework2	decode	2	7	2155149
deeply nested object	flamework2	decode	2	8	2117390
deeply nested object	flamework2	decode	2	9	2122796
deeply nested object	blink	encode	1	1	2163540
deeply nested object	blink	encode	1	2	2186981
deeply nested object	blink	encode	1	3	2183605
deeply nested object	blink	encode	1	4	2171094
deeply nested object	blink	encode	1	5	2169681
deeply nested object	blink	encode	1	6	2196968
deeply nested object	blink	encode	1	7	2174072
deeply nested object	blink	encode	1	8	2076874
deeply nested object	blink	encode	1	9	2202428
deeply nested object	blink	encode	2	1	2188417
deeply nested object	blink	encode	2	2	2175405
deeply nested object	blink	encode	2	3	2209880
deeply nested object	blink	encode	2	4	2176071
deeply nested object	blink	encode	2	5	2194806
deeply nested object	blink	encode	2	6	2199318
deeply nested object	blink	encode	2	7	2162856
deeply nested object	blink	encode	2	8	2227819
deeply nested object	blink	encode	2	9	2209808
deeply nested object	blink	decode	1	1	1708220
deeply nested object	blink	decode	1	2	1706898
deeply nested object	blink	decode	1	3	1605499
deeply nested object	blink	decode	1	4	1684756
deeply nested object	blink	decode	1	5	1700571
deeply nested object	blink	decode	1	6	1674201
deeply nested object	blink	decode	1	7	1699816
deeply nested object	blink	decode	1	8	1699692
deeply nested object	blink	decode	1	9	1708342
deeply nested object	blink	decode	2	1	1667282
deeply nested object	blink	decode	2	2	1698364
deeply nested object	blink	decode	2	3	1665737
deeply nested object	blink	decode	2	4	1677342
deeply nested object	blink	decode	2	5	1699190
deeply nested object	blink	decode	2	6	1696101
deeply nested object	blink	decode	2	7	1672072
deeply nested object	blink	decode	2	8	1692195
deeply nested object	blink	decode	2	9	1730996
deeply nested object	baseline	encode	1	1	4716224
deeply nested object	baseline	encode	1	2	4815595
deeply nested object	baseline	encode	1	3	4845802
deeply nested object	baseline	encode	1	4	4840151
deeply nested object	baseline	encode	1	5	4799570
deeply nested object	baseline	encode	1	6	4799630
deeply nested object	baseline	encode	1	7	4791484
deeply nested object	baseline	encode	1	8	4571679
deeply nested object	baseline	encode	1	9	4750243
deeply nested object	baseline	encode	2	1	4683038
deeply nested object	baseline	encode	2	2	4784938
deeply nested object	baseline	encode	2	3	4721215
deeply nested object	baseline	encode	2	4	4760531
deeply nested object	baseline	encode	2	5	4709265
deeply nested object	baseline	encode	2	6	4742356
deeply nested object	baseline	encode	2	7	4810278
deeply nested object	baseline	encode	2	8	4743098
deeply nested object	baseline	encode	2	9	4760791
deeply nested object	baseline	decode	1	1	2698863
deeply nested object	baseline	decode	1	2	2716929
deeply nested object	baseline	decode	1	3	2568503
deeply nested object	baseline	decode	1	4	2671313
deeply nested object	baseline	decode	1	5	2709938
deeply nested object	baseline	decode	1	6	2761199
deeply nested object	baseline	decode	1	7	2737177
deeply nested object	baseline	decode	1	8	2716080
deeply nested object	baseline	decode	1	9	2750762
deeply nested object	baseline	decode	2	1	2658987
deeply nested object	baseline	decode	2	2	2687538
deeply nested object	baseline	decode	2	3	2696535
deeply nested object	baseline	decode	2	4	2681076
deeply nested object	baseline	decode	2	5	2700473
deeply nested object	baseline	decode	2	6	2662344
deeply nested object	baseline	decode	2	7	2705540
deeply nested object	baseline	decode	2	8	2708616
deeply nested object	baseline	decode	2	9	2631921
wide struct	surge	encode	1	1	3068631
wide struct	surge	encode	1	2	3140966
wide struct	surge	encode	1	3	3151309
wide struct	surge	encode	1	4	3150484
wide struct	surge	encode	1	5	3191828
wide struct	surge	encode	1	6	3089640
wide struct	surge	encode	1	7	3168230
wide struct	surge	encode	1	8	3182344
wide struct	surge	encode	1	9	3173517
wide struct	surge	encode	2	1	3124628
wide struct	surge	encode	2	2	3138745
wide struct	surge	encode	2	3	3102384
wide struct	surge	encode	2	4	3134694
wide struct	surge	encode	2	5	3096200
wide struct	surge	encode	2	6	3150519
wide struct	surge	encode	2	7	3170079
wide struct	surge	encode	2	8	3119484
wide struct	surge	encode	2	9	3155863
wide struct	surge	decode	1	1	780902
wide struct	surge	decode	1	2	769422
wide struct	surge	decode	1	3	784330
wide struct	surge	decode	1	4	772722
wide struct	surge	decode	1	5	760443
wide struct	surge	decode	1	6	761651
wide struct	surge	decode	1	7	758446
wide struct	surge	decode	1	8	766147
wide struct	surge	decode	1	9	783809
wide struct	surge	decode	2	1	726125
wide struct	surge	decode	2	2	729607
wide struct	surge	decode	2	3	721046
wide struct	surge	decode	2	4	714277
wide struct	surge	decode	2	5	718307
wide struct	surge	decode	2	6	707896
wide struct	surge	decode	2	7	644435
wide struct	surge	decode	2	8	707075
wide struct	surge	decode	2	9	711545
wide struct	fbs	encode	1	1	783603
wide struct	fbs	encode	1	2	790291
wide struct	fbs	encode	1	3	798546
wide struct	fbs	encode	1	4	801317
wide struct	fbs	encode	1	5	801102
wide struct	fbs	encode	1	6	794283
wide struct	fbs	encode	1	7	796350
wide struct	fbs	encode	1	8	790078
wide struct	fbs	encode	1	9	800162
wide struct	fbs	encode	2	1	743932
wide struct	fbs	encode	2	2	738129
wide struct	fbs	encode	2	3	734121
wide struct	fbs	encode	2	4	745078
wide struct	fbs	encode	2	5	746471
wide struct	fbs	encode	2	6	738307
wide struct	fbs	encode	2	7	739658
wide struct	fbs	encode	2	8	738599
wide struct	fbs	encode	2	9	738397
wide struct	fbs	decode	1	1	553624
wide struct	fbs	decode	1	2	553593
wide struct	fbs	decode	1	3	546180
wide struct	fbs	decode	1	4	549142
wide struct	fbs	decode	1	5	554862
wide struct	fbs	decode	1	6	553376
wide struct	fbs	decode	1	7	554783
wide struct	fbs	decode	1	8	542564
wide struct	fbs	decode	1	9	542484
wide struct	fbs	decode	2	1	500879
wide struct	fbs	decode	2	2	507072
wide struct	fbs	decode	2	3	488047
wide struct	fbs	decode	2	4	509424
wide struct	fbs	decode	2	5	489488
wide struct	fbs	decode	2	6	506790
wide struct	fbs	decode	2	7	475833
wide struct	fbs	decode	2	8	497513
wide struct	fbs	decode	2	9	492405
wide struct	serio	encode	1	1	119205
wide struct	serio	encode	1	2	117806
wide struct	serio	encode	1	3	117855
wide struct	serio	encode	1	4	116844
wide struct	serio	encode	1	5	117456
wide struct	serio	encode	1	6	119801
wide struct	serio	encode	1	7	118092
wide struct	serio	encode	1	8	118510
wide struct	serio	encode	1	9	117789
wide struct	serio	encode	2	1	118133
wide struct	serio	encode	2	2	117560
wide struct	serio	encode	2	3	119495
wide struct	serio	encode	2	4	117667
wide struct	serio	encode	2	5	117722
wide struct	serio	encode	2	6	118036
wide struct	serio	encode	2	7	117836
wide struct	serio	encode	2	8	118413
wide struct	serio	encode	2	9	117603
wide struct	serio	decode	1	1	249928
wide struct	serio	decode	1	2	247202
wide struct	serio	decode	1	3	249266
wide struct	serio	decode	1	4	251185
wide struct	serio	decode	1	5	248784
wide struct	serio	decode	1	6	251183
wide struct	serio	decode	1	7	251593
wide struct	serio	decode	1	8	249514
wide struct	serio	decode	1	9	251830
wide struct	serio	decode	2	1	239795
wide struct	serio	decode	2	2	235610
wide struct	serio	decode	2	3	236838
wide struct	serio	decode	2	4	233701
wide struct	serio	decode	2	5	236336
wide struct	serio	decode	2	6	233512
wide struct	serio	decode	2	7	228220
wide struct	serio	decode	2	8	235467
wide struct	serio	decode	2	9	234841
wide struct	flamework2	encode	1	1	3167065
wide struct	flamework2	encode	1	2	3171201
wide struct	flamework2	encode	1	3	3177116
wide struct	flamework2	encode	1	4	3210410
wide struct	flamework2	encode	1	5	3174617
wide struct	flamework2	encode	1	6	3108377
wide struct	flamework2	encode	1	7	3148473
wide struct	flamework2	encode	1	8	3117177
wide struct	flamework2	encode	1	9	3193432
wide struct	flamework2	encode	2	1	3176034
wide struct	flamework2	encode	2	2	3174544
wide struct	flamework2	encode	2	3	3158748
wide struct	flamework2	encode	2	4	3169647
wide struct	flamework2	encode	2	5	3170641
wide struct	flamework2	encode	2	6	3198006
wide struct	flamework2	encode	2	7	3176680
wide struct	flamework2	encode	2	8	3155501
wide struct	flamework2	encode	2	9	3188487
wide struct	flamework2	decode	1	1	797778
wide struct	flamework2	decode	1	2	779158
wide struct	flamework2	decode	1	3	779894
wide struct	flamework2	decode	1	4	782946
wide struct	flamework2	decode	1	5	794391
wide struct	flamework2	decode	1	6	777371
wide struct	flamework2	decode	1	7	788502
wide struct	flamework2	decode	1	8	777155
wide struct	flamework2	decode	1	9	791595
wide struct	flamework2	decode	2	1	709425
wide struct	flamework2	decode	2	2	702915
wide struct	flamework2	decode	2	3	699741
wide struct	flamework2	decode	2	4	711514
wide struct	flamework2	decode	2	5	693611
wide struct	flamework2	decode	2	6	644280
wide struct	flamework2	decode	2	7	698204
wide struct	flamework2	decode	2	8	709139
wide struct	flamework2	decode	2	9	709481
wide struct	blink	encode	1	1	1403238
wide struct	blink	encode	1	2	1413892
wide struct	blink	encode	1	3	1391087
wide struct	blink	encode	1	4	1393359
wide struct	blink	encode	1	5	1389475
wide struct	blink	encode	1	6	1402236
wide struct	blink	encode	1	7	1415310
wide struct	blink	encode	1	8	1390114
wide struct	blink	encode	1	9	1401169
wide struct	blink	encode	2	1	1387094
wide struct	blink	encode	2	2	1392680
wide struct	blink	encode	2	3	1396126
wide struct	blink	encode	2	4	1387946
wide struct	blink	encode	2	5	1391454
wide struct	blink	encode	2	6	1376812
wide struct	blink	encode	2	7	1394695
wide struct	blink	encode	2	8	1385904
wide struct	blink	encode	2	9	1391012
wide struct	blink	decode	1	1	500868
wide struct	blink	decode	1	2	511537
wide struct	blink	decode	1	3	511964
wide struct	blink	decode	1	4	502488
wide struct	blink	decode	1	5	525890
wide struct	blink	decode	1	6	520009
wide struct	blink	decode	1	7	524876
wide struct	blink	decode	1	8	521004
wide struct	blink	decode	1	9	531185
wide struct	blink	decode	2	1	478671
wide struct	blink	decode	2	2	475628
wide struct	blink	decode	2	3	484382
wide struct	blink	decode	2	4	480700
wide struct	blink	decode	2	5	471233
wide struct	blink	decode	2	6	428208
wide struct	blink	decode	2	7	473409
wide struct	blink	decode	2	8	474452
wide struct	blink	decode	2	9	482010
large array	surge	encode	1	1	304871
large array	surge	encode	1	2	303964
large array	surge	encode	1	3	299883
large array	surge	encode	1	4	306332
large array	surge	encode	1	5	310394
large array	surge	encode	1	6	306087
large array	surge	encode	1	7	303575
large array	surge	encode	1	8	304872
large array	surge	encode	1	9	301084
large array	surge	encode	2	1	303028
large array	surge	encode	2	2	301003
large array	surge	encode	2	3	295661
large array	surge	encode	2	4	304858
large array	surge	encode	2	5	305792
large array	surge	encode	2	6	297295
large array	surge	encode	2	7	309751
large array	surge	encode	2	8	299452
large array	surge	encode	2	9	300953
large array	surge	decode	1	1	121171
large array	surge	decode	1	2	123478
large array	surge	decode	1	3	121238
large array	surge	decode	1	4	121023
large array	surge	decode	1	5	119858
large array	surge	decode	1	6	123263
large array	surge	decode	1	7	122379
large array	surge	decode	1	8	117178
large array	surge	decode	1	9	119800
large array	surge	decode	2	1	118666
large array	surge	decode	2	2	119994
large array	surge	decode	2	3	119961
large array	surge	decode	2	4	119142
large array	surge	decode	2	5	119551
large array	surge	decode	2	6	119261
large array	surge	decode	2	7	119089
large array	surge	decode	2	8	119829
large array	surge	decode	2	9	118198
large array	fbs	encode	1	1	72753
large array	fbs	encode	1	2	69826
large array	fbs	encode	1	3	73224
large array	fbs	encode	1	4	73688
large array	fbs	encode	1	5	71992
large array	fbs	encode	1	6	72798
large array	fbs	encode	1	7	73350
large array	fbs	encode	1	8	72624
large array	fbs	encode	1	9	72595
large array	fbs	encode	2	1	70453
large array	fbs	encode	2	2	70146
large array	fbs	encode	2	3	69313
large array	fbs	encode	2	4	69559
large array	fbs	encode	2	5	68104
large array	fbs	encode	2	6	70449
large array	fbs	encode	2	7	68963
large array	fbs	encode	2	8	69547
large array	fbs	encode	2	9	70346
large array	fbs	decode	1	1	44451
large array	fbs	decode	1	2	44181
large array	fbs	decode	1	3	44698
large array	fbs	decode	1	4	44329
large array	fbs	decode	1	5	44145
large array	fbs	decode	1	6	44120
large array	fbs	decode	1	7	43406
large array	fbs	decode	1	8	44750
large array	fbs	decode	1	9	44083
large array	fbs	decode	2	1	43595
large array	fbs	decode	2	2	44262
large array	fbs	decode	2	3	44150
large array	fbs	decode	2	4	44299
large array	fbs	decode	2	5	44143
large array	fbs	decode	2	6	43825
large array	fbs	decode	2	7	44213
large array	fbs	decode	2	8	44337
large array	fbs	decode	2	9	44482
large array	serio	encode	1	1	7997
large array	serio	encode	1	2	8046
large array	serio	encode	1	3	7952
large array	serio	encode	1	4	8003
large array	serio	encode	1	5	8061
large array	serio	encode	1	6	8013
large array	serio	encode	1	7	7969
large array	serio	encode	1	8	8061
large array	serio	encode	1	9	7934
large array	serio	encode	2	1	8016
large array	serio	encode	2	2	7948
large array	serio	encode	2	3	7996
large array	serio	encode	2	4	7978
large array	serio	encode	2	5	8025
large array	serio	encode	2	6	8010
large array	serio	encode	2	7	7981
large array	serio	encode	2	8	8007
large array	serio	encode	2	9	7979
large array	serio	decode	1	1	25657
large array	serio	decode	1	2	25827
large array	serio	decode	1	3	25565
large array	serio	decode	1	4	25644
large array	serio	decode	1	5	25723
large array	serio	decode	1	6	25679
large array	serio	decode	1	7	25666
large array	serio	decode	1	8	25779
large array	serio	decode	1	9	25987
large array	serio	decode	2	1	25548
large array	serio	decode	2	2	25788
large array	serio	decode	2	3	25669
large array	serio	decode	2	4	25784
large array	serio	decode	2	5	25962
large array	serio	decode	2	6	25521
large array	serio	decode	2	7	25815
large array	serio	decode	2	8	25731
large array	serio	decode	2	9	25804
large array	flamework2	encode	1	1	250917
large array	flamework2	encode	1	2	255602
large array	flamework2	encode	1	3	251365
large array	flamework2	encode	1	4	254950
large array	flamework2	encode	1	5	256577
large array	flamework2	encode	1	6	259363
large array	flamework2	encode	1	7	255516
large array	flamework2	encode	1	8	256871
large array	flamework2	encode	1	9	258171
large array	flamework2	encode	2	1	253746
large array	flamework2	encode	2	2	248341
large array	flamework2	encode	2	3	251535
large array	flamework2	encode	2	4	256616
large array	flamework2	encode	2	5	254100
large array	flamework2	encode	2	6	254731
large array	flamework2	encode	2	7	258262
large array	flamework2	encode	2	8	258238
large array	flamework2	encode	2	9	255502
large array	flamework2	decode	1	1	116639
large array	flamework2	decode	1	2	121076
large array	flamework2	decode	1	3	117951
large array	flamework2	decode	1	4	120029
large array	flamework2	decode	1	5	118577
large array	flamework2	decode	1	6	120635
large array	flamework2	decode	1	7	120486
large array	flamework2	decode	1	8	120892
large array	flamework2	decode	1	9	119779
large array	flamework2	decode	2	1	119852
large array	flamework2	decode	2	2	116099
large array	flamework2	decode	2	3	116751
large array	flamework2	decode	2	4	118246
large array	flamework2	decode	2	5	115122
large array	flamework2	decode	2	6	113793
large array	flamework2	decode	2	7	115665
large array	flamework2	decode	2	8	119127
large array	flamework2	decode	2	9	119083
large array	blink	encode	1	1	135406
large array	blink	encode	1	2	135299
large array	blink	encode	1	3	137340
large array	blink	encode	1	4	134503
large array	blink	encode	1	5	136133
large array	blink	encode	1	6	134863
large array	blink	encode	1	7	138090
large array	blink	encode	1	8	135397
large array	blink	encode	1	9	136542
large array	blink	encode	2	1	134815
large array	blink	encode	2	2	131010
large array	blink	encode	2	3	132401
large array	blink	encode	2	4	135468
large array	blink	encode	2	5	134981
large array	blink	encode	2	6	135436
large array	blink	encode	2	7	135698
large array	blink	encode	2	8	137240
large array	blink	encode	2	9	135841
large array	blink	decode	1	1	77046
large array	blink	decode	1	2	75738
large array	blink	decode	1	3	77126
large array	blink	decode	1	4	76617
large array	blink	decode	1	5	76628
large array	blink	decode	1	6	76089
large array	blink	decode	1	7	76874
large array	blink	decode	1	8	76786
large array	blink	decode	1	9	76145
large array	blink	decode	2	1	79986
large array	blink	decode	2	2	78387
large array	blink	decode	2	3	79329
large array	blink	decode	2	4	78949
large array	blink	decode	2	5	79521
large array	blink	decode	2	6	78359
large array	blink	decode	2	7	78892
large array	blink	decode	2	8	76122
large array	blink	decode	2	9	78550
nested arrays	surge	encode	1	1	831525
nested arrays	surge	encode	1	2	847704
nested arrays	surge	encode	1	3	832226
nested arrays	surge	encode	1	4	834133
nested arrays	surge	encode	1	5	838236
nested arrays	surge	encode	1	6	841114
nested arrays	surge	encode	1	7	837292
nested arrays	surge	encode	1	8	827934
nested arrays	surge	encode	1	9	818836
nested arrays	surge	encode	2	1	914678
nested arrays	surge	encode	2	2	903188
nested arrays	surge	encode	2	3	917084
nested arrays	surge	encode	2	4	916938
nested arrays	surge	encode	2	5	897963
nested arrays	surge	encode	2	6	916438
nested arrays	surge	encode	2	7	916566
nested arrays	surge	encode	2	8	916480
nested arrays	surge	encode	2	9	916247
nested arrays	surge	decode	1	1	306524
nested arrays	surge	decode	1	2	305952
nested arrays	surge	decode	1	3	317455
nested arrays	surge	decode	1	4	315735
nested arrays	surge	decode	1	5	285652
nested arrays	surge	decode	1	6	311286
nested arrays	surge	decode	1	7	312471
nested arrays	surge	decode	1	8	304342
nested arrays	surge	decode	1	9	316444
nested arrays	surge	decode	2	1	324501
nested arrays	surge	decode	2	2	311715
nested arrays	surge	decode	2	3	322236
nested arrays	surge	decode	2	4	323972
nested arrays	surge	decode	2	5	322006
nested arrays	surge	decode	2	6	329933
nested arrays	surge	decode	2	7	317787
nested arrays	surge	decode	2	8	323967
nested arrays	surge	decode	2	9	311822
nested arrays	fbs	encode	1	1	274662
nested arrays	fbs	encode	1	2	272101
nested arrays	fbs	encode	1	3	272525
nested arrays	fbs	encode	1	4	279980
nested arrays	fbs	encode	1	5	279507
nested arrays	fbs	encode	1	6	274910
nested arrays	fbs	encode	1	7	278936
nested arrays	fbs	encode	1	8	276951
nested arrays	fbs	encode	1	9	275616
nested arrays	fbs	encode	2	1	266512
nested arrays	fbs	encode	2	2	264210
nested arrays	fbs	encode	2	3	264876
nested arrays	fbs	encode	2	4	264983
nested arrays	fbs	encode	2	5	264419
nested arrays	fbs	encode	2	6	262829
nested arrays	fbs	encode	2	7	265740
nested arrays	fbs	encode	2	8	266809
nested arrays	fbs	encode	2	9	263966
nested arrays	fbs	decode	1	1	158873
nested arrays	fbs	decode	1	2	159747
nested arrays	fbs	decode	1	3	159421
nested arrays	fbs	decode	1	4	158249
nested arrays	fbs	decode	1	5	151808
nested arrays	fbs	decode	1	6	161696
nested arrays	fbs	decode	1	7	159443
nested arrays	fbs	decode	1	8	158691
nested arrays	fbs	decode	1	9	159722
nested arrays	fbs	decode	2	1	157403
nested arrays	fbs	decode	2	2	158522
nested arrays	fbs	decode	2	3	158266
nested arrays	fbs	decode	2	4	159995
nested arrays	fbs	decode	2	5	161005
nested arrays	fbs	decode	2	6	157975
nested arrays	fbs	decode	2	7	160475
nested arrays	fbs	decode	2	8	156680
nested arrays	fbs	decode	2	9	157321
nested arrays	serio	encode	1	1	35855
nested arrays	serio	encode	1	2	35795
nested arrays	serio	encode	1	3	35701
nested arrays	serio	encode	1	4	35932
nested arrays	serio	encode	1	5	35494
nested arrays	serio	encode	1	6	35550
nested arrays	serio	encode	1	7	35245
nested arrays	serio	encode	1	8	35522
nested arrays	serio	encode	1	9	35808
nested arrays	serio	encode	2	1	35343
nested arrays	serio	encode	2	2	35401
nested arrays	serio	encode	2	3	33983
nested arrays	serio	encode	2	4	33864
nested arrays	serio	encode	2	5	34054
nested arrays	serio	encode	2	6	33746
nested arrays	serio	encode	2	7	33920
nested arrays	serio	encode	2	8	33798
nested arrays	serio	encode	2	9	33873
nested arrays	serio	decode	1	1	77119
nested arrays	serio	decode	1	2	75808
nested arrays	serio	decode	1	3	76750
nested arrays	serio	decode	1	4	76095
nested arrays	serio	decode	1	5	72542
nested arrays	serio	decode	1	6	75347
nested arrays	serio	decode	1	7	76894
nested arrays	serio	decode	1	8	77078
nested arrays	serio	decode	1	9	75966
nested arrays	serio	decode	2	1	77136
nested arrays	serio	decode	2	2	78050
nested arrays	serio	decode	2	3	78403
nested arrays	serio	decode	2	4	77657
nested arrays	serio	decode	2	5	77770
nested arrays	serio	decode	2	6	77669
nested arrays	serio	decode	2	7	77180
nested arrays	serio	decode	2	8	77955
nested arrays	serio	decode	2	9	78321
nested arrays	flamework2	encode	1	1	856140
nested arrays	flamework2	encode	1	2	823740
nested arrays	flamework2	encode	1	3	857668
nested arrays	flamework2	encode	1	4	862185
nested arrays	flamework2	encode	1	5	875223
nested arrays	flamework2	encode	1	6	847364
nested arrays	flamework2	encode	1	7	857218
nested arrays	flamework2	encode	1	8	857046
nested arrays	flamework2	encode	1	9	837049
nested arrays	flamework2	encode	2	1	860287
nested arrays	flamework2	encode	2	2	856301
nested arrays	flamework2	encode	2	3	865506
nested arrays	flamework2	encode	2	4	814910
nested arrays	flamework2	encode	2	5	856122
nested arrays	flamework2	encode	2	6	882554
nested arrays	flamework2	encode	2	7	861239
nested arrays	flamework2	encode	2	8	858697
nested arrays	flamework2	encode	2	9	865274
nested arrays	flamework2	decode	1	1	271255
nested arrays	flamework2	decode	1	2	278067
nested arrays	flamework2	decode	1	3	277152
nested arrays	flamework2	decode	1	4	266560
nested arrays	flamework2	decode	1	5	285834
nested arrays	flamework2	decode	1	6	275194
nested arrays	flamework2	decode	1	7	276109
nested arrays	flamework2	decode	1	8	273390
nested arrays	flamework2	decode	1	9	272198
nested arrays	flamework2	decode	2	1	286215
nested arrays	flamework2	decode	2	2	289846
nested arrays	flamework2	decode	2	3	285682
nested arrays	flamework2	decode	2	4	285924
nested arrays	flamework2	decode	2	5	284044
nested arrays	flamework2	decode	2	6	276783
nested arrays	flamework2	decode	2	7	287370
nested arrays	flamework2	decode	2	8	285332
nested arrays	flamework2	decode	2	9	280734
nested arrays	blink	encode	1	1	445847
nested arrays	blink	encode	1	2	448870
nested arrays	blink	encode	1	3	446059
nested arrays	blink	encode	1	4	450846
nested arrays	blink	encode	1	5	450586
nested arrays	blink	encode	1	6	448966
nested arrays	blink	encode	1	7	451309
nested arrays	blink	encode	1	8	448460
nested arrays	blink	encode	1	9	424973
nested arrays	blink	encode	2	1	436499
nested arrays	blink	encode	2	2	430328
nested arrays	blink	encode	2	3	433802
nested arrays	blink	encode	2	4	439830
nested arrays	blink	encode	2	5	436709
nested arrays	blink	encode	2	6	430758
nested arrays	blink	encode	2	7	428517
nested arrays	blink	encode	2	8	431976
nested arrays	blink	encode	2	9	429970
nested arrays	blink	decode	1	1	243895
nested arrays	blink	decode	1	2	242508
nested arrays	blink	decode	1	3	239984
nested arrays	blink	decode	1	4	230715
nested arrays	blink	decode	1	5	245241
nested arrays	blink	decode	1	6	237508
nested arrays	blink	decode	1	7	242479
nested arrays	blink	decode	1	8	238417
nested arrays	blink	decode	1	9	249385
nested arrays	blink	decode	2	1	247441
nested arrays	blink	decode	2	2	251345
nested arrays	blink	decode	2	3	250549
nested arrays	blink	decode	2	4	248660
nested arrays	blink	decode	2	5	248638
nested arrays	blink	decode	2	6	249236
nested arrays	blink	decode	2	7	251945
nested arrays	blink	decode	2	8	248667
nested arrays	blink	decode	2	9	250408
nested arrays	baseline	encode	1	1	892833
nested arrays	baseline	encode	1	2	892865
nested arrays	baseline	encode	1	3	889984
nested arrays	baseline	encode	1	4	895454
nested arrays	baseline	encode	1	5	888247
nested arrays	baseline	encode	1	6	894249
nested arrays	baseline	encode	1	7	899674
nested arrays	baseline	encode	1	8	904242
nested arrays	baseline	encode	1	9	881095
nested arrays	baseline	encode	2	1	925010
nested arrays	baseline	encode	2	2	911981
nested arrays	baseline	encode	2	3	926076
nested arrays	baseline	encode	2	4	932987
nested arrays	baseline	encode	2	5	932815
nested arrays	baseline	encode	2	6	933340
nested arrays	baseline	encode	2	7	928724
nested arrays	baseline	encode	2	8	938917
nested arrays	baseline	encode	2	9	942656
nested arrays	baseline	decode	1	1	307050
nested arrays	baseline	decode	1	2	315763
nested arrays	baseline	decode	1	3	321208
nested arrays	baseline	decode	1	4	288384
nested arrays	baseline	decode	1	5	312339
nested arrays	baseline	decode	1	6	321260
nested arrays	baseline	decode	1	7	313540
nested arrays	baseline	decode	1	8	323680
nested arrays	baseline	decode	1	9	321405
nested arrays	baseline	decode	2	1	325820
nested arrays	baseline	decode	2	2	318441
nested arrays	baseline	decode	2	3	324185
nested arrays	baseline	decode	2	4	316002
nested arrays	baseline	decode	2	5	330845
nested arrays	baseline	decode	2	6	337407
nested arrays	baseline	decode	2	7	321726
nested arrays	baseline	decode	2	8	330152
nested arrays	baseline	decode	2	9	334148
tuples	surge	encode	1	1	1472539
tuples	surge	encode	1	2	1456875
tuples	surge	encode	1	3	1472586
tuples	surge	encode	1	4	1453529
tuples	surge	encode	1	5	1467100
tuples	surge	encode	1	6	1478171
tuples	surge	encode	1	7	1456176
tuples	surge	encode	1	8	1463095
tuples	surge	encode	1	9	1469764
tuples	surge	encode	2	1	1424338
tuples	surge	encode	2	2	1428326
tuples	surge	encode	2	3	1432093
tuples	surge	encode	2	4	1307236
tuples	surge	encode	2	5	1414860
tuples	surge	encode	2	6	1415512
tuples	surge	encode	2	7	1424690
tuples	surge	encode	2	8	1413426
tuples	surge	encode	2	9	1420316
tuples	surge	decode	1	1	293519
tuples	surge	decode	1	2	301996
tuples	surge	decode	1	3	289634
tuples	surge	decode	1	4	273646
tuples	surge	decode	1	5	276359
tuples	surge	decode	1	6	272347
tuples	surge	decode	1	7	283474
tuples	surge	decode	1	8	283031
tuples	surge	decode	1	9	286218
tuples	surge	decode	2	1	300484
tuples	surge	decode	2	2	305131
tuples	surge	decode	2	3	296411
tuples	surge	decode	2	4	299212
tuples	surge	decode	2	5	300196
tuples	surge	decode	2	6	304921
tuples	surge	decode	2	7	295510
tuples	surge	decode	2	8	274936
tuples	surge	decode	2	9	305340
tuples	fbs	encode	1	1	289882
tuples	fbs	encode	1	2	299784
tuples	fbs	encode	1	3	291670
tuples	fbs	encode	1	4	289467
tuples	fbs	encode	1	5	296425
tuples	fbs	encode	1	6	291152
tuples	fbs	encode	1	7	293850
tuples	fbs	encode	1	8	293841
tuples	fbs	encode	1	9	289556
tuples	fbs	encode	2	1	277962
tuples	fbs	encode	2	2	276076
tuples	fbs	encode	2	3	278677
tuples	fbs	encode	2	4	276034
tuples	fbs	encode	2	5	279168
tuples	fbs	encode	2	6	280401
tuples	fbs	encode	2	7	278244
tuples	fbs	encode	2	8	275970
tuples	fbs	encode	2	9	277781
tuples	fbs	decode	1	1	137024
tuples	fbs	decode	1	2	136075
tuples	fbs	decode	1	3	136367
tuples	fbs	decode	1	4	132455
tuples	fbs	decode	1	5	130529
tuples	fbs	decode	1	6	132852
tuples	fbs	decode	1	7	131101
tuples	fbs	decode	1	8	131946
tuples	fbs	decode	1	9	130363
tuples	fbs	decode	2	1	135767
tuples	fbs	decode	2	2	135702
tuples	fbs	decode	2	3	135782
tuples	fbs	decode	2	4	135869
tuples	fbs	decode	2	5	134173
tuples	fbs	decode	2	6	134835
tuples	fbs	decode	2	7	135493
tuples	fbs	decode	2	8	126930
tuples	fbs	decode	2	9	134763
tuples	serio	encode	1	1	33243
tuples	serio	encode	1	2	33350
tuples	serio	encode	1	3	33329
tuples	serio	encode	1	4	33694
tuples	serio	encode	1	5	33433
tuples	serio	encode	1	6	33566
tuples	serio	encode	1	7	33432
tuples	serio	encode	1	8	33308
tuples	serio	encode	1	9	33052
tuples	serio	encode	2	1	32504
tuples	serio	encode	2	2	32472
tuples	serio	encode	2	3	32320
tuples	serio	encode	2	4	32186
tuples	serio	encode	2	5	32108
tuples	serio	encode	2	6	32166
tuples	serio	encode	2	7	32480
tuples	serio	encode	2	8	32516
tuples	serio	encode	2	9	32466
tuples	serio	decode	1	1	57430
tuples	serio	decode	1	2	57941
tuples	serio	decode	1	3	58039
tuples	serio	decode	1	4	56881
tuples	serio	decode	1	5	56931
tuples	serio	decode	1	6	56563
tuples	serio	decode	1	7	57151
tuples	serio	decode	1	8	57112
tuples	serio	decode	1	9	57251
tuples	serio	decode	2	1	57711
tuples	serio	decode	2	2	57705
tuples	serio	decode	2	3	58150
tuples	serio	decode	2	4	57162
tuples	serio	decode	2	5	57630
tuples	serio	decode	2	6	58405
tuples	serio	decode	2	7	58100
tuples	serio	decode	2	8	57457
tuples	serio	decode	2	9	58025
tuples	flamework2	encode	1	1	1355647
tuples	flamework2	encode	1	2	1361230
tuples	flamework2	encode	1	3	1366221
tuples	flamework2	encode	1	4	1355709
tuples	flamework2	encode	1	5	1365026
tuples	flamework2	encode	1	6	1344710
tuples	flamework2	encode	1	7	1344255
tuples	flamework2	encode	1	8	1339860
tuples	flamework2	encode	1	9	1371001
tuples	flamework2	encode	2	1	1346506
tuples	flamework2	encode	2	2	1353649
tuples	flamework2	encode	2	3	1294896
tuples	flamework2	encode	2	4	1351170
tuples	flamework2	encode	2	5	1349984
tuples	flamework2	encode	2	6	1341403
tuples	flamework2	encode	2	7	1336811
tuples	flamework2	encode	2	8	1345295
tuples	flamework2	encode	2	9	1348122
tuples	flamework2	decode	1	1	290039
tuples	flamework2	decode	1	2	286908
tuples	flamework2	decode	1	3	278741
tuples	flamework2	decode	1	4	271967
tuples	flamework2	decode	1	5	280815
tuples	flamework2	decode	1	6	282861
tuples	flamework2	decode	1	7	274702
tuples	flamework2	decode	1	8	273820
tuples	flamework2	decode	1	9	274629
tuples	flamework2	decode	2	1	291720
tuples	flamework2	decode	2	2	287931
tuples	flamework2	decode	2	3	287323
tuples	flamework2	decode	2	4	289804
tuples	flamework2	decode	2	5	290447
tuples	flamework2	decode	2	6	287855
tuples	flamework2	decode	2	7	289722
tuples	flamework2	decode	2	8	271500
tuples	flamework2	decode	2	9	288764
tuples	baseline	encode	1	1	1448091
tuples	baseline	encode	1	2	1440372
tuples	baseline	encode	1	3	1451327
tuples	baseline	encode	1	4	1447288
tuples	baseline	encode	1	5	1450214
tuples	baseline	encode	1	6	1464870
tuples	baseline	encode	1	7	1444671
tuples	baseline	encode	1	8	1446097
tuples	baseline	encode	1	9	1456370
tuples	baseline	encode	2	1	1437790
tuples	baseline	encode	2	2	1451327
tuples	baseline	encode	2	3	1232247
tuples	baseline	encode	2	4	1456911
tuples	baseline	encode	2	5	1465524
tuples	baseline	encode	2	6	1460932
tuples	baseline	encode	2	7	1449783
tuples	baseline	encode	2	8	1487490
tuples	baseline	encode	2	9	1472792
tuples	baseline	decode	1	1	285695
tuples	baseline	decode	1	2	301933
tuples	baseline	decode	1	3	281602
tuples	baseline	decode	1	4	281578
tuples	baseline	decode	1	5	283328
tuples	baseline	decode	1	6	279291
tuples	baseline	decode	1	7	280806
tuples	baseline	decode	1	8	278427
tuples	baseline	decode	1	9	285866
tuples	baseline	decode	2	1	298078
tuples	baseline	decode	2	2	302120
tuples	baseline	decode	2	3	301075
tuples	baseline	decode	2	4	298344
tuples	baseline	decode	2	5	297328
tuples	baseline	decode	2	6	301162
tuples	baseline	decode	2	7	279620
tuples	baseline	decode	2	8	287357
tuples	baseline	decode	2	9	301909
large record	surge	encode	1	1	167402
large record	surge	encode	1	2	168232
large record	surge	encode	1	3	174946
large record	surge	encode	1	4	174340
large record	surge	encode	1	5	176579
large record	surge	encode	1	6	174975
large record	surge	encode	1	7	175037
large record	surge	encode	1	8	174533
large record	surge	encode	1	9	171251
large record	surge	encode	2	1	157900
large record	surge	encode	2	2	158180
large record	surge	encode	2	3	155863
large record	surge	encode	2	4	151602
large record	surge	encode	2	5	152697
large record	surge	encode	2	6	156918
large record	surge	encode	2	7	155980
large record	surge	encode	2	8	154998
large record	surge	encode	2	9	157087
large record	surge	decode	1	1	70667
large record	surge	decode	1	2	71345
large record	surge	decode	1	3	70855
large record	surge	decode	1	4	71585
large record	surge	decode	1	5	70907
large record	surge	decode	1	6	71827
large record	surge	decode	1	7	71439
large record	surge	decode	1	8	71520
large record	surge	decode	1	9	71173
large record	surge	decode	2	1	76341
large record	surge	decode	2	2	77240
large record	surge	decode	2	3	76585
large record	surge	decode	2	4	76515
large record	surge	decode	2	5	77335
large record	surge	decode	2	6	76563
large record	surge	decode	2	7	77281
large record	surge	decode	2	8	74877
large record	surge	decode	2	9	75511
large record	fbs	encode	1	1	99793
large record	fbs	encode	1	2	100395
large record	fbs	encode	1	3	99194
large record	fbs	encode	1	4	99722
large record	fbs	encode	1	5	99641
large record	fbs	encode	1	6	99612
large record	fbs	encode	1	7	100004
large record	fbs	encode	1	8	100265
large record	fbs	encode	1	9	99438
large record	fbs	encode	2	1	90876
large record	fbs	encode	2	2	91310
large record	fbs	encode	2	3	91921
large record	fbs	encode	2	4	90588
large record	fbs	encode	2	5	90784
large record	fbs	encode	2	6	91645
large record	fbs	encode	2	7	91693
large record	fbs	encode	2	8	91791
large record	fbs	encode	2	9	91609
large record	fbs	decode	1	1	51046
large record	fbs	decode	1	2	51469
large record	fbs	decode	1	3	50911
large record	fbs	decode	1	4	51405
large record	fbs	decode	1	5	51681
large record	fbs	decode	1	6	51220
large record	fbs	decode	1	7	51526
large record	fbs	decode	1	8	51485
large record	fbs	decode	1	9	54461
large record	fbs	decode	2	1	54950
large record	fbs	decode	2	2	54374
large record	fbs	decode	2	3	54206
large record	fbs	decode	2	4	54699
large record	fbs	decode	2	5	54045
large record	fbs	decode	2	6	54419
large record	fbs	decode	2	7	54445
large record	fbs	decode	2	8	53670
large record	fbs	decode	2	9	53030
large record	serio	encode	1	1	12338
large record	serio	encode	1	2	12230
large record	serio	encode	1	3	12281
large record	serio	encode	1	4	12363
large record	serio	encode	1	5	12277
large record	serio	encode	1	6	12229
large record	serio	encode	1	7	12302
large record	serio	encode	1	8	12280
large record	serio	encode	1	9	12218
large record	serio	encode	2	1	12206
large record	serio	encode	2	2	12107
large record	serio	encode	2	3	12079
large record	serio	encode	2	4	12108
large record	serio	encode	2	5	12258
large record	serio	encode	2	6	12064
large record	serio	encode	2	7	12109
large record	serio	encode	2	8	12022
large record	serio	encode	2	9	12155
large record	serio	decode	1	1	23748
large record	serio	decode	1	2	24064
large record	serio	decode	1	3	23786
large record	serio	decode	1	4	23999
large record	serio	decode	1	5	24082
large record	serio	decode	1	6	24090
large record	serio	decode	1	7	23803
large record	serio	decode	1	8	23823
large record	serio	decode	1	9	24647
large record	serio	decode	2	1	24737
large record	serio	decode	2	2	24772
large record	serio	decode	2	3	24833
large record	serio	decode	2	4	24785
large record	serio	decode	2	5	24816
large record	serio	decode	2	6	24621
large record	serio	decode	2	7	24578
large record	serio	decode	2	8	24683
large record	serio	decode	2	9	24672
large record	flamework2	encode	1	1	124164
large record	flamework2	encode	1	2	124086
large record	flamework2	encode	1	3	123209
large record	flamework2	encode	1	4	123213
large record	flamework2	encode	1	5	123485
large record	flamework2	encode	1	6	123781
large record	flamework2	encode	1	7	123849
large record	flamework2	encode	1	8	120385
large record	flamework2	encode	1	9	123522
large record	flamework2	encode	2	1	117241
large record	flamework2	encode	2	2	116470
large record	flamework2	encode	2	3	114487
large record	flamework2	encode	2	4	116982
large record	flamework2	encode	2	5	117839
large record	flamework2	encode	2	6	118995
large record	flamework2	encode	2	7	117441
large record	flamework2	encode	2	8	118175
large record	flamework2	encode	2	9	118723
large record	flamework2	decode	1	1	60020
large record	flamework2	decode	1	2	60304
large record	flamework2	decode	1	3	60033
large record	flamework2	decode	1	4	60134
large record	flamework2	decode	1	5	60496
large record	flamework2	decode	1	6	59718
large record	flamework2	decode	1	7	59969
large record	flamework2	decode	1	8	60430
large record	flamework2	decode	1	9	63983
large record	flamework2	decode	2	1	63527
large record	flamework2	decode	2	2	63653
large record	flamework2	decode	2	3	64113
large record	flamework2	decode	2	4	63589
large record	flamework2	decode	2	5	63685
large record	flamework2	decode	2	6	64256
large record	flamework2	decode	2	7	62270
large record	flamework2	decode	2	8	63639
large record	flamework2	decode	2	9	62586
large record	blink	encode	1	1	68141
large record	blink	encode	1	2	68823
large record	blink	encode	1	3	68815
large record	blink	encode	1	4	68708
large record	blink	encode	1	5	68503
large record	blink	encode	1	6	68677
large record	blink	encode	1	7	69123
large record	blink	encode	1	8	67909
large record	blink	encode	1	9	68837
large record	blink	encode	2	1	59816
large record	blink	encode	2	2	59963
large record	blink	encode	2	3	58262
large record	blink	encode	2	4	60939
large record	blink	encode	2	5	61983
large record	blink	encode	2	6	60102
large record	blink	encode	2	7	60877
large record	blink	encode	2	8	60147
large record	blink	encode	2	9	60387
large record	blink	decode	1	1	65523
large record	blink	decode	1	2	66021
large record	blink	decode	1	3	67193
large record	blink	decode	1	4	67550
large record	blink	decode	1	5	66576
large record	blink	decode	1	6	66150
large record	blink	decode	1	7	66609
large record	blink	decode	1	8	67691
large record	blink	decode	1	9	71458
large record	blink	decode	2	1	70903
large record	blink	decode	2	2	71989
large record	blink	decode	2	3	70948
large record	blink	decode	2	4	70993
large record	blink	decode	2	5	71908
large record	blink	decode	2	6	70995
large record	blink	decode	2	7	70849
large record	blink	decode	2	8	69737
large record	blink	decode	2	9	70778
string-heavy	surge	encode	1	1	306893
string-heavy	surge	encode	1	2	311673
string-heavy	surge	encode	1	3	304485
string-heavy	surge	encode	1	4	304937
string-heavy	surge	encode	1	5	308742
string-heavy	surge	encode	1	6	308894
string-heavy	surge	encode	1	7	310940
string-heavy	surge	encode	1	8	310415
string-heavy	surge	encode	1	9	308760
string-heavy	surge	encode	2	1	306054
string-heavy	surge	encode	2	2	313658
string-heavy	surge	encode	2	3	304545
string-heavy	surge	encode	2	4	307116
string-heavy	surge	encode	2	5	311495
string-heavy	surge	encode	2	6	306357
string-heavy	surge	encode	2	7	304527
string-heavy	surge	encode	2	8	308539
string-heavy	surge	encode	2	9	310639
string-heavy	surge	decode	1	1	205639
string-heavy	surge	decode	1	2	207124
string-heavy	surge	decode	1	3	209641
string-heavy	surge	decode	1	4	210554
string-heavy	surge	decode	1	5	206899
string-heavy	surge	decode	1	6	208072
string-heavy	surge	decode	1	7	204481
string-heavy	surge	decode	1	8	211192
string-heavy	surge	decode	1	9	208623
string-heavy	surge	decode	2	1	210588
string-heavy	surge	decode	2	2	207447
string-heavy	surge	decode	2	3	206494
string-heavy	surge	decode	2	4	205708
string-heavy	surge	decode	2	5	204280
string-heavy	surge	decode	2	6	210409
string-heavy	surge	decode	2	7	213632
string-heavy	surge	decode	2	8	212459
string-heavy	surge	decode	2	9	206135
string-heavy	fbs	encode	1	1	203434
string-heavy	fbs	encode	1	2	201512
string-heavy	fbs	encode	1	3	204960
string-heavy	fbs	encode	1	4	204773
string-heavy	fbs	encode	1	5	204061
string-heavy	fbs	encode	1	6	202985
string-heavy	fbs	encode	1	7	203944
string-heavy	fbs	encode	1	8	204374
string-heavy	fbs	encode	1	9	202151
string-heavy	fbs	encode	2	1	200694
string-heavy	fbs	encode	2	2	199549
string-heavy	fbs	encode	2	3	199516
string-heavy	fbs	encode	2	4	202014
string-heavy	fbs	encode	2	5	202591
string-heavy	fbs	encode	2	6	201064
string-heavy	fbs	encode	2	7	199361
string-heavy	fbs	encode	2	8	198891
string-heavy	fbs	encode	2	9	199219
string-heavy	fbs	decode	1	1	164801
string-heavy	fbs	decode	1	2	165784
string-heavy	fbs	decode	1	3	165991
string-heavy	fbs	decode	1	4	167232
string-heavy	fbs	decode	1	5	166133
string-heavy	fbs	decode	1	6	164516
string-heavy	fbs	decode	1	7	163453
string-heavy	fbs	decode	1	8	166314
string-heavy	fbs	decode	1	9	164753
string-heavy	fbs	decode	2	1	160723
string-heavy	fbs	decode	2	2	162420
string-heavy	fbs	decode	2	3	160745
string-heavy	fbs	decode	2	4	159854
string-heavy	fbs	decode	2	5	162155
string-heavy	fbs	decode	2	6	161683
string-heavy	fbs	decode	2	7	162185
string-heavy	fbs	decode	2	8	160983
string-heavy	fbs	decode	2	9	162686
string-heavy	serio	encode	1	1	32207
string-heavy	serio	encode	1	2	31696
string-heavy	serio	encode	1	3	31327
string-heavy	serio	encode	1	4	31888
string-heavy	serio	encode	1	5	31772
string-heavy	serio	encode	1	6	31760
string-heavy	serio	encode	1	7	31701
string-heavy	serio	encode	1	8	31650
string-heavy	serio	encode	1	9	31736
string-heavy	serio	encode	2	1	32037
string-heavy	serio	encode	2	2	32001
string-heavy	serio	encode	2	3	32145
string-heavy	serio	encode	2	4	31905
string-heavy	serio	encode	2	5	31863
string-heavy	serio	encode	2	6	32028
string-heavy	serio	encode	2	7	31873
string-heavy	serio	encode	2	8	31829
string-heavy	serio	encode	2	9	31942
string-heavy	serio	decode	1	1	56137
string-heavy	serio	decode	1	2	57421
string-heavy	serio	decode	1	3	57083
string-heavy	serio	decode	1	4	56935
string-heavy	serio	decode	1	5	56977
string-heavy	serio	decode	1	6	57543
string-heavy	serio	decode	1	7	57161
string-heavy	serio	decode	1	8	56790
string-heavy	serio	decode	1	9	56520
string-heavy	serio	decode	2	1	56532
string-heavy	serio	decode	2	2	57103
string-heavy	serio	decode	2	3	57174
string-heavy	serio	decode	2	4	57923
string-heavy	serio	decode	2	5	57860
string-heavy	serio	decode	2	6	57829
string-heavy	serio	decode	2	7	56830
string-heavy	serio	decode	2	8	56219
string-heavy	serio	decode	2	9	57136
string-heavy	flamework2	encode	1	1	229623
string-heavy	flamework2	encode	1	2	229856
string-heavy	flamework2	encode	1	3	231235
string-heavy	flamework2	encode	1	4	231256
string-heavy	flamework2	encode	1	5	229658
string-heavy	flamework2	encode	1	6	232043
string-heavy	flamework2	encode	1	7	231350
string-heavy	flamework2	encode	1	8	229651
string-heavy	flamework2	encode	1	9	229340
string-heavy	flamework2	encode	2	1	222495
string-heavy	flamework2	encode	2	2	234075
string-heavy	flamework2	encode	2	3	225826
string-heavy	flamework2	encode	2	4	228493
string-heavy	flamework2	encode	2	5	229488
string-heavy	flamework2	encode	2	6	229400
string-heavy	flamework2	encode	2	7	225443
string-heavy	flamework2	encode	2	8	225942
string-heavy	flamework2	encode	2	9	227454
string-heavy	flamework2	decode	1	1	150428
string-heavy	flamework2	decode	1	2	149108
string-heavy	flamework2	decode	1	3	150663
string-heavy	flamework2	decode	1	4	153678
string-heavy	flamework2	decode	1	5	151593
string-heavy	flamework2	decode	1	6	147307
string-heavy	flamework2	decode	1	7	150505
string-heavy	flamework2	decode	1	8	154230
string-heavy	flamework2	decode	1	9	151037
string-heavy	flamework2	decode	2	1	152183
string-heavy	flamework2	decode	2	2	148795
string-heavy	flamework2	decode	2	3	149755
string-heavy	flamework2	decode	2	4	148626
string-heavy	flamework2	decode	2	5	148687
string-heavy	flamework2	decode	2	6	147911
string-heavy	flamework2	decode	2	7	148897
string-heavy	flamework2	decode	2	8	151963
string-heavy	flamework2	decode	2	9	149993
string-heavy	blink	encode	1	1	115681
string-heavy	blink	encode	1	2	120800
string-heavy	blink	encode	1	3	118427
string-heavy	blink	encode	1	4	118269
string-heavy	blink	encode	1	5	119535
string-heavy	blink	encode	1	6	119279
string-heavy	blink	encode	1	7	119836
string-heavy	blink	encode	1	8	119926
string-heavy	blink	encode	1	9	120267
string-heavy	blink	encode	2	1	118833
string-heavy	blink	encode	2	2	122418
string-heavy	blink	encode	2	3	119714
string-heavy	blink	encode	2	4	117303
string-heavy	blink	encode	2	5	118394
string-heavy	blink	encode	2	6	121099
string-heavy	blink	encode	2	7	118419
string-heavy	blink	encode	2	8	120740
string-heavy	blink	encode	2	9	119971
string-heavy	blink	decode	1	1	215597
string-heavy	blink	decode	1	2	216037
string-heavy	blink	decode	1	3	216520
string-heavy	blink	decode	1	4	218276
string-heavy	blink	decode	1	5	218454
string-heavy	blink	decode	1	6	211129
string-heavy	blink	decode	1	7	219629
string-heavy	blink	decode	1	8	219173
string-heavy	blink	decode	1	9	219397
string-heavy	blink	decode	2	1	214957
string-heavy	blink	decode	2	2	218574
string-heavy	blink	decode	2	3	213485
string-heavy	blink	decode	2	4	212732
string-heavy	blink	decode	2	5	215127
string-heavy	blink	decode	2	6	218295
string-heavy	blink	decode	2	7	214935
string-heavy	blink	decode	2	8	213409
string-heavy	blink	decode	2	9	216950
leaderboard	surge	encode	1	1	485779
leaderboard	surge	encode	1	2	479299
leaderboard	surge	encode	1	3	495867
leaderboard	surge	encode	1	4	487962
leaderboard	surge	encode	1	5	480744
leaderboard	surge	encode	1	6	493650
leaderboard	surge	encode	1	7	484982
leaderboard	surge	encode	1	8	491950
leaderboard	surge	encode	1	9	489171
leaderboard	surge	encode	2	1	485437
leaderboard	surge	encode	2	2	476543
leaderboard	surge	encode	2	3	477034
leaderboard	surge	encode	2	4	475072
leaderboard	surge	encode	2	5	475904
leaderboard	surge	encode	2	6	481205
leaderboard	surge	encode	2	7	474084
leaderboard	surge	encode	2	8	481774
leaderboard	surge	encode	2	9	470655
leaderboard	surge	decode	1	1	170251
leaderboard	surge	decode	1	2	162573
leaderboard	surge	decode	1	3	167512
leaderboard	surge	decode	1	4	170874
leaderboard	surge	decode	1	5	168768
leaderboard	surge	decode	1	6	166432
leaderboard	surge	decode	1	7	167363
leaderboard	surge	decode	1	8	170624
leaderboard	surge	decode	1	9	130889
leaderboard	surge	decode	2	1	161791
leaderboard	surge	decode	2	2	163099
leaderboard	surge	decode	2	3	156678
leaderboard	surge	decode	2	4	156387
leaderboard	surge	decode	2	5	158213
leaderboard	surge	decode	2	6	155408
leaderboard	surge	decode	2	7	157346
leaderboard	surge	decode	2	8	158888
leaderboard	surge	decode	2	9	161228
leaderboard	fbs	encode	1	1	178055
leaderboard	fbs	encode	1	2	173400
leaderboard	fbs	encode	1	3	176998
leaderboard	fbs	encode	1	4	176532
leaderboard	fbs	encode	1	5	175251
leaderboard	fbs	encode	1	6	176634
leaderboard	fbs	encode	1	7	177489
leaderboard	fbs	encode	1	8	177656
leaderboard	fbs	encode	1	9	177497
leaderboard	fbs	encode	2	1	172245
leaderboard	fbs	encode	2	2	168271
leaderboard	fbs	encode	2	3	170844
leaderboard	fbs	encode	2	4	167558
leaderboard	fbs	encode	2	5	166900
leaderboard	fbs	encode	2	6	167345
leaderboard	fbs	encode	2	7	169828
leaderboard	fbs	encode	2	8	168851
leaderboard	fbs	encode	2	9	167264
leaderboard	fbs	decode	1	1	96860
leaderboard	fbs	decode	1	2	96614
leaderboard	fbs	decode	1	3	95185
leaderboard	fbs	decode	1	4	96078
leaderboard	fbs	decode	1	5	96323
leaderboard	fbs	decode	1	6	96760
leaderboard	fbs	decode	1	7	95272
leaderboard	fbs	decode	1	8	96261
leaderboard	fbs	decode	1	9	91964
leaderboard	fbs	decode	2	1	91364
leaderboard	fbs	decode	2	2	93895
leaderboard	fbs	decode	2	3	89170
leaderboard	fbs	decode	2	4	90602
leaderboard	fbs	decode	2	5	89726
leaderboard	fbs	decode	2	6	89611
leaderboard	fbs	decode	2	7	90960
leaderboard	fbs	decode	2	8	90518
leaderboard	fbs	decode	2	9	87484
leaderboard	serio	encode	1	1	26741
leaderboard	serio	encode	1	2	26715
leaderboard	serio	encode	1	3	26750
leaderboard	serio	encode	1	4	26878
leaderboard	serio	encode	1	5	27279
leaderboard	serio	encode	1	6	26756
leaderboard	serio	encode	1	7	26401
leaderboard	serio	encode	1	8	26783
leaderboard	serio	encode	1	9	26652
leaderboard	serio	encode	2	1	26769
leaderboard	serio	encode	2	2	26927
leaderboard	serio	encode	2	3	26708
leaderboard	serio	encode	2	4	26655
leaderboard	serio	encode	2	5	27165
leaderboard	serio	encode	2	6	26762
leaderboard	serio	encode	2	7	26867
leaderboard	serio	encode	2	8	26649
leaderboard	serio	encode	2	9	26519
leaderboard	serio	decode	1	1	43265
leaderboard	serio	decode	1	2	43192
leaderboard	serio	decode	1	3	42769
leaderboard	serio	decode	1	4	43473
leaderboard	serio	decode	1	5	43417
leaderboard	serio	decode	1	6	42740
leaderboard	serio	decode	1	7	43105
leaderboard	serio	decode	1	8	43234
leaderboard	serio	decode	1	9	43254
leaderboard	serio	decode	2	1	43990
leaderboard	serio	decode	2	2	43431
leaderboard	serio	decode	2	3	42348
leaderboard	serio	decode	2	4	42750
leaderboard	serio	decode	2	5	42229
leaderboard	serio	decode	2	6	43383
leaderboard	serio	decode	2	7	42714
leaderboard	serio	decode	2	8	42918
leaderboard	serio	decode	2	9	42335
leaderboard	flamework2	encode	1	1	299006
leaderboard	flamework2	encode	1	2	291589
leaderboard	flamework2	encode	1	3	302263
leaderboard	flamework2	encode	1	4	297392
leaderboard	flamework2	encode	1	5	302358
leaderboard	flamework2	encode	1	6	295880
leaderboard	flamework2	encode	1	7	301248
leaderboard	flamework2	encode	1	8	299649
leaderboard	flamework2	encode	1	9	302826
leaderboard	flamework2	encode	2	1	270833
leaderboard	flamework2	encode	2	2	270729
leaderboard	flamework2	encode	2	3	270840
leaderboard	flamework2	encode	2	4	266362
leaderboard	flamework2	encode	2	5	269826
leaderboard	flamework2	encode	2	6	269560
leaderboard	flamework2	encode	2	7	263462
leaderboard	flamework2	encode	2	8	269325
leaderboard	flamework2	encode	2	9	270161
leaderboard	flamework2	decode	1	1	136955
leaderboard	flamework2	decode	1	2	138824
leaderboard	flamework2	decode	1	3	138678
leaderboard	flamework2	decode	1	4	135469
leaderboard	flamework2	decode	1	5	136205
leaderboard	flamework2	decode	1	6	139585
leaderboard	flamework2	decode	1	7	140931
leaderboard	flamework2	decode	1	8	136033
leaderboard	flamework2	decode	1	9	136273
leaderboard	flamework2	decode	2	1	132714
leaderboard	flamework2	decode	2	2	127860
leaderboard	flamework2	decode	2	3	127144
leaderboard	flamework2	decode	2	4	129752
leaderboard	flamework2	decode	2	5	129472
leaderboard	flamework2	decode	2	6	128830
leaderboard	flamework2	decode	2	7	130674
leaderboard	flamework2	decode	2	8	132438
leaderboard	flamework2	decode	2	9	123586
leaderboard	blink	encode	1	1	199707
leaderboard	blink	encode	1	2	189517
leaderboard	blink	encode	1	3	196225
leaderboard	blink	encode	1	4	204848
leaderboard	blink	encode	1	5	201728
leaderboard	blink	encode	1	6	201249
leaderboard	blink	encode	1	7	197827
leaderboard	blink	encode	1	8	203859
leaderboard	blink	encode	1	9	203500
leaderboard	blink	encode	2	1	199414
leaderboard	blink	encode	2	2	195567
leaderboard	blink	encode	2	3	201127
leaderboard	blink	encode	2	4	200968
leaderboard	blink	encode	2	5	201355
leaderboard	blink	encode	2	6	200302
leaderboard	blink	encode	2	7	200214
leaderboard	blink	encode	2	8	198543
leaderboard	blink	encode	2	9	194029
leaderboard	blink	decode	1	1	99615
leaderboard	blink	decode	1	2	98213
leaderboard	blink	decode	1	3	98006
leaderboard	blink	decode	1	4	97302
leaderboard	blink	decode	1	5	99425
leaderboard	blink	decode	1	6	97436
leaderboard	blink	decode	1	7	96334
leaderboard	blink	decode	1	8	96795
leaderboard	blink	decode	1	9	97491
leaderboard	blink	decode	2	1	97106
leaderboard	blink	decode	2	2	93465
leaderboard	blink	decode	2	3	92612
leaderboard	blink	decode	2	4	92060
leaderboard	blink	decode	2	5	93150
leaderboard	blink	decode	2	6	92467
leaderboard	blink	decode	2	7	92958
leaderboard	blink	decode	2	8	95525
leaderboard	blink	decode	2	9	92190
leaderboard	baseline	encode	1	1	508112
leaderboard	baseline	encode	1	2	498816
leaderboard	baseline	encode	1	3	507085
leaderboard	baseline	encode	1	4	498198
leaderboard	baseline	encode	1	5	503757
leaderboard	baseline	encode	1	6	504640
leaderboard	baseline	encode	1	7	513795
leaderboard	baseline	encode	1	8	503657
leaderboard	baseline	encode	1	9	500283
leaderboard	baseline	encode	2	1	485560
leaderboard	baseline	encode	2	2	493857
leaderboard	baseline	encode	2	3	487693
leaderboard	baseline	encode	2	4	479968
leaderboard	baseline	encode	2	5	471243
leaderboard	baseline	encode	2	6	495980
leaderboard	baseline	encode	2	7	488749
leaderboard	baseline	encode	2	8	480882
leaderboard	baseline	encode	2	9	485421
leaderboard	baseline	decode	1	1	164713
leaderboard	baseline	decode	1	2	164277
leaderboard	baseline	decode	1	3	165856
leaderboard	baseline	decode	1	4	166403
leaderboard	baseline	decode	1	5	164631
leaderboard	baseline	decode	1	6	164888
leaderboard	baseline	decode	1	7	165622
leaderboard	baseline	decode	1	8	148898
leaderboard	baseline	decode	1	9	167056
leaderboard	baseline	decode	2	1	160262
leaderboard	baseline	decode	2	2	152247
leaderboard	baseline	decode	2	3	149387
leaderboard	baseline	decode	2	4	153510
leaderboard	baseline	decode	2	5	151914
leaderboard	baseline	decode	2	6	154671
leaderboard	baseline	decode	2	7	156169
leaderboard	baseline	decode	2	8	159966
leaderboard	baseline	decode	2	9	146205
enum-heavy	surge	encode	1	1	1183410
enum-heavy	surge	encode	1	2	1202605
enum-heavy	surge	encode	1	3	1190753
enum-heavy	surge	encode	1	4	1181666
enum-heavy	surge	encode	1	5	1170421
enum-heavy	surge	encode	1	6	1189409
enum-heavy	surge	encode	1	7	1194402
enum-heavy	surge	encode	1	8	1187643
enum-heavy	surge	encode	1	9	1198325
enum-heavy	surge	encode	2	1	1214415
enum-heavy	surge	encode	2	2	1198368
enum-heavy	surge	encode	2	3	1215212
enum-heavy	surge	encode	2	4	1202372
enum-heavy	surge	encode	2	5	1205721
enum-heavy	surge	encode	2	6	1164817
enum-heavy	surge	encode	2	7	1198850
enum-heavy	surge	encode	2	8	1211538
enum-heavy	surge	encode	2	9	1212081
enum-heavy	surge	decode	1	1	766890
enum-heavy	surge	decode	1	2	776369
enum-heavy	surge	decode	1	3	764923
enum-heavy	surge	decode	1	4	768534
enum-heavy	surge	decode	1	5	746407
enum-heavy	surge	decode	1	6	821774
enum-heavy	surge	decode	1	7	824859
enum-heavy	surge	decode	1	8	836267
enum-heavy	surge	decode	1	9	822142
enum-heavy	surge	decode	2	1	741194
enum-heavy	surge	decode	2	2	752464
enum-heavy	surge	decode	2	3	701242
enum-heavy	surge	decode	2	4	775549
enum-heavy	surge	decode	2	5	750505
enum-heavy	surge	decode	2	6	748448
enum-heavy	surge	decode	2	7	754689
enum-heavy	surge	decode	2	8	763768
enum-heavy	surge	decode	2	9	755230
enum-heavy	fbs	encode	1	1	83851
enum-heavy	fbs	encode	1	2	83794
enum-heavy	fbs	encode	1	3	84006
enum-heavy	fbs	encode	1	4	83725
enum-heavy	fbs	encode	1	5	85705
enum-heavy	fbs	encode	1	6	83785
enum-heavy	fbs	encode	1	7	84589
enum-heavy	fbs	encode	1	8	83893
enum-heavy	fbs	encode	1	9	83299
enum-heavy	fbs	encode	2	1	84554
enum-heavy	fbs	encode	2	2	84642
enum-heavy	fbs	encode	2	3	84277
enum-heavy	fbs	encode	2	4	85857
enum-heavy	fbs	encode	2	5	84337
enum-heavy	fbs	encode	2	6	85486
enum-heavy	fbs	encode	2	7	83992
enum-heavy	fbs	encode	2	8	84757
enum-heavy	fbs	encode	2	9	84361
enum-heavy	fbs	decode	1	1	253347
enum-heavy	fbs	decode	1	2	253100
enum-heavy	fbs	decode	1	3	251546
enum-heavy	fbs	decode	1	4	251833
enum-heavy	fbs	decode	1	5	253306
enum-heavy	fbs	decode	1	6	267786
enum-heavy	fbs	decode	1	7	267197
enum-heavy	fbs	decode	1	8	271757
enum-heavy	fbs	decode	1	9	271573
enum-heavy	fbs	decode	2	1	261217
enum-heavy	fbs	decode	2	2	254217
enum-heavy	fbs	decode	2	3	253673
enum-heavy	fbs	decode	2	4	254927
enum-heavy	fbs	decode	2	5	254692
enum-heavy	fbs	decode	2	6	255702
enum-heavy	fbs	decode	2	7	256307
enum-heavy	fbs	decode	2	8	257980
enum-heavy	fbs	decode	2	9	259241
enum-heavy	serio	encode	1	1	42383
enum-heavy	serio	encode	1	2	42210
enum-heavy	serio	encode	1	3	42683
enum-heavy	serio	encode	1	4	42417
enum-heavy	serio	encode	1	5	42519
enum-heavy	serio	encode	1	6	42411
enum-heavy	serio	encode	1	7	42275
enum-heavy	serio	encode	1	8	42632
enum-heavy	serio	encode	1	9	42443
enum-heavy	serio	encode	2	1	41807
enum-heavy	serio	encode	2	2	41885
enum-heavy	serio	encode	2	3	41671
enum-heavy	serio	encode	2	4	41834
enum-heavy	serio	encode	2	5	41479
enum-heavy	serio	encode	2	6	41665
enum-heavy	serio	encode	2	7	41800
enum-heavy	serio	encode	2	8	41887
enum-heavy	serio	encode	2	9	41935
enum-heavy	serio	decode	1	1	105249
enum-heavy	serio	decode	1	2	106879
enum-heavy	serio	decode	1	3	104682
enum-heavy	serio	decode	1	4	105836
enum-heavy	serio	decode	1	5	106503
enum-heavy	serio	decode	1	6	109293
enum-heavy	serio	decode	1	7	110504
enum-heavy	serio	decode	1	8	109304
enum-heavy	serio	decode	1	9	108106
enum-heavy	serio	decode	2	1	105819
enum-heavy	serio	decode	2	2	103738
enum-heavy	serio	decode	2	3	106244
enum-heavy	serio	decode	2	4	107157
enum-heavy	serio	decode	2	5	104563
enum-heavy	serio	decode	2	6	106154
enum-heavy	serio	decode	2	7	105788
enum-heavy	serio	decode	2	8	105202
enum-heavy	serio	decode	2	9	105418
enum-heavy	flamework2	encode	1	1	545281
enum-heavy	flamework2	encode	1	2	545985
enum-heavy	flamework2	encode	1	3	542800
enum-heavy	flamework2	encode	1	4	544025
enum-heavy	flamework2	encode	1	5	545606
enum-heavy	flamework2	encode	1	6	538468
enum-heavy	flamework2	encode	1	7	547931
enum-heavy	flamework2	encode	1	8	541912
enum-heavy	flamework2	encode	1	9	544681
enum-heavy	flamework2	encode	2	1	533024
enum-heavy	flamework2	encode	2	2	540691
enum-heavy	flamework2	encode	2	3	537488
enum-heavy	flamework2	encode	2	4	536092
enum-heavy	flamework2	encode	2	5	531892
enum-heavy	flamework2	encode	2	6	536566
enum-heavy	flamework2	encode	2	7	539274
enum-heavy	flamework2	encode	2	8	533488
enum-heavy	flamework2	encode	2	9	536796
enum-heavy	flamework2	decode	1	1	496327
enum-heavy	flamework2	decode	1	2	493532
enum-heavy	flamework2	decode	1	3	493261
enum-heavy	flamework2	decode	1	4	497526
enum-heavy	flamework2	decode	1	5	543695
enum-heavy	flamework2	decode	1	6	542775
enum-heavy	flamework2	decode	1	7	541526
enum-heavy	flamework2	decode	1	8	539658
enum-heavy	flamework2	decode	1	9	544392
enum-heavy	flamework2	decode	2	1	488989
enum-heavy	flamework2	decode	2	2	431792
enum-heavy	flamework2	decode	2	3	496476
enum-heavy	flamework2	decode	2	4	494904
enum-heavy	flamework2	decode	2	5	502093
enum-heavy	flamework2	decode	2	6	503416
enum-heavy	flamework2	decode	2	7	500409
enum-heavy	flamework2	decode	2	8	501630
enum-heavy	flamework2	decode	2	9	497659
tagged union	surge	encode	1	1	379894
tagged union	surge	encode	1	2	377000
tagged union	surge	encode	1	3	377594
tagged union	surge	encode	1	4	375005
tagged union	surge	encode	1	5	394226
tagged union	surge	encode	1	6	403590
tagged union	surge	encode	1	7	396205
tagged union	surge	encode	1	8	403712
tagged union	surge	encode	1	9	400267
tagged union	surge	encode	2	1	373071
tagged union	surge	encode	2	2	367145
tagged union	surge	encode	2	3	365052
tagged union	surge	encode	2	4	371250
tagged union	surge	encode	2	5	364977
tagged union	surge	encode	2	6	368537
tagged union	surge	encode	2	7	368086
tagged union	surge	encode	2	8	368372
tagged union	surge	encode	2	9	370639
tagged union	surge	decode	1	1	105003
tagged union	surge	decode	1	2	104432
tagged union	surge	decode	1	3	105331
tagged union	surge	decode	1	4	101568
tagged union	surge	decode	1	5	99213
tagged union	surge	decode	1	6	102547
tagged union	surge	decode	1	7	102909
tagged union	surge	decode	1	8	95319
tagged union	surge	decode	1	9	102119
tagged union	surge	decode	2	1	97574
tagged union	surge	decode	2	2	100460
tagged union	surge	decode	2	3	99842
tagged union	surge	decode	2	4	99329
tagged union	surge	decode	2	5	102643
tagged union	surge	decode	2	6	102143
tagged union	surge	decode	2	7	102292
tagged union	surge	decode	2	8	100499
tagged union	surge	decode	2	9	100973
tagged union	fbs	encode	1	1	89491
tagged union	fbs	encode	1	2	90206
tagged union	fbs	encode	1	3	89010
tagged union	fbs	encode	1	4	87998
tagged union	fbs	encode	1	5	92448
tagged union	fbs	encode	1	6	89490
tagged union	fbs	encode	1	7	90698
tagged union	fbs	encode	1	8	91313
tagged union	fbs	encode	1	9	89777
tagged union	fbs	encode	2	1	86178
tagged union	fbs	encode	2	2	87303
tagged union	fbs	encode	2	3	84748
tagged union	fbs	encode	2	4	87434
tagged union	fbs	encode	2	5	86276
tagged union	fbs	encode	2	6	87858
tagged union	fbs	encode	2	7	84858
tagged union	fbs	encode	2	8	85652
tagged union	fbs	encode	2	9	85535
tagged union	fbs	decode	1	1	44474
tagged union	fbs	decode	1	2	45691
tagged union	fbs	decode	1	3	45049
tagged union	fbs	decode	1	4	46208
tagged union	fbs	decode	1	5	46250
tagged union	fbs	decode	1	6	46152
tagged union	fbs	decode	1	7	45902
tagged union	fbs	decode	1	8	43746
tagged union	fbs	decode	1	9	46466
tagged union	fbs	decode	2	1	43897
tagged union	fbs	decode	2	2	44249
tagged union	fbs	decode	2	3	44891
tagged union	fbs	decode	2	4	45106
tagged union	fbs	decode	2	5	44691
tagged union	fbs	decode	2	6	44632
tagged union	fbs	decode	2	7	44546
tagged union	fbs	decode	2	8	44320
tagged union	fbs	decode	2	9	44394
tagged union	serio	encode	1	1	13759
tagged union	serio	encode	1	2	13706
tagged union	serio	encode	1	3	13809
tagged union	serio	encode	1	4	13871
tagged union	serio	encode	1	5	13789
tagged union	serio	encode	1	6	13797
tagged union	serio	encode	1	7	13653
tagged union	serio	encode	1	8	13787
tagged union	serio	encode	1	9	13839
tagged union	serio	encode	2	1	13604
tagged union	serio	encode	2	2	13635
tagged union	serio	encode	2	3	13743
tagged union	serio	encode	2	4	13806
tagged union	serio	encode	2	5	13682
tagged union	serio	encode	2	6	13645
tagged union	serio	encode	2	7	13655
tagged union	serio	encode	2	8	13601
tagged union	serio	encode	2	9	13837
tagged union	serio	decode	1	1	20564
tagged union	serio	decode	1	2	20231
tagged union	serio	decode	1	3	20582
tagged union	serio	decode	1	4	20315
tagged union	serio	decode	1	5	20330
tagged union	serio	decode	1	6	20601
tagged union	serio	decode	1	7	20521
tagged union	serio	decode	1	8	19639
tagged union	serio	decode	1	9	20069
tagged union	serio	decode	2	1	20197
tagged union	serio	decode	2	2	19933
tagged union	serio	decode	2	3	19516
tagged union	serio	decode	2	4	19948
tagged union	serio	decode	2	5	19554
tagged union	serio	decode	2	6	19660
tagged union	serio	decode	2	7	19549
tagged union	serio	decode	2	8	19606
tagged union	serio	decode	2	9	19451
tagged union	flamework2	encode	1	1	204119
tagged union	flamework2	encode	1	2	195191
tagged union	flamework2	encode	1	3	203531
tagged union	flamework2	encode	1	4	207667
tagged union	flamework2	encode	1	5	211464
tagged union	flamework2	encode	1	6	210664
tagged union	flamework2	encode	1	7	209430
tagged union	flamework2	encode	1	8	212255
tagged union	flamework2	encode	1	9	202669
tagged union	flamework2	encode	2	1	196889
tagged union	flamework2	encode	2	2	194778
tagged union	flamework2	encode	2	3	193233
tagged union	flamework2	encode	2	4	193181
tagged union	flamework2	encode	2	5	195882
tagged union	flamework2	encode	2	6	192806
tagged union	flamework2	encode	2	7	195786
tagged union	flamework2	encode	2	8	194096
tagged union	flamework2	encode	2	9	193982
tagged union	flamework2	decode	1	1	89303
tagged union	flamework2	decode	1	2	89165
tagged union	flamework2	decode	1	3	91151
tagged union	flamework2	decode	1	4	92560
tagged union	flamework2	decode	1	5	93730
tagged union	flamework2	decode	1	6	90821
tagged union	flamework2	decode	1	7	92023
tagged union	flamework2	decode	1	8	82734
tagged union	flamework2	decode	1	9	92985
tagged union	flamework2	decode	2	1	86101
tagged union	flamework2	decode	2	2	88490
tagged union	flamework2	decode	2	3	87225
tagged union	flamework2	decode	2	4	88040
tagged union	flamework2	decode	2	5	87467
tagged union	flamework2	decode	2	6	88412
tagged union	flamework2	decode	2	7	89848
tagged union	flamework2	decode	2	8	88011
tagged union	flamework2	decode	2	9	91019
tagged union	blink	encode	1	1	140596
tagged union	blink	encode	1	2	120498
tagged union	blink	encode	1	3	137675
tagged union	blink	encode	1	4	154191
tagged union	blink	encode	1	5	150654
tagged union	blink	encode	1	6	154265
tagged union	blink	encode	1	7	151856
tagged union	blink	encode	1	8	150747
tagged union	blink	encode	1	9	138289
tagged union	blink	encode	2	1	138632
tagged union	blink	encode	2	2	137312
tagged union	blink	encode	2	3	139587
tagged union	blink	encode	2	4	136522
tagged union	blink	encode	2	5	135684
tagged union	blink	encode	2	6	137752
tagged union	blink	encode	2	7	136795
tagged union	blink	encode	2	8	139673
tagged union	blink	encode	2	9	138013
tagged union	blink	decode	1	1	57943
tagged union	blink	decode	1	2	58186
tagged union	blink	decode	1	3	57154
tagged union	blink	decode	1	4	57284
tagged union	blink	decode	1	5	56424
tagged union	blink	decode	1	6	56634
tagged union	blink	decode	1	7	55948
tagged union	blink	decode	1	8	53665
tagged union	blink	decode	1	9	58505
tagged union	blink	decode	2	1	54814
tagged union	blink	decode	2	2	56884
tagged union	blink	decode	2	3	55796
tagged union	blink	decode	2	4	56604
tagged union	blink	decode	2	5	56286
tagged union	blink	decode	2	6	55327
tagged union	blink	decode	2	7	55927
tagged union	blink	decode	2	8	57307
tagged union	blink	decode	2	9	55289
tagged union	baseline	encode	1	1	368106
tagged union	baseline	encode	1	2	362968
tagged union	baseline	encode	1	3	372884
tagged union	baseline	encode	1	4	388631
tagged union	baseline	encode	1	5	392748
tagged union	baseline	encode	1	6	389573
tagged union	baseline	encode	1	7	387643
tagged union	baseline	encode	1	8	390956
tagged union	baseline	encode	1	9	370836
tagged union	baseline	encode	2	1	371546
tagged union	baseline	encode	2	2	376362
tagged union	baseline	encode	2	3	362863
tagged union	baseline	encode	2	4	362232
tagged union	baseline	encode	2	5	366244
tagged union	baseline	encode	2	6	369008
tagged union	baseline	encode	2	7	368653
tagged union	baseline	encode	2	8	362311
tagged union	baseline	encode	2	9	364443
tagged union	baseline	decode	1	1	101713
tagged union	baseline	decode	1	2	102485
tagged union	baseline	decode	1	3	103569
tagged union	baseline	decode	1	4	104856
tagged union	baseline	decode	1	5	103096
tagged union	baseline	decode	1	6	104989
tagged union	baseline	decode	1	7	103762
tagged union	baseline	decode	1	8	97617
tagged union	baseline	decode	1	9	99832
tagged union	baseline	decode	2	1	93815
tagged union	baseline	decode	2	2	100530
tagged union	baseline	decode	2	3	101471
tagged union	baseline	decode	2	4	99190
tagged union	baseline	decode	2	5	101158
tagged union	baseline	decode	2	6	102417
tagged union	baseline	decode	2	7	103391
tagged union	baseline	decode	2	8	102089
tagged union	baseline	decode	2	9	98434
guarded union	surge	encode	1	1	676620
guarded union	surge	encode	1	2	687793
guarded union	surge	encode	1	3	681628
guarded union	surge	encode	1	4	669032
guarded union	surge	encode	1	5	639213
guarded union	surge	encode	1	6	678542
guarded union	surge	encode	1	7	683742
guarded union	surge	encode	1	8	685015
guarded union	surge	encode	1	9	667949
guarded union	surge	encode	2	1	652001
guarded union	surge	encode	2	2	647930
guarded union	surge	encode	2	3	651279
guarded union	surge	encode	2	4	652492
guarded union	surge	encode	2	5	643340
guarded union	surge	encode	2	6	641887
guarded union	surge	encode	2	7	647501
guarded union	surge	encode	2	8	645848
guarded union	surge	encode	2	9	650467
guarded union	surge	decode	1	1	476402
guarded union	surge	decode	1	2	471132
guarded union	surge	decode	1	3	476306
guarded union	surge	decode	1	4	472444
guarded union	surge	decode	1	5	478313
guarded union	surge	decode	1	6	472024
guarded union	surge	decode	1	7	475886
guarded union	surge	decode	1	8	480454
guarded union	surge	decode	1	9	477776
guarded union	surge	decode	2	1	443291
guarded union	surge	decode	2	2	431955
guarded union	surge	decode	2	3	443181
guarded union	surge	decode	2	4	435968
guarded union	surge	decode	2	5	440595
guarded union	surge	decode	2	6	434600
guarded union	surge	decode	2	7	439016
guarded union	surge	decode	2	8	431280
guarded union	surge	decode	2	9	438192
guarded union	fbs	encode	1	1	74800
guarded union	fbs	encode	1	2	75898
guarded union	fbs	encode	1	3	75756
guarded union	fbs	encode	1	4	74664
guarded union	fbs	encode	1	5	76657
guarded union	fbs	encode	1	6	76500
guarded union	fbs	encode	1	7	75807
guarded union	fbs	encode	1	8	74506
guarded union	fbs	encode	1	9	76034
guarded union	fbs	encode	2	1	73427
guarded union	fbs	encode	2	2	73918
guarded union	fbs	encode	2	3	73470
guarded union	fbs	encode	2	4	73251
guarded union	fbs	encode	2	5	74158
guarded union	fbs	encode	2	6	73458
guarded union	fbs	encode	2	7	73456
guarded union	fbs	encode	2	8	73975
guarded union	fbs	encode	2	9	73816
guarded union	fbs	decode	1	1	163189
guarded union	fbs	decode	1	2	163697
guarded union	fbs	decode	1	3	161475
guarded union	fbs	decode	1	4	162048
guarded union	fbs	decode	1	5	164838
guarded union	fbs	decode	1	6	162227
guarded union	fbs	decode	1	7	164055
guarded union	fbs	decode	1	8	163506
guarded union	fbs	decode	1	9	160638
guarded union	fbs	decode	2	1	154282
guarded union	fbs	decode	2	2	151579
guarded union	fbs	decode	2	3	154476
guarded union	fbs	decode	2	4	152119
guarded union	fbs	decode	2	5	155696
guarded union	fbs	decode	2	6	152948
guarded union	fbs	decode	2	7	153127
guarded union	fbs	decode	2	8	152193
guarded union	fbs	decode	2	9	155157
guarded union	serio	encode	1	1	20144
guarded union	serio	encode	1	2	20354
guarded union	serio	encode	1	3	20413
guarded union	serio	encode	1	4	20038
guarded union	serio	encode	1	5	20373
guarded union	serio	encode	1	6	20197
guarded union	serio	encode	1	7	20283
guarded union	serio	encode	1	8	20302
guarded union	serio	encode	1	9	20295
guarded union	serio	encode	2	1	20104
guarded union	serio	encode	2	2	20112
guarded union	serio	encode	2	3	20075
guarded union	serio	encode	2	4	20121
guarded union	serio	encode	2	5	20172
guarded union	serio	encode	2	6	20146
guarded union	serio	encode	2	7	20141
guarded union	serio	encode	2	8	20094
guarded union	serio	encode	2	9	20090
guarded union	serio	decode	1	1	47482
guarded union	serio	decode	1	2	46386
guarded union	serio	decode	1	3	46641
guarded union	serio	decode	1	4	46447
guarded union	serio	decode	1	5	46382
guarded union	serio	decode	1	6	46593
guarded union	serio	decode	1	7	46263
guarded union	serio	decode	1	8	46639
guarded union	serio	decode	1	9	46834
guarded union	serio	decode	2	1	46166
guarded union	serio	decode	2	2	45505
guarded union	serio	decode	2	3	45440
guarded union	serio	decode	2	4	45425
guarded union	serio	decode	2	5	45347
guarded union	serio	decode	2	6	45680
guarded union	serio	decode	2	7	45981
guarded union	serio	decode	2	8	45823
guarded union	serio	decode	2	9	45722
guarded union	flamework2	encode	1	1	513226
guarded union	flamework2	encode	1	2	505784
guarded union	flamework2	encode	1	3	501854
guarded union	flamework2	encode	1	4	493576
guarded union	flamework2	encode	1	5	508877
guarded union	flamework2	encode	1	6	510586
guarded union	flamework2	encode	1	7	510986
guarded union	flamework2	encode	1	8	510505
guarded union	flamework2	encode	1	9	502484
guarded union	flamework2	encode	2	1	493120
guarded union	flamework2	encode	2	2	490030
guarded union	flamework2	encode	2	3	489417
guarded union	flamework2	encode	2	4	499549
guarded union	flamework2	encode	2	5	495919
guarded union	flamework2	encode	2	6	494552
guarded union	flamework2	encode	2	7	496940
guarded union	flamework2	encode	2	8	500449
guarded union	flamework2	encode	2	9	481436
guarded union	flamework2	decode	1	1	417812
guarded union	flamework2	decode	1	2	428990
guarded union	flamework2	decode	1	3	422398
guarded union	flamework2	decode	1	4	423604
guarded union	flamework2	decode	1	5	422286
guarded union	flamework2	decode	1	6	419787
guarded union	flamework2	decode	1	7	416143
guarded union	flamework2	decode	1	8	421256
guarded union	flamework2	decode	1	9	425795
guarded union	flamework2	decode	2	1	385157
guarded union	flamework2	decode	2	2	383757
guarded union	flamework2	decode	2	3	387129
guarded union	flamework2	decode	2	4	388708
guarded union	flamework2	decode	2	5	390047
guarded union	flamework2	decode	2	6	390776
guarded union	flamework2	decode	2	7	391864
guarded union	flamework2	decode	2	8	389225
guarded union	flamework2	decode	2	9	410600
tree	surge	encode	1	1	481092
tree	surge	encode	1	2	482819
tree	surge	encode	1	3	483629
tree	surge	encode	1	4	477912
tree	surge	encode	1	5	483458
tree	surge	encode	1	6	480524
tree	surge	encode	1	7	483605
tree	surge	encode	1	8	477489
tree	surge	encode	1	9	481536
tree	surge	encode	2	1	459573
tree	surge	encode	2	2	461667
tree	surge	encode	2	3	456212
tree	surge	encode	2	4	459201
tree	surge	encode	2	5	462092
tree	surge	encode	2	6	461274
tree	surge	encode	2	7	460375
tree	surge	encode	2	8	458713
tree	surge	encode	2	9	458259
tree	surge	decode	1	1	99325
tree	surge	decode	1	2	102630
tree	surge	decode	1	3	101200
tree	surge	decode	1	4	101240
tree	surge	decode	1	5	100241
tree	surge	decode	1	6	99282
tree	surge	decode	1	7	101195
tree	surge	decode	1	8	101050
tree	surge	decode	1	9	99524
tree	surge	decode	2	1	100192
tree	surge	decode	2	2	99663
tree	surge	decode	2	3	98785
tree	surge	decode	2	4	100761
tree	surge	decode	2	5	98554
tree	surge	decode	2	6	101209
tree	surge	decode	2	7	94475
tree	surge	decode	2	8	92364
tree	surge	decode	2	9	100176
tree	flamework2	encode	1	1	290047
tree	flamework2	encode	1	2	290898
tree	flamework2	encode	1	3	285335
tree	flamework2	encode	1	4	289964
tree	flamework2	encode	1	5	289652
tree	flamework2	encode	1	6	290885
tree	flamework2	encode	1	7	289218
tree	flamework2	encode	1	8	285443
tree	flamework2	encode	1	9	290491
tree	flamework2	encode	2	1	285253
tree	flamework2	encode	2	2	281081
tree	flamework2	encode	2	3	286114
tree	flamework2	encode	2	4	285345
tree	flamework2	encode	2	5	282177
tree	flamework2	encode	2	6	282364
tree	flamework2	encode	2	7	283461
tree	flamework2	encode	2	8	281022
tree	flamework2	encode	2	9	282861
tree	flamework2	decode	1	1	88576
tree	flamework2	decode	1	2	86679
tree	flamework2	decode	1	3	87647
tree	flamework2	decode	1	4	87447
tree	flamework2	decode	1	5	88494
tree	flamework2	decode	1	6	89610
tree	flamework2	decode	1	7	88587
tree	flamework2	decode	1	8	86551
tree	flamework2	decode	1	9	88046
tree	flamework2	decode	2	1	86699
tree	flamework2	decode	2	2	86239
tree	flamework2	decode	2	3	86400
tree	flamework2	decode	2	4	86019
tree	flamework2	decode	2	5	87369
tree	flamework2	decode	2	6	87262
tree	flamework2	decode	2	7	81867
tree	flamework2	decode	2	8	82496
tree	flamework2	decode	2	9	87336
tree	baseline	encode	1	1	450348
tree	baseline	encode	1	2	452602
tree	baseline	encode	1	3	451528
tree	baseline	encode	1	4	447880
tree	baseline	encode	1	5	451147
tree	baseline	encode	1	6	453732
tree	baseline	encode	1	7	452898
tree	baseline	encode	1	8	451534
tree	baseline	encode	1	9	450821
tree	baseline	encode	2	1	457417
tree	baseline	encode	2	2	459211
tree	baseline	encode	2	3	457405
tree	baseline	encode	2	4	461604
tree	baseline	encode	2	5	463501
tree	baseline	encode	2	6	458100
tree	baseline	encode	2	7	455970
tree	baseline	encode	2	8	460902
tree	baseline	encode	2	9	461691
tree	baseline	decode	1	1	102763
tree	baseline	decode	1	2	105734
tree	baseline	decode	1	3	106123
tree	baseline	decode	1	4	105783
tree	baseline	decode	1	5	103815
tree	baseline	decode	1	6	103562
tree	baseline	decode	1	7	103449
tree	baseline	decode	1	8	104329
tree	baseline	decode	1	9	103739
tree	baseline	decode	2	1	102125
tree	baseline	decode	2	2	104319
tree	baseline	decode	2	3	103203
tree	baseline	decode	2	4	104861
tree	baseline	decode	2	5	102085
tree	baseline	decode	2	6	99940
tree	baseline	decode	2	7	96726
tree	baseline	decode	2	8	99050
tree	baseline	decode	2	9	104662
instance references	surge	encode	1	1	1034920
instance references	surge	encode	1	2	1023658
instance references	surge	encode	1	3	1048602
instance references	surge	encode	1	4	1045190
instance references	surge	encode	1	5	1028561
instance references	surge	encode	1	6	1034782
instance references	surge	encode	1	7	1036861
instance references	surge	encode	1	8	1041335
instance references	surge	encode	1	9	1048726
instance references	surge	encode	2	1	1031355
instance references	surge	encode	2	2	1028355
instance references	surge	encode	2	3	1014554
instance references	surge	encode	2	4	935864
instance references	surge	encode	2	5	1008842
instance references	surge	encode	2	6	1003953
instance references	surge	encode	2	7	1006616
instance references	surge	encode	2	8	1024280
instance references	surge	encode	2	9	1014950
instance references	surge	decode	1	1	277479
instance references	surge	decode	1	2	280106
instance references	surge	decode	1	3	280296
instance references	surge	decode	1	4	279917
instance references	surge	decode	1	5	280218
instance references	surge	decode	1	6	277712
instance references	surge	decode	1	7	278714
instance references	surge	decode	1	8	279898
instance references	surge	decode	1	9	277860
instance references	surge	decode	2	1	278603
instance references	surge	decode	2	2	279061
instance references	surge	decode	2	3	276774
instance references	surge	decode	2	4	278982
instance references	surge	decode	2	5	282450
instance references	surge	decode	2	6	276116
instance references	surge	decode	2	7	260701
instance references	surge	decode	2	8	275283
instance references	surge	decode	2	9	274992
instance references	fbs	encode	1	1	253687
instance references	fbs	encode	1	2	258406
instance references	fbs	encode	1	3	252924
instance references	fbs	encode	1	4	254983
instance references	fbs	encode	1	5	256960
instance references	fbs	encode	1	6	255080
instance references	fbs	encode	1	7	256621
instance references	fbs	encode	1	8	254378
instance references	fbs	encode	1	9	257718
instance references	fbs	encode	2	1	242486
instance references	fbs	encode	2	2	242244
instance references	fbs	encode	2	3	242399
instance references	fbs	encode	2	4	239917
instance references	fbs	encode	2	5	243181
instance references	fbs	encode	2	6	243373
instance references	fbs	encode	2	7	242498
instance references	fbs	encode	2	8	241717
instance references	fbs	encode	2	9	241696
instance references	fbs	decode	1	1	147874
instance references	fbs	decode	1	2	148954
instance references	fbs	decode	1	3	148509
instance references	fbs	decode	1	4	147685
instance references	fbs	decode	1	5	149954
instance references	fbs	decode	1	6	149775
instance references	fbs	decode	1	7	151125
instance references	fbs	decode	1	8	150204
instance references	fbs	decode	1	9	151014
instance references	fbs	decode	2	1	147417
instance references	fbs	decode	2	2	144546
instance references	fbs	decode	2	3	146684
instance references	fbs	decode	2	4	145183
instance references	fbs	decode	2	5	143668
instance references	fbs	decode	2	6	145360
instance references	fbs	decode	2	7	141610
instance references	fbs	decode	2	8	144985
instance references	fbs	decode	2	9	145554
instance references	serio	encode	1	1	48253
instance references	serio	encode	1	2	49071
instance references	serio	encode	1	3	47982
instance references	serio	encode	1	4	49014
instance references	serio	encode	1	5	49067
instance references	serio	encode	1	6	49589
instance references	serio	encode	1	7	49051
instance references	serio	encode	1	8	49082
instance references	serio	encode	1	9	48059
instance references	serio	encode	2	1	48081
instance references	serio	encode	2	2	47906
instance references	serio	encode	2	3	48088
instance references	serio	encode	2	4	47886
instance references	serio	encode	2	5	48057
instance references	serio	encode	2	6	48021
instance references	serio	encode	2	7	47995
instance references	serio	encode	2	8	48386
instance references	serio	encode	2	9	47804
instance references	serio	decode	1	1	60068
instance references	serio	decode	1	2	59183
instance references	serio	decode	1	3	59419
instance references	serio	decode	1	4	58790
instance references	serio	decode	1	5	58346
instance references	serio	decode	1	6	58907
instance references	serio	decode	1	7	58429
instance references	serio	decode	1	8	59599
instance references	serio	decode	1	9	58706
instance references	serio	decode	2	1	59129
instance references	serio	decode	2	2	59208
instance references	serio	decode	2	3	59097
instance references	serio	decode	2	4	59010
instance references	serio	decode	2	5	59523
instance references	serio	decode	2	6	58638
instance references	serio	decode	2	7	59700
instance references	serio	decode	2	8	59328
instance references	serio	decode	2	9	59052
instance references	flamework2	encode	1	1	643606
instance references	flamework2	encode	1	2	631228
instance references	flamework2	encode	1	3	643965
instance references	flamework2	encode	1	4	636942
instance references	flamework2	encode	1	5	632591
instance references	flamework2	encode	1	6	624601
instance references	flamework2	encode	1	7	633087
instance references	flamework2	encode	1	8	627080
instance references	flamework2	encode	1	9	637774
instance references	flamework2	encode	2	1	631648
instance references	flamework2	encode	2	2	627801
instance references	flamework2	encode	2	3	611747
instance references	flamework2	encode	2	4	615673
instance references	flamework2	encode	2	5	630139
instance references	flamework2	encode	2	6	625718
instance references	flamework2	encode	2	7	631314
instance references	flamework2	encode	2	8	630105
instance references	flamework2	encode	2	9	623690
instance references	flamework2	decode	1	1	278826
instance references	flamework2	decode	1	2	279487
instance references	flamework2	decode	1	3	279966
instance references	flamework2	decode	1	4	280745
instance references	flamework2	decode	1	5	280534
instance references	flamework2	decode	1	6	280678
instance references	flamework2	decode	1	7	279562
instance references	flamework2	decode	1	8	276605
instance references	flamework2	decode	1	9	276224
instance references	flamework2	decode	2	1	277528
instance references	flamework2	decode	2	2	276862
instance references	flamework2	decode	2	3	280193
instance references	flamework2	decode	2	4	272701
instance references	flamework2	decode	2	5	285672
instance references	flamework2	decode	2	6	277425
instance references	flamework2	decode	2	7	279681
instance references	flamework2	decode	2	8	277621
instance references	flamework2	decode	2	9	275780
instance references	baseline	encode	1	1	973867
instance references	baseline	encode	1	2	984597
instance references	baseline	encode	1	3	970869
instance references	baseline	encode	1	4	982370
instance references	baseline	encode	1	5	984194
instance references	baseline	encode	1	6	983641
instance references	baseline	encode	1	7	977480
instance references	baseline	encode	1	8	983606
instance references	baseline	encode	1	9	952247
instance references	baseline	encode	2	1	954529
instance references	baseline	encode	2	2	959499
instance references	baseline	encode	2	3	892149
instance references	baseline	encode	2	4	962614
instance references	baseline	encode	2	5	956868
instance references	baseline	encode	2	6	975928
instance references	baseline	encode	2	7	969700
instance references	baseline	encode	2	8	957973
instance references	baseline	encode	2	9	970691
instance references	baseline	decode	1	1	295921
instance references	baseline	decode	1	2	289523
instance references	baseline	decode	1	3	293646
instance references	baseline	decode	1	4	289537
instance references	baseline	decode	1	5	289555
instance references	baseline	decode	1	6	291612
instance references	baseline	decode	1	7	290645
instance references	baseline	decode	1	8	292455
instance references	baseline	decode	1	9	286850
instance references	baseline	decode	2	1	280520
instance references	baseline	decode	2	2	286268
instance references	baseline	decode	2	3	288417
instance references	baseline	decode	2	4	283447
instance references	baseline	decode	2	5	283799
instance references	baseline	decode	2	6	262451
instance references	baseline	decode	2	7	289080
instance references	baseline	decode	2	8	294620
instance references	baseline	decode	2	9	289693
toggles (unpacked)	surge	encode	1	1	4640517
toggles (unpacked)	surge	encode	1	2	4546425
toggles (unpacked)	surge	encode	1	3	4512595
toggles (unpacked)	surge	encode	1	4	4579080
toggles (unpacked)	surge	encode	1	5	4574890
toggles (unpacked)	surge	encode	1	6	4537396
toggles (unpacked)	surge	encode	1	7	4585560
toggles (unpacked)	surge	encode	1	8	4614734
toggles (unpacked)	surge	encode	1	9	4574085
toggles (unpacked)	surge	encode	2	1	4496432
toggles (unpacked)	surge	encode	2	2	4215723
toggles (unpacked)	surge	encode	2	3	4515094
toggles (unpacked)	surge	encode	2	4	4529762
toggles (unpacked)	surge	encode	2	5	4492849
toggles (unpacked)	surge	encode	2	6	4506698
toggles (unpacked)	surge	encode	2	7	4514386
toggles (unpacked)	surge	encode	2	8	4532900
toggles (unpacked)	surge	encode	2	9	4514039
toggles (unpacked)	surge	decode	1	1	3050129
toggles (unpacked)	surge	decode	1	2	3074896
toggles (unpacked)	surge	decode	1	3	3092481
toggles (unpacked)	surge	decode	1	4	3085403
toggles (unpacked)	surge	decode	1	5	3049575
toggles (unpacked)	surge	decode	1	6	3065096
toggles (unpacked)	surge	decode	1	7	2760739
toggles (unpacked)	surge	decode	1	8	3058357
toggles (unpacked)	surge	decode	1	9	3064130
toggles (unpacked)	surge	decode	2	1	3004877
toggles (unpacked)	surge	decode	2	2	3065369
toggles (unpacked)	surge	decode	2	3	3041093
toggles (unpacked)	surge	decode	2	4	3081517
toggles (unpacked)	surge	decode	2	5	3029372
toggles (unpacked)	surge	decode	2	6	2985864
toggles (unpacked)	surge	decode	2	7	3005679
toggles (unpacked)	surge	decode	2	8	2991425
toggles (unpacked)	surge	decode	2	9	3030753
toggles (unpacked)	fbs	encode	1	1	1560386
toggles (unpacked)	fbs	encode	1	2	1559877
toggles (unpacked)	fbs	encode	1	3	1567020
toggles (unpacked)	fbs	encode	1	4	1559831
toggles (unpacked)	fbs	encode	1	5	1558847
toggles (unpacked)	fbs	encode	1	6	1573013
toggles (unpacked)	fbs	encode	1	7	1529889
toggles (unpacked)	fbs	encode	1	8	1557125
toggles (unpacked)	fbs	encode	1	9	1563520
toggles (unpacked)	fbs	encode	2	1	1518750
toggles (unpacked)	fbs	encode	2	2	1396633
toggles (unpacked)	fbs	encode	2	3	1512770
toggles (unpacked)	fbs	encode	2	4	1490915
toggles (unpacked)	fbs	encode	2	5	1516237
toggles (unpacked)	fbs	encode	2	6	1488095
toggles (unpacked)	fbs	encode	2	7	1496092
toggles (unpacked)	fbs	encode	2	8	1477909
toggles (unpacked)	fbs	encode	2	9	1495419
toggles (unpacked)	fbs	decode	1	1	1606824
toggles (unpacked)	fbs	decode	1	2	1586641
toggles (unpacked)	fbs	decode	1	3	1576077
toggles (unpacked)	fbs	decode	1	4	1585770
toggles (unpacked)	fbs	decode	1	5	1614725
toggles (unpacked)	fbs	decode	1	6	1598007
toggles (unpacked)	fbs	decode	1	7	1520066
toggles (unpacked)	fbs	decode	1	8	1581406
toggles (unpacked)	fbs	decode	1	9	1588432
toggles (unpacked)	fbs	decode	2	1	1525451
toggles (unpacked)	fbs	decode	2	2	1531387
toggles (unpacked)	fbs	decode	2	3	1542413
toggles (unpacked)	fbs	decode	2	4	1528142
toggles (unpacked)	fbs	decode	2	5	1507388
toggles (unpacked)	fbs	decode	2	6	1509727
toggles (unpacked)	fbs	decode	2	7	1538705
toggles (unpacked)	fbs	decode	2	8	1528873
toggles (unpacked)	fbs	decode	2	9	1543454
toggles (unpacked)	serio	encode	1	1	403332
toggles (unpacked)	serio	encode	1	2	413510
toggles (unpacked)	serio	encode	1	3	419942
toggles (unpacked)	serio	encode	1	4	414725
toggles (unpacked)	serio	encode	1	5	411577
toggles (unpacked)	serio	encode	1	6	419715
toggles (unpacked)	serio	encode	1	7	419246
toggles (unpacked)	serio	encode	1	8	406375
toggles (unpacked)	serio	encode	1	9	407935
toggles (unpacked)	serio	encode	2	1	417922
toggles (unpacked)	serio	encode	2	2	401070
toggles (unpacked)	serio	encode	2	3	415820
toggles (unpacked)	serio	encode	2	4	421197
toggles (unpacked)	serio	encode	2	5	415971
toggles (unpacked)	serio	encode	2	6	421168
toggles (unpacked)	serio	encode	2	7	413114
toggles (unpacked)	serio	encode	2	8	422070
toggles (unpacked)	serio	encode	2	9	411572
toggles (unpacked)	serio	decode	1	1	640548
toggles (unpacked)	serio	decode	1	2	653687
toggles (unpacked)	serio	decode	1	3	654624
toggles (unpacked)	serio	decode	1	4	654551
toggles (unpacked)	serio	decode	1	5	640221
toggles (unpacked)	serio	decode	1	6	645895
toggles (unpacked)	serio	decode	1	7	630738
toggles (unpacked)	serio	decode	1	8	646925
toggles (unpacked)	serio	decode	1	9	646880
toggles (unpacked)	serio	decode	2	1	652505
toggles (unpacked)	serio	decode	2	2	648262
toggles (unpacked)	serio	decode	2	3	658949
toggles (unpacked)	serio	decode	2	4	648626
toggles (unpacked)	serio	decode	2	5	652700
toggles (unpacked)	serio	decode	2	6	665802
toggles (unpacked)	serio	decode	2	7	644114
toggles (unpacked)	serio	decode	2	8	659428
toggles (unpacked)	serio	decode	2	9	644705
toggles (unpacked)	flamework2	encode	1	1	3803480
toggles (unpacked)	flamework2	encode	1	2	3746442
toggles (unpacked)	flamework2	encode	1	3	3746820
toggles (unpacked)	flamework2	encode	1	4	3838802
toggles (unpacked)	flamework2	encode	1	5	3830381
toggles (unpacked)	flamework2	encode	1	6	3722453
toggles (unpacked)	flamework2	encode	1	7	3809002
toggles (unpacked)	flamework2	encode	1	8	3747442
toggles (unpacked)	flamework2	encode	1	9	3817423
toggles (unpacked)	flamework2	encode	2	1	3658829
toggles (unpacked)	flamework2	encode	2	2	3747146
toggles (unpacked)	flamework2	encode	2	3	3717744
toggles (unpacked)	flamework2	encode	2	4	3728118
toggles (unpacked)	flamework2	encode	2	5	3722873
toggles (unpacked)	flamework2	encode	2	6	3697901
toggles (unpacked)	flamework2	encode	2	7	3745523
toggles (unpacked)	flamework2	encode	2	8	3688595
toggles (unpacked)	flamework2	encode	2	9	3734989
toggles (unpacked)	flamework2	decode	1	1	3032270
toggles (unpacked)	flamework2	decode	1	2	3043039
toggles (unpacked)	flamework2	decode	1	3	3058748
toggles (unpacked)	flamework2	decode	1	4	3059439
toggles (unpacked)	flamework2	decode	1	5	3067787
toggles (unpacked)	flamework2	decode	1	6	3043650
toggles (unpacked)	flamework2	decode	1	7	2812590
toggles (unpacked)	flamework2	decode	1	8	3011896
toggles (unpacked)	flamework2	decode	1	9	3019992
toggles (unpacked)	flamework2	decode	2	1	2988630
toggles (unpacked)	flamework2	decode	2	2	3030461
toggles (unpacked)	flamework2	decode	2	3	2999682
toggles (unpacked)	flamework2	decode	2	4	3014387
toggles (unpacked)	flamework2	decode	2	5	2862707
toggles (unpacked)	flamework2	decode	2	6	3009898
toggles (unpacked)	flamework2	decode	2	7	3023970
toggles (unpacked)	flamework2	decode	2	8	2996105
toggles (unpacked)	flamework2	decode	2	9	3017168
toggles (unpacked)	blink	encode	1	1	2253123
toggles (unpacked)	blink	encode	1	2	2224120
toggles (unpacked)	blink	encode	1	3	2226651
toggles (unpacked)	blink	encode	1	4	2209569
toggles (unpacked)	blink	encode	1	5	2234773
toggles (unpacked)	blink	encode	1	6	2242441
toggles (unpacked)	blink	encode	1	7	2196163
toggles (unpacked)	blink	encode	1	8	2210874
toggles (unpacked)	blink	encode	1	9	2219056
toggles (unpacked)	blink	encode	2	1	2177388
toggles (unpacked)	blink	encode	2	2	2158316
toggles (unpacked)	blink	encode	2	3	2173666
toggles (unpacked)	blink	encode	2	4	2199947
toggles (unpacked)	blink	encode	2	5	2169463
toggles (unpacked)	blink	encode	2	6	2214635
toggles (unpacked)	blink	encode	2	7	2187297
toggles (unpacked)	blink	encode	2	8	2195364
toggles (unpacked)	blink	encode	2	9	2203530
toggles (unpacked)	blink	decode	1	1	1864974
toggles (unpacked)	blink	decode	1	2	1842293
toggles (unpacked)	blink	decode	1	3	1833596
toggles (unpacked)	blink	decode	1	4	1837436
toggles (unpacked)	blink	decode	1	5	1831006
toggles (unpacked)	blink	decode	1	6	1832946
toggles (unpacked)	blink	decode	1	7	1714947
toggles (unpacked)	blink	decode	1	8	1843516
toggles (unpacked)	blink	decode	1	9	1855494
toggles (unpacked)	blink	decode	2	1	1857447
toggles (unpacked)	blink	decode	2	2	1824690
toggles (unpacked)	blink	decode	2	3	1840104
toggles (unpacked)	blink	decode	2	4	1844802
toggles (unpacked)	blink	decode	2	5	1852910
toggles (unpacked)	blink	decode	2	6	1861450
toggles (unpacked)	blink	decode	2	7	1863847
toggles (unpacked)	blink	decode	2	8	1871185
toggles (unpacked)	blink	decode	2	9	1828182
toggles (packed)	surge	encode	1	1	4759348
toggles (packed)	surge	encode	1	2	4729570
toggles (packed)	surge	encode	1	3	4743031
toggles (packed)	surge	encode	1	4	4548388
toggles (packed)	surge	encode	1	5	4769757
toggles (packed)	surge	encode	1	6	4738491
toggles (packed)	surge	encode	1	7	4734865
toggles (packed)	surge	encode	1	8	4724490
toggles (packed)	surge	encode	1	9	4856158
toggles (packed)	surge	encode	2	1	4759921
toggles (packed)	surge	encode	2	2	4725489
toggles (packed)	surge	encode	2	3	4754185
toggles (packed)	surge	encode	2	4	4703977
toggles (packed)	surge	encode	2	5	4774427
toggles (packed)	surge	encode	2	6	4706810
toggles (packed)	surge	encode	2	7	4755672
toggles (packed)	surge	encode	2	8	4814254
toggles (packed)	surge	encode	2	9	4721324
toggles (packed)	surge	decode	1	1	3389983
toggles (packed)	surge	decode	1	2	3438939
toggles (packed)	surge	decode	1	3	3401412
toggles (packed)	surge	decode	1	4	3328720
toggles (packed)	surge	decode	1	5	3403902
toggles (packed)	surge	decode	1	6	3382526
toggles (packed)	surge	decode	1	7	3417656
toggles (packed)	surge	decode	1	8	3338376
toggles (packed)	surge	decode	1	9	3408300
toggles (packed)	surge	decode	2	1	3357947
toggles (packed)	surge	decode	2	2	3328520
toggles (packed)	surge	decode	2	3	3401036
toggles (packed)	surge	decode	2	4	3362150
toggles (packed)	surge	decode	2	5	3350161
toggles (packed)	surge	decode	2	6	3358226
toggles (packed)	surge	decode	2	7	3358897
toggles (packed)	surge	decode	2	8	3381172
toggles (packed)	surge	decode	2	9	3327191
toggles (packed)	fbs	encode	1	1	1354716
toggles (packed)	fbs	encode	1	2	1344436
toggles (packed)	fbs	encode	1	3	1321331
toggles (packed)	fbs	encode	1	4	1319007
toggles (packed)	fbs	encode	1	5	1356552
toggles (packed)	fbs	encode	1	6	1350115
toggles (packed)	fbs	encode	1	7	1352898
toggles (packed)	fbs	encode	1	8	1340999
toggles (packed)	fbs	encode	1	9	1348700
toggles (packed)	fbs	encode	2	1	1325889
toggles (packed)	fbs	encode	2	2	1326495
toggles (packed)	fbs	encode	2	3	1348110
toggles (packed)	fbs	encode	2	4	1337122
toggles (packed)	fbs	encode	2	5	1329626
toggles (packed)	fbs	encode	2	6	1333028
toggles (packed)	fbs	encode	2	7	1331924
toggles (packed)	fbs	encode	2	8	1347261
toggles (packed)	fbs	encode	2	9	1343422
toggles (packed)	fbs	decode	1	1	1278542
toggles (packed)	fbs	decode	1	2	1267093
toggles (packed)	fbs	decode	1	3	1272702
toggles (packed)	fbs	decode	1	4	1274137
toggles (packed)	fbs	decode	1	5	1277432
toggles (packed)	fbs	decode	1	6	1272963
toggles (packed)	fbs	decode	1	7	1268522
toggles (packed)	fbs	decode	1	8	1277311
toggles (packed)	fbs	decode	1	9	1266732
toggles (packed)	fbs	decode	2	1	1250763
toggles (packed)	fbs	decode	2	2	1258245
toggles (packed)	fbs	decode	2	3	1232143
toggles (packed)	fbs	decode	2	4	1260604
toggles (packed)	fbs	decode	2	5	1240060
toggles (packed)	fbs	decode	2	6	1268039
toggles (packed)	fbs	decode	2	7	1255935
toggles (packed)	fbs	decode	2	8	1255638
toggles (packed)	fbs	decode	2	9	1234140
toggles (packed)	serio	encode	1	1	344966
toggles (packed)	serio	encode	1	2	343111
toggles (packed)	serio	encode	1	3	341281
toggles (packed)	serio	encode	1	4	344734
toggles (packed)	serio	encode	1	5	342337
toggles (packed)	serio	encode	1	6	350089
toggles (packed)	serio	encode	1	7	342007
toggles (packed)	serio	encode	1	8	344434
toggles (packed)	serio	encode	1	9	347292
toggles (packed)	serio	encode	2	1	346907
toggles (packed)	serio	encode	2	2	346017
toggles (packed)	serio	encode	2	3	344988
toggles (packed)	serio	encode	2	4	348993
toggles (packed)	serio	encode	2	5	347112
toggles (packed)	serio	encode	2	6	340426
toggles (packed)	serio	encode	2	7	338801
toggles (packed)	serio	encode	2	8	342311
toggles (packed)	serio	encode	2	9	347274
toggles (packed)	serio	decode	1	1	445910
toggles (packed)	serio	decode	1	2	445918
toggles (packed)	serio	decode	1	3	448465
toggles (packed)	serio	decode	1	4	444011
toggles (packed)	serio	decode	1	5	449124
toggles (packed)	serio	decode	1	6	446909
toggles (packed)	serio	decode	1	7	450032
toggles (packed)	serio	decode	1	8	445045
toggles (packed)	serio	decode	1	9	445035
toggles (packed)	serio	decode	2	1	453052
toggles (packed)	serio	decode	2	2	452605
toggles (packed)	serio	decode	2	3	444601
toggles (packed)	serio	decode	2	4	451717
toggles (packed)	serio	decode	2	5	450307
toggles (packed)	serio	decode	2	6	447651
toggles (packed)	serio	decode	2	7	454155
toggles (packed)	serio	decode	2	8	442255
toggles (packed)	serio	decode	2	9	453016
toggles (packed)	baseline	encode	1	1	4842794
toggles (packed)	baseline	encode	1	2	4871123
toggles (packed)	baseline	encode	1	3	4665490
toggles (packed)	baseline	encode	1	4	4854396
toggles (packed)	baseline	encode	1	5	4902483
toggles (packed)	baseline	encode	1	6	4889616
toggles (packed)	baseline	encode	1	7	4942344
toggles (packed)	baseline	encode	1	8	4872807
toggles (packed)	baseline	encode	1	9	4896575
toggles (packed)	baseline	encode	2	1	4833615
toggles (packed)	baseline	encode	2	2	4867028
toggles (packed)	baseline	encode	2	3	4841331
toggles (packed)	baseline	encode	2	4	4864642
toggles (packed)	baseline	encode	2	5	4850367
toggles (packed)	baseline	encode	2	6	4943697
toggles (packed)	baseline	encode	2	7	4845744
toggles (packed)	baseline	encode	2	8	4836562
toggles (packed)	baseline	encode	2	9	4876004
toggles (packed)	baseline	decode	1	1	3363721
toggles (packed)	baseline	decode	1	2	3388585
toggles (packed)	baseline	decode	1	3	3389222
toggles (packed)	baseline	decode	1	4	3397563
toggles (packed)	baseline	decode	1	5	3373868
toggles (packed)	baseline	decode	1	6	3405421
toggles (packed)	baseline	decode	1	7	3397002
toggles (packed)	baseline	decode	1	8	3395741
toggles (packed)	baseline	decode	1	9	3342458
toggles (packed)	baseline	decode	2	1	3294957
toggles (packed)	baseline	decode	2	2	3312899
toggles (packed)	baseline	decode	2	3	3328832
toggles (packed)	baseline	decode	2	4	3367171
toggles (packed)	baseline	decode	2	5	3342346
toggles (packed)	baseline	decode	2	6	3371917
toggles (packed)	baseline	decode	2	7	3296242
toggles (packed)	baseline	decode	2	8	3454693
toggles (packed)	baseline	decode	2	9	3377703
CFrame array	surge	encode	1	1	269187
CFrame array	surge	encode	1	2	274103
CFrame array	surge	encode	1	3	274959
CFrame array	surge	encode	1	4	270798
CFrame array	surge	encode	1	5	275959
CFrame array	surge	encode	1	6	270969
CFrame array	surge	encode	1	7	272518
CFrame array	surge	encode	1	8	271960
CFrame array	surge	encode	1	9	271076
CFrame array	surge	encode	2	1	275245
CFrame array	surge	encode	2	2	272967
CFrame array	surge	encode	2	3	273582
CFrame array	surge	encode	2	4	273365
CFrame array	surge	encode	2	5	271389
CFrame array	surge	encode	2	6	273544
CFrame array	surge	encode	2	7	274481
CFrame array	surge	encode	2	8	267082
CFrame array	surge	encode	2	9	274328
CFrame array	surge	decode	1	1	241008
CFrame array	surge	decode	1	2	239206
CFrame array	surge	decode	1	3	241233
CFrame array	surge	decode	1	4	236752
CFrame array	surge	decode	1	5	237388
CFrame array	surge	decode	1	6	239362
CFrame array	surge	decode	1	7	236770
CFrame array	surge	decode	1	8	237956
CFrame array	surge	decode	1	9	237820
CFrame array	surge	decode	2	1	238398
CFrame array	surge	decode	2	2	242160
CFrame array	surge	decode	2	3	233706
CFrame array	surge	decode	2	4	232283
CFrame array	surge	decode	2	5	239608
CFrame array	surge	decode	2	6	237040
CFrame array	surge	decode	2	7	239960
CFrame array	surge	decode	2	8	242372
CFrame array	surge	decode	2	9	236447
CFrame array	fbs	encode	1	1	212205
CFrame array	fbs	encode	1	2	210032
CFrame array	fbs	encode	1	3	209375
CFrame array	fbs	encode	1	4	210377
CFrame array	fbs	encode	1	5	206663
CFrame array	fbs	encode	1	6	211821
CFrame array	fbs	encode	1	7	207456
CFrame array	fbs	encode	1	8	210874
CFrame array	fbs	encode	1	9	210146
CFrame array	fbs	encode	2	1	210445
CFrame array	fbs	encode	2	2	208703
CFrame array	fbs	encode	2	3	202456
CFrame array	fbs	encode	2	4	209639
CFrame array	fbs	encode	2	5	207667
CFrame array	fbs	encode	2	6	212464
CFrame array	fbs	encode	2	7	203058
CFrame array	fbs	encode	2	8	204667
CFrame array	fbs	encode	2	9	203536
CFrame array	fbs	decode	1	1	122476
CFrame array	fbs	decode	1	2	123408
CFrame array	fbs	decode	1	3	124809
CFrame array	fbs	decode	1	4	124480
CFrame array	fbs	decode	1	5	122890
CFrame array	fbs	decode	1	6	122261
CFrame array	fbs	decode	1	7	124848
CFrame array	fbs	decode	1	8	124298
CFrame array	fbs	decode	1	9	123631
CFrame array	fbs	decode	2	1	116418
CFrame array	fbs	decode	2	2	121045
CFrame array	fbs	decode	2	3	116049
CFrame array	fbs	decode	2	4	115218
CFrame array	fbs	decode	2	5	121571
CFrame array	fbs	decode	2	6	123736
CFrame array	fbs	decode	2	7	121977
CFrame array	fbs	decode	2	8	120410
CFrame array	fbs	decode	2	9	122038
CFrame array	serio	encode	1	1	17599
CFrame array	serio	encode	1	2	17378
CFrame array	serio	encode	1	3	17416
CFrame array	serio	encode	1	4	17449
CFrame array	serio	encode	1	5	17824
CFrame array	serio	encode	1	6	17638
CFrame array	serio	encode	1	7	17411
CFrame array	serio	encode	1	8	17270
CFrame array	serio	encode	1	9	17586
CFrame array	serio	encode	2	1	17619
CFrame array	serio	encode	2	2	17331
CFrame array	serio	encode	2	3	17820
CFrame array	serio	encode	2	4	17342
CFrame array	serio	encode	2	5	16940
CFrame array	serio	encode	2	6	17524
CFrame array	serio	encode	2	7	17637
CFrame array	serio	encode	2	8	17358
CFrame array	serio	encode	2	9	17479
CFrame array	serio	decode	1	1	32229
CFrame array	serio	decode	1	2	31930
CFrame array	serio	decode	1	3	31454
CFrame array	serio	decode	1	4	31565
CFrame array	serio	decode	1	5	31802
CFrame array	serio	decode	1	6	32341
CFrame array	serio	decode	1	7	31893
CFrame array	serio	decode	1	8	31774
CFrame array	serio	decode	1	9	32055
CFrame array	serio	decode	2	1	31260
CFrame array	serio	decode	2	2	31161
CFrame array	serio	decode	2	3	30445
CFrame array	serio	decode	2	4	31388
CFrame array	serio	decode	2	5	31538
CFrame array	serio	decode	2	6	31013
CFrame array	serio	decode	2	7	31059
CFrame array	serio	decode	2	8	31288
CFrame array	serio	decode	2	9	30982
CFrame array	flamework2	encode	1	1	307889
CFrame array	flamework2	encode	1	2	309434
CFrame array	flamework2	encode	1	3	310876
CFrame array	flamework2	encode	1	4	308645
CFrame array	flamework2	encode	1	5	311925
CFrame array	flamework2	encode	1	6	309577
CFrame array	flamework2	encode	1	7	311890
CFrame array	flamework2	encode	1	8	312790
CFrame array	flamework2	encode	1	9	312504
CFrame array	flamework2	encode	2	1	305480
CFrame array	flamework2	encode	2	2	306628
CFrame array	flamework2	encode	2	3	307351
CFrame array	flamework2	encode	2	4	308498
CFrame array	flamework2	encode	2	5	304081
CFrame array	flamework2	encode	2	6	310679
CFrame array	flamework2	encode	2	7	291634
CFrame array	flamework2	encode	2	8	305679
CFrame array	flamework2	encode	2	9	303605
CFrame array	flamework2	decode	1	1	300204
CFrame array	flamework2	decode	1	2	298449
CFrame array	flamework2	decode	1	3	295829
CFrame array	flamework2	decode	1	4	295324
CFrame array	flamework2	decode	1	5	298797
CFrame array	flamework2	decode	1	6	296172
CFrame array	flamework2	decode	1	7	295067
CFrame array	flamework2	decode	1	8	296812
CFrame array	flamework2	decode	1	9	295817
CFrame array	flamework2	decode	2	1	291022
CFrame array	flamework2	decode	2	2	294127
CFrame array	flamework2	decode	2	3	275620
CFrame array	flamework2	decode	2	4	298244
CFrame array	flamework2	decode	2	5	293926
CFrame array	flamework2	decode	2	6	293623
CFrame array	flamework2	decode	2	7	298295
CFrame array	flamework2	decode	2	8	294107
CFrame array	flamework2	decode	2	9	297712
CFrame array	blink	encode	1	1	218547
CFrame array	blink	encode	1	2	219448
CFrame array	blink	encode	1	3	215141
CFrame array	blink	encode	1	4	219823
CFrame array	blink	encode	1	5	217337
CFrame array	blink	encode	1	6	218618
CFrame array	blink	encode	1	7	217477
CFrame array	blink	encode	1	8	217926
CFrame array	blink	encode	1	9	217968
CFrame array	blink	encode	2	1	221306
CFrame array	blink	encode	2	2	221170
CFrame array	blink	encode	2	3	224547
CFrame array	blink	encode	2	4	226736
CFrame array	blink	encode	2	5	223316
CFrame array	blink	encode	2	6	219909
CFrame array	blink	encode	2	7	211832
CFrame array	blink	encode	2	8	221080
CFrame array	blink	encode	2	9	221502
CFrame array	blink	decode	1	1	110809
CFrame array	blink	decode	1	2	111319
CFrame array	blink	decode	1	3	112787
CFrame array	blink	decode	1	4	113163
CFrame array	blink	decode	1	5	112253
CFrame array	blink	decode	1	6	112923
CFrame array	blink	decode	1	7	112142
CFrame array	blink	decode	1	8	112189
CFrame array	blink	decode	1	9	111710
CFrame array	blink	decode	2	1	112501
CFrame array	blink	decode	2	2	111966
CFrame array	blink	decode	2	3	105615
CFrame array	blink	decode	2	4	110377
CFrame array	blink	decode	2	5	111789
CFrame array	blink	decode	2	6	112898
CFrame array	blink	decode	2	7	111912
CFrame array	blink	decode	2	8	112420
CFrame array	blink	decode	2	9	111928
CFrame array	baseline	encode	1	1	275366
CFrame array	baseline	encode	1	2	271309
CFrame array	baseline	encode	1	3	275828
CFrame array	baseline	encode	1	4	273024
CFrame array	baseline	encode	1	5	277765
CFrame array	baseline	encode	1	6	276168
CFrame array	baseline	encode	1	7	271456
CFrame array	baseline	encode	1	8	276391
CFrame array	baseline	encode	1	9	276165
CFrame array	baseline	encode	2	1	276452
CFrame array	baseline	encode	2	2	275193
CFrame array	baseline	encode	2	3	269682
CFrame array	baseline	encode	2	4	277238
CFrame array	baseline	encode	2	5	269771
CFrame array	baseline	encode	2	6	282854
CFrame array	baseline	encode	2	7	263709
CFrame array	baseline	encode	2	8	275704
CFrame array	baseline	encode	2	9	277208
CFrame array	baseline	decode	1	1	250676
CFrame array	baseline	decode	1	2	248207
CFrame array	baseline	decode	1	3	252623
CFrame array	baseline	decode	1	4	252349
CFrame array	baseline	decode	1	5	252740
CFrame array	baseline	decode	1	6	251413
CFrame array	baseline	decode	1	7	249266
CFrame array	baseline	decode	1	8	252786
CFrame array	baseline	decode	1	9	252521
CFrame array	baseline	decode	2	1	253615
CFrame array	baseline	decode	2	2	248513
CFrame array	baseline	decode	2	3	239239
CFrame array	baseline	decode	2	4	250460
CFrame array	baseline	decode	2	5	252217
CFrame array	baseline	decode	2	6	250563
CFrame array	baseline	decode	2	7	248239
CFrame array	baseline	decode	2	8	251066
CFrame array	baseline	decode	2	9	249556
CFrame array (packed, axis-aligned)	surge	encode	1	1	192250
CFrame array (packed, axis-aligned)	surge	encode	1	2	192033
CFrame array (packed, axis-aligned)	surge	encode	1	3	189196
CFrame array (packed, axis-aligned)	surge	encode	1	4	183194
CFrame array (packed, axis-aligned)	surge	encode	1	5	188300
CFrame array (packed, axis-aligned)	surge	encode	1	6	185432
CFrame array (packed, axis-aligned)	surge	encode	1	7	186352
CFrame array (packed, axis-aligned)	surge	encode	1	8	186300
CFrame array (packed, axis-aligned)	surge	encode	1	9	182576
CFrame array (packed, axis-aligned)	surge	encode	2	1	181832
CFrame array (packed, axis-aligned)	surge	encode	2	2	182647
CFrame array (packed, axis-aligned)	surge	encode	2	3	181916
CFrame array (packed, axis-aligned)	surge	encode	2	4	184683
CFrame array (packed, axis-aligned)	surge	encode	2	5	185614
CFrame array (packed, axis-aligned)	surge	encode	2	6	181664
CFrame array (packed, axis-aligned)	surge	encode	2	7	185336
CFrame array (packed, axis-aligned)	surge	encode	2	8	181559
CFrame array (packed, axis-aligned)	surge	encode	2	9	183191
CFrame array (packed, axis-aligned)	surge	decode	1	1	280639
CFrame array (packed, axis-aligned)	surge	decode	1	2	282486
CFrame array (packed, axis-aligned)	surge	decode	1	3	281976
CFrame array (packed, axis-aligned)	surge	decode	1	4	278739
CFrame array (packed, axis-aligned)	surge	decode	1	5	280533
CFrame array (packed, axis-aligned)	surge	decode	1	6	279582
CFrame array (packed, axis-aligned)	surge	decode	1	7	282520
CFrame array (packed, axis-aligned)	surge	decode	1	8	284713
CFrame array (packed, axis-aligned)	surge	decode	1	9	282079
CFrame array (packed, axis-aligned)	surge	decode	2	1	283502
CFrame array (packed, axis-aligned)	surge	decode	2	2	284542
CFrame array (packed, axis-aligned)	surge	decode	2	3	282412
CFrame array (packed, axis-aligned)	surge	decode	2	4	281274
CFrame array (packed, axis-aligned)	surge	decode	2	5	281694
CFrame array (packed, axis-aligned)	surge	decode	2	6	284903
CFrame array (packed, axis-aligned)	surge	decode	2	7	281619
CFrame array (packed, axis-aligned)	surge	decode	2	8	285361
CFrame array (packed, axis-aligned)	surge	decode	2	9	281147
CFrame array (packed, axis-aligned)	fbs	encode	1	1	33422
CFrame array (packed, axis-aligned)	fbs	encode	1	2	32482
CFrame array (packed, axis-aligned)	fbs	encode	1	3	33246
CFrame array (packed, axis-aligned)	fbs	encode	1	4	33489
CFrame array (packed, axis-aligned)	fbs	encode	1	5	32876
CFrame array (packed, axis-aligned)	fbs	encode	1	6	33658
CFrame array (packed, axis-aligned)	fbs	encode	1	7	32985
CFrame array (packed, axis-aligned)	fbs	encode	1	8	32908
CFrame array (packed, axis-aligned)	fbs	encode	1	9	33239
CFrame array (packed, axis-aligned)	fbs	encode	2	1	32892
CFrame array (packed, axis-aligned)	fbs	encode	2	2	32772
CFrame array (packed, axis-aligned)	fbs	encode	2	3	33114
CFrame array (packed, axis-aligned)	fbs	encode	2	4	32680
CFrame array (packed, axis-aligned)	fbs	encode	2	5	32389
CFrame array (packed, axis-aligned)	fbs	encode	2	6	33201
CFrame array (packed, axis-aligned)	fbs	encode	2	7	32643
CFrame array (packed, axis-aligned)	fbs	encode	2	8	33118
CFrame array (packed, axis-aligned)	fbs	encode	2	9	32845
CFrame array (packed, axis-aligned)	fbs	decode	1	1	113460
CFrame array (packed, axis-aligned)	fbs	decode	1	2	114548
CFrame array (packed, axis-aligned)	fbs	decode	1	3	114844
CFrame array (packed, axis-aligned)	fbs	decode	1	4	112965
CFrame array (packed, axis-aligned)	fbs	decode	1	5	114446
CFrame array (packed, axis-aligned)	fbs	decode	1	6	113893
CFrame array (packed, axis-aligned)	fbs	decode	1	7	114521
CFrame array (packed, axis-aligned)	fbs	decode	1	8	113186
CFrame array (packed, axis-aligned)	fbs	decode	1	9	114264
CFrame array (packed, axis-aligned)	fbs	decode	2	1	114425
CFrame array (packed, axis-aligned)	fbs	decode	2	2	106736
CFrame array (packed, axis-aligned)	fbs	decode	2	3	113393
CFrame array (packed, axis-aligned)	fbs	decode	2	4	113430
CFrame array (packed, axis-aligned)	fbs	decode	2	5	113570
CFrame array (packed, axis-aligned)	fbs	decode	2	6	112218
CFrame array (packed, axis-aligned)	fbs	decode	2	7	112785
CFrame array (packed, axis-aligned)	fbs	decode	2	8	112264
CFrame array (packed, axis-aligned)	fbs	decode	2	9	114157
CFrame array (packed, axis-aligned)	serio	encode	1	1	5436
CFrame array (packed, axis-aligned)	serio	encode	1	2	5577
CFrame array (packed, axis-aligned)	serio	encode	1	3	5480
CFrame array (packed, axis-aligned)	serio	encode	1	4	5538
CFrame array (packed, axis-aligned)	serio	encode	1	5	5508
CFrame array (packed, axis-aligned)	serio	encode	1	6	5511
CFrame array (packed, axis-aligned)	serio	encode	1	7	5577
CFrame array (packed, axis-aligned)	serio	encode	1	8	5440
CFrame array (packed, axis-aligned)	serio	encode	1	9	5460
CFrame array (packed, axis-aligned)	serio	encode	2	1	5516
CFrame array (packed, axis-aligned)	serio	encode	2	2	5557
CFrame array (packed, axis-aligned)	serio	encode	2	3	5493
CFrame array (packed, axis-aligned)	serio	encode	2	4	5491
CFrame array (packed, axis-aligned)	serio	encode	2	5	5587
CFrame array (packed, axis-aligned)	serio	encode	2	6	5491
CFrame array (packed, axis-aligned)	serio	encode	2	7	5539
CFrame array (packed, axis-aligned)	serio	encode	2	8	5479
CFrame array (packed, axis-aligned)	serio	encode	2	9	5473
CFrame array (packed, axis-aligned)	serio	decode	1	1	27744
CFrame array (packed, axis-aligned)	serio	decode	1	2	27307
CFrame array (packed, axis-aligned)	serio	decode	1	3	27696
CFrame array (packed, axis-aligned)	serio	decode	1	4	27895
CFrame array (packed, axis-aligned)	serio	decode	1	5	27808
CFrame array (packed, axis-aligned)	serio	decode	1	6	27299
CFrame array (packed, axis-aligned)	serio	decode	1	7	27828
CFrame array (packed, axis-aligned)	serio	decode	1	8	27376
CFrame array (packed, axis-aligned)	serio	decode	1	9	27866
CFrame array (packed, axis-aligned)	serio	decode	2	1	27324
CFrame array (packed, axis-aligned)	serio	decode	2	2	27459
CFrame array (packed, axis-aligned)	serio	decode	2	3	27587
CFrame array (packed, axis-aligned)	serio	decode	2	4	27584
CFrame array (packed, axis-aligned)	serio	decode	2	5	27714
CFrame array (packed, axis-aligned)	serio	decode	2	6	27703
CFrame array (packed, axis-aligned)	serio	decode	2	7	27814
CFrame array (packed, axis-aligned)	serio	decode	2	8	28156
CFrame array (packed, axis-aligned)	serio	decode	2	9	27406
CFrame array (packed, arbitrary)	surge	encode	1	1	146824
CFrame array (packed, arbitrary)	surge	encode	1	2	146735
CFrame array (packed, arbitrary)	surge	encode	1	3	137258
CFrame array (packed, arbitrary)	surge	encode	1	4	146886
CFrame array (packed, arbitrary)	surge	encode	1	5	146986
CFrame array (packed, arbitrary)	surge	encode	1	6	145981
CFrame array (packed, arbitrary)	surge	encode	1	7	140252
CFrame array (packed, arbitrary)	surge	encode	1	8	146574
CFrame array (packed, arbitrary)	surge	encode	1	9	143739
CFrame array (packed, arbitrary)	surge	encode	2	1	138298
CFrame array (packed, arbitrary)	surge	encode	2	2	136392
CFrame array (packed, arbitrary)	surge	encode	2	3	137069
CFrame array (packed, arbitrary)	surge	encode	2	4	139619
CFrame array (packed, arbitrary)	surge	encode	2	5	138776
CFrame array (packed, arbitrary)	surge	encode	2	6	138935
CFrame array (packed, arbitrary)	surge	encode	2	7	137339
CFrame array (packed, arbitrary)	surge	encode	2	8	137855
CFrame array (packed, arbitrary)	surge	encode	2	9	138614
CFrame array (packed, arbitrary)	surge	decode	1	1	122939
CFrame array (packed, arbitrary)	surge	decode	1	2	124675
CFrame array (packed, arbitrary)	surge	decode	1	3	122369
CFrame array (packed, arbitrary)	surge	decode	1	4	121036
CFrame array (packed, arbitrary)	surge	decode	1	5	121710
CFrame array (packed, arbitrary)	surge	decode	1	6	123756
CFrame array (packed, arbitrary)	surge	decode	1	7	116941
CFrame array (packed, arbitrary)	surge	decode	1	8	117756
CFrame array (packed, arbitrary)	surge	decode	1	9	121820
CFrame array (packed, arbitrary)	surge	decode	2	1	121427
CFrame array (packed, arbitrary)	surge	decode	2	2	123785
CFrame array (packed, arbitrary)	surge	decode	2	3	122760
CFrame array (packed, arbitrary)	surge	decode	2	4	117469
CFrame array (packed, arbitrary)	surge	decode	2	5	123363
CFrame array (packed, arbitrary)	surge	decode	2	6	118707
CFrame array (packed, arbitrary)	surge	decode	2	7	120784
CFrame array (packed, arbitrary)	surge	decode	2	8	116982
CFrame array (packed, arbitrary)	surge	decode	2	9	122305
CFrame array (packed, arbitrary)	fbs	encode	1	1	31543
CFrame array (packed, arbitrary)	fbs	encode	1	2	31743
CFrame array (packed, arbitrary)	fbs	encode	1	3	31536
CFrame array (packed, arbitrary)	fbs	encode	1	4	31996
CFrame array (packed, arbitrary)	fbs	encode	1	5	31997
CFrame array (packed, arbitrary)	fbs	encode	1	6	32069
CFrame array (packed, arbitrary)	fbs	encode	1	7	31954
CFrame array (packed, arbitrary)	fbs	encode	1	8	31639
CFrame array (packed, arbitrary)	fbs	encode	1	9	31715
CFrame array (packed, arbitrary)	fbs	encode	2	1	31055
CFrame array (packed, arbitrary)	fbs	encode	2	2	31345
CFrame array (packed, arbitrary)	fbs	encode	2	3	30737
CFrame array (packed, arbitrary)	fbs	encode	2	4	30747
CFrame array (packed, arbitrary)	fbs	encode	2	5	30808
CFrame array (packed, arbitrary)	fbs	encode	2	6	31206
CFrame array (packed, arbitrary)	fbs	encode	2	7	31162
CFrame array (packed, arbitrary)	fbs	encode	2	8	31180
CFrame array (packed, arbitrary)	fbs	encode	2	9	31414
CFrame array (packed, arbitrary)	fbs	decode	1	1	112696
CFrame array (packed, arbitrary)	fbs	decode	1	2	112319
CFrame array (packed, arbitrary)	fbs	decode	1	3	113158
CFrame array (packed, arbitrary)	fbs	decode	1	4	113739
CFrame array (packed, arbitrary)	fbs	decode	1	5	112690
CFrame array (packed, arbitrary)	fbs	decode	1	6	112634
CFrame array (packed, arbitrary)	fbs	decode	1	7	109179
CFrame array (packed, arbitrary)	fbs	decode	1	8	108541
CFrame array (packed, arbitrary)	fbs	decode	1	9	113170
CFrame array (packed, arbitrary)	fbs	decode	2	1	111729
CFrame array (packed, arbitrary)	fbs	decode	2	2	110928
CFrame array (packed, arbitrary)	fbs	decode	2	3	111787
CFrame array (packed, arbitrary)	fbs	decode	2	4	111656
CFrame array (packed, arbitrary)	fbs	decode	2	5	112516
CFrame array (packed, arbitrary)	fbs	decode	2	6	114796
CFrame array (packed, arbitrary)	fbs	decode	2	7	111463
CFrame array (packed, arbitrary)	fbs	decode	2	8	111172
CFrame array (packed, arbitrary)	fbs	decode	2	9	112796
CFrame array (packed, arbitrary)	serio	encode	1	1	5486
CFrame array (packed, arbitrary)	serio	encode	1	2	5470
CFrame array (packed, arbitrary)	serio	encode	1	3	5428
CFrame array (packed, arbitrary)	serio	encode	1	4	5444
CFrame array (packed, arbitrary)	serio	encode	1	5	5437
CFrame array (packed, arbitrary)	serio	encode	1	6	5432
CFrame array (packed, arbitrary)	serio	encode	1	7	5469
CFrame array (packed, arbitrary)	serio	encode	1	8	5448
CFrame array (packed, arbitrary)	serio	encode	1	9	5368
CFrame array (packed, arbitrary)	serio	encode	2	1	5420
CFrame array (packed, arbitrary)	serio	encode	2	2	5514
CFrame array (packed, arbitrary)	serio	encode	2	3	5429
CFrame array (packed, arbitrary)	serio	encode	2	4	5414
CFrame array (packed, arbitrary)	serio	encode	2	5	5421
CFrame array (packed, arbitrary)	serio	encode	2	6	5364
CFrame array (packed, arbitrary)	serio	encode	2	7	5506
CFrame array (packed, arbitrary)	serio	encode	2	8	5433
CFrame array (packed, arbitrary)	serio	encode	2	9	5409
CFrame array (packed, arbitrary)	serio	decode	1	1	27412
CFrame array (packed, arbitrary)	serio	decode	1	2	27750
CFrame array (packed, arbitrary)	serio	decode	1	3	28135
CFrame array (packed, arbitrary)	serio	decode	1	4	27967
CFrame array (packed, arbitrary)	serio	decode	1	5	27370
CFrame array (packed, arbitrary)	serio	decode	1	6	27938
CFrame array (packed, arbitrary)	serio	decode	1	7	26879
CFrame array (packed, arbitrary)	serio	decode	1	8	27775
CFrame array (packed, arbitrary)	serio	decode	1	9	27651
CFrame array (packed, arbitrary)	serio	decode	2	1	27584
CFrame array (packed, arbitrary)	serio	decode	2	2	27257
CFrame array (packed, arbitrary)	serio	decode	2	3	27759
CFrame array (packed, arbitrary)	serio	decode	2	4	27383
CFrame array (packed, arbitrary)	serio	decode	2	5	28053
CFrame array (packed, arbitrary)	serio	decode	2	6	27910
CFrame array (packed, arbitrary)	serio	decode	2	7	27758
CFrame array (packed, arbitrary)	serio	decode	2	8	27727
CFrame array (packed, arbitrary)	serio	decode	2	9	28201
Blink: Booleans	surge	encode	1	1	184706
Blink: Booleans	surge	encode	1	2	182227
Blink: Booleans	surge	encode	1	3	184225
Blink: Booleans	surge	encode	1	4	181082
Blink: Booleans	surge	encode	1	5	184413
Blink: Booleans	surge	encode	1	6	185958
Blink: Booleans	surge	encode	1	7	184977
Blink: Booleans	surge	encode	1	8	183688
Blink: Booleans	surge	encode	1	9	182489
Blink: Booleans	surge	encode	2	1	202445
Blink: Booleans	surge	encode	2	2	206033
Blink: Booleans	surge	encode	2	3	202375
Blink: Booleans	surge	encode	2	4	210456
Blink: Booleans	surge	encode	2	5	207299
Blink: Booleans	surge	encode	2	6	204361
Blink: Booleans	surge	encode	2	7	210102
Blink: Booleans	surge	encode	2	8	209166
Blink: Booleans	surge	encode	2	9	207405
Blink: Booleans	surge	decode	1	1	116556
Blink: Booleans	surge	decode	1	2	119229
Blink: Booleans	surge	decode	1	3	120598
Blink: Booleans	surge	decode	1	4	108291
Blink: Booleans	surge	decode	1	5	120916
Blink: Booleans	surge	decode	1	6	118220
Blink: Booleans	surge	decode	1	7	120249
Blink: Booleans	surge	decode	1	8	120798
Blink: Booleans	surge	decode	1	9	122462
Blink: Booleans	surge	decode	2	1	117977
Blink: Booleans	surge	decode	2	2	120647
Blink: Booleans	surge	decode	2	3	119866
Blink: Booleans	surge	decode	2	4	113643
Blink: Booleans	surge	decode	2	5	118659
Blink: Booleans	surge	decode	2	6	119980
Blink: Booleans	surge	decode	2	7	117487
Blink: Booleans	surge	decode	2	8	119923
Blink: Booleans	surge	decode	2	9	120761
Blink: Booleans	fbs	encode	1	1	53573
Blink: Booleans	fbs	encode	1	2	53930
Blink: Booleans	fbs	encode	1	3	53034
Blink: Booleans	fbs	encode	1	4	53901
Blink: Booleans	fbs	encode	1	5	53429
Blink: Booleans	fbs	encode	1	6	53280
Blink: Booleans	fbs	encode	1	7	53954
Blink: Booleans	fbs	encode	1	8	53312
Blink: Booleans	fbs	encode	1	9	54020
Blink: Booleans	fbs	encode	2	1	51982
Blink: Booleans	fbs	encode	2	2	52579
Blink: Booleans	fbs	encode	2	3	52881
Blink: Booleans	fbs	encode	2	4	52831
Blink: Booleans	fbs	encode	2	5	53341
Blink: Booleans	fbs	encode	2	6	53336
Blink: Booleans	fbs	encode	2	7	52610
Blink: Booleans	fbs	encode	2	8	53528
Blink: Booleans	fbs	encode	2	9	53060
Blink: Booleans	fbs	decode	1	1	41806
Blink: Booleans	fbs	decode	1	2	41334
Blink: Booleans	fbs	decode	1	3	41634
Blink: Booleans	fbs	decode	1	4	41422
Blink: Booleans	fbs	decode	1	5	40967
Blink: Booleans	fbs	decode	1	6	42166
Blink: Booleans	fbs	decode	1	7	41804
Blink: Booleans	fbs	decode	1	8	41191
Blink: Booleans	fbs	decode	1	9	41088
Blink: Booleans	fbs	decode	2	1	41375
Blink: Booleans	fbs	decode	2	2	41170
Blink: Booleans	fbs	decode	2	3	40963
Blink: Booleans	fbs	decode	2	4	41172
Blink: Booleans	fbs	decode	2	5	41448
Blink: Booleans	fbs	decode	2	6	41235
Blink: Booleans	fbs	decode	2	7	41187
Blink: Booleans	fbs	decode	2	8	41112
Blink: Booleans	fbs	decode	2	9	41171
Blink: Booleans	serio	encode	1	1	10406
Blink: Booleans	serio	encode	1	2	10391
Blink: Booleans	serio	encode	1	3	10397
Blink: Booleans	serio	encode	1	4	10353
Blink: Booleans	serio	encode	1	5	10403
Blink: Booleans	serio	encode	1	6	10402
Blink: Booleans	serio	encode	1	7	10384
Blink: Booleans	serio	encode	1	8	10336
Blink: Booleans	serio	encode	1	9	10420
Blink: Booleans	serio	encode	2	1	10351
Blink: Booleans	serio	encode	2	2	10382
Blink: Booleans	serio	encode	2	3	10350
Blink: Booleans	serio	encode	2	4	10362
Blink: Booleans	serio	encode	2	5	10375
Blink: Booleans	serio	encode	2	6	10386
Blink: Booleans	serio	encode	2	7	10363
Blink: Booleans	serio	encode	2	8	10455
Blink: Booleans	serio	encode	2	9	10362
Blink: Booleans	serio	decode	1	1	12685
Blink: Booleans	serio	decode	1	2	12584
Blink: Booleans	serio	decode	1	3	12465
Blink: Booleans	serio	decode	1	4	12608
Blink: Booleans	serio	decode	1	5	12587
Blink: Booleans	serio	decode	1	6	12661
Blink: Booleans	serio	decode	1	7	12626
Blink: Booleans	serio	decode	1	8	12556
Blink: Booleans	serio	decode	1	9	12437
Blink: Booleans	serio	decode	2	1	12629
Blink: Booleans	serio	decode	2	2	12676
Blink: Booleans	serio	decode	2	3	12637
Blink: Booleans	serio	decode	2	4	12625
Blink: Booleans	serio	decode	2	5	12625
Blink: Booleans	serio	decode	2	6	12617
Blink: Booleans	serio	decode	2	7	12569
Blink: Booleans	serio	decode	2	8	12629
Blink: Booleans	serio	decode	2	9	12595
Blink: Booleans	flamework2	encode	1	1	151058
Blink: Booleans	flamework2	encode	1	2	147763
Blink: Booleans	flamework2	encode	1	3	149513
Blink: Booleans	flamework2	encode	1	4	148403
Blink: Booleans	flamework2	encode	1	5	152396
Blink: Booleans	flamework2	encode	1	6	149265
Blink: Booleans	flamework2	encode	1	7	150637
Blink: Booleans	flamework2	encode	1	8	148402
Blink: Booleans	flamework2	encode	1	9	149948
Blink: Booleans	flamework2	encode	2	1	148817
Blink: Booleans	flamework2	encode	2	2	146425
Blink: Booleans	flamework2	encode	2	3	147035
Blink: Booleans	flamework2	encode	2	4	147545
Blink: Booleans	flamework2	encode	2	5	148457
Blink: Booleans	flamework2	encode	2	6	147660
Blink: Booleans	flamework2	encode	2	7	145382
Blink: Booleans	flamework2	encode	2	8	146809
Blink: Booleans	flamework2	encode	2	9	146968
Blink: Booleans	flamework2	decode	1	1	115448
Blink: Booleans	flamework2	decode	1	2	119622
Blink: Booleans	flamework2	decode	1	3	98169
Blink: Booleans	flamework2	decode	1	4	119297
Blink: Booleans	flamework2	decode	1	5	119247
Blink: Booleans	flamework2	decode	1	6	116107
Blink: Booleans	flamework2	decode	1	7	116253
Blink: Booleans	flamework2	decode	1	8	120203
Blink: Booleans	flamework2	decode	1	9	119451
Blink: Booleans	flamework2	decode	2	1	115876
Blink: Booleans	flamework2	decode	2	2	115071
Blink: Booleans	flamework2	decode	2	3	93646
Blink: Booleans	flamework2	decode	2	4	116068
Blink: Booleans	flamework2	decode	2	5	114881
Blink: Booleans	flamework2	decode	2	6	115313
Blink: Booleans	flamework2	decode	2	7	117519
Blink: Booleans	flamework2	decode	2	8	117533
Blink: Booleans	flamework2	decode	2	9	118066
Blink: Booleans	blink	encode	1	1	119533
Blink: Booleans	blink	encode	1	2	123514
Blink: Booleans	blink	encode	1	3	121590
Blink: Booleans	blink	encode	1	4	117775
Blink: Booleans	blink	encode	1	5	122175
Blink: Booleans	blink	encode	1	6	118328
Blink: Booleans	blink	encode	1	7	122314
Blink: Booleans	blink	encode	1	8	121362
Blink: Booleans	blink	encode	1	9	119678
Blink: Booleans	blink	encode	2	1	96268
Blink: Booleans	blink	encode	2	2	95594
Blink: Booleans	blink	encode	2	3	96020
Blink: Booleans	blink	encode	2	4	96036
Blink: Booleans	blink	encode	2	5	95633
Blink: Booleans	blink	encode	2	6	95399
Blink: Booleans	blink	encode	2	7	95466
Blink: Booleans	blink	encode	2	8	96003
Blink: Booleans	blink	encode	2	9	95866
Blink: Booleans	blink	decode	1	1	76148
Blink: Booleans	blink	decode	1	2	74551
Blink: Booleans	blink	decode	1	3	64764
Blink: Booleans	blink	decode	1	4	76350
Blink: Booleans	blink	decode	1	5	74666
Blink: Booleans	blink	decode	1	6	76404
Blink: Booleans	blink	decode	1	7	75221
Blink: Booleans	blink	decode	1	8	75171
Blink: Booleans	blink	decode	1	9	74740
Blink: Booleans	blink	decode	2	1	77039
Blink: Booleans	blink	decode	2	2	77558
Blink: Booleans	blink	decode	2	3	65776
Blink: Booleans	blink	decode	2	4	78248
Blink: Booleans	blink	decode	2	5	77291
Blink: Booleans	blink	decode	2	6	77134
Blink: Booleans	blink	decode	2	7	76193
Blink: Booleans	blink	decode	2	8	77252
Blink: Booleans	blink	decode	2	9	76955
Blink: Entities	surge	encode	1	1	554040
Blink: Entities	surge	encode	1	2	550794
Blink: Entities	surge	encode	1	3	551175
Blink: Entities	surge	encode	1	4	555982
Blink: Entities	surge	encode	1	5	554241
Blink: Entities	surge	encode	1	6	556073
Blink: Entities	surge	encode	1	7	552834
Blink: Entities	surge	encode	1	8	554345
Blink: Entities	surge	encode	1	9	551126
Blink: Entities	surge	encode	2	1	529755
Blink: Entities	surge	encode	2	2	524176
Blink: Entities	surge	encode	2	3	528947
Blink: Entities	surge	encode	2	4	532845
Blink: Entities	surge	encode	2	5	531122
Blink: Entities	surge	encode	2	6	535125
Blink: Entities	surge	encode	2	7	529025
Blink: Entities	surge	encode	2	8	530481
Blink: Entities	surge	encode	2	9	528148
Blink: Entities	surge	decode	1	1	69787
Blink: Entities	surge	decode	1	2	69779
Blink: Entities	surge	decode	1	3	66548
Blink: Entities	surge	decode	1	4	69001
Blink: Entities	surge	decode	1	5	67430
Blink: Entities	surge	decode	1	6	68575
Blink: Entities	surge	decode	1	7	69504
Blink: Entities	surge	decode	1	8	66699
Blink: Entities	surge	decode	1	9	69994
Blink: Entities	surge	decode	2	1	68808
Blink: Entities	surge	decode	2	2	67390
Blink: Entities	surge	decode	2	3	61981
Blink: Entities	surge	decode	2	4	68397
Blink: Entities	surge	decode	2	5	68312
Blink: Entities	surge	decode	2	6	67949
Blink: Entities	surge	decode	2	7	67607
Blink: Entities	surge	decode	2	8	67125
Blink: Entities	surge	decode	2	9	68260
Blink: Entities	fbs	encode	1	1	80477
Blink: Entities	fbs	encode	1	2	82114
Blink: Entities	fbs	encode	1	3	82938
Blink: Entities	fbs	encode	1	4	82625
Blink: Entities	fbs	encode	1	5	81848
Blink: Entities	fbs	encode	1	6	83212
Blink: Entities	fbs	encode	1	7	82910
Blink: Entities	fbs	encode	1	8	82786
Blink: Entities	fbs	encode	1	9	82331
Blink: Entities	fbs	encode	2	1	75291
Blink: Entities	fbs	encode	2	2	76854
Blink: Entities	fbs	encode	2	3	75269
Blink: Entities	fbs	encode	2	4	75814
Blink: Entities	fbs	encode	2	5	75470
Blink: Entities	fbs	encode	2	6	75632
Blink: Entities	fbs	encode	2	7	76166
Blink: Entities	fbs	encode	2	8	75579
Blink: Entities	fbs	encode	2	9	76882
Blink: Entities	fbs	decode	1	1	36967
Blink: Entities	fbs	decode	1	2	37399
Blink: Entities	fbs	decode	1	3	37491
Blink: Entities	fbs	decode	1	4	37082
Blink: Entities	fbs	decode	1	5	37154
Blink: Entities	fbs	decode	1	6	37105
Blink: Entities	fbs	decode	1	7	36747
Blink: Entities	fbs	decode	1	8	36733
Blink: Entities	fbs	decode	1	9	36592
Blink: Entities	fbs	decode	2	1	37201
Blink: Entities	fbs	decode	2	2	36726
Blink: Entities	fbs	decode	2	3	34213
Blink: Entities	fbs	decode	2	4	37121
Blink: Entities	fbs	decode	2	5	36764
Blink: Entities	fbs	decode	2	6	36722
Blink: Entities	fbs	decode	2	7	36948
Blink: Entities	fbs	decode	2	8	36933
Blink: Entities	fbs	decode	2	9	37026
Blink: Entities	serio	encode	1	1	11171
Blink: Entities	serio	encode	1	2	11113
Blink: Entities	serio	encode	1	3	11275
Blink: Entities	serio	encode	1	4	11240
Blink: Entities	serio	encode	1	5	11194
Blink: Entities	serio	encode	1	6	11186
Blink: Entities	serio	encode	1	7	11135
Blink: Entities	serio	encode	1	8	11227
Blink: Entities	serio	encode	1	9	11280
Blink: Entities	serio	encode	2	1	11187
Blink: Entities	serio	encode	2	2	11182
Blink: Entities	serio	encode	2	3	11249
Blink: Entities	serio	encode	2	4	11133
Blink: Entities	serio	encode	2	5	11179
Blink: Entities	serio	encode	2	6	11163
Blink: Entities	serio	encode	2	7	11129
Blink: Entities	serio	encode	2	8	11170
Blink: Entities	serio	encode	2	9	11173
Blink: Entities	serio	decode	1	1	22467
Blink: Entities	serio	decode	1	2	22422
Blink: Entities	serio	decode	1	3	22495
Blink: Entities	serio	decode	1	4	22303
Blink: Entities	serio	decode	1	5	22244
Blink: Entities	serio	decode	1	6	22339
Blink: Entities	serio	decode	1	7	22463
Blink: Entities	serio	decode	1	8	22511
Blink: Entities	serio	decode	1	9	22423
Blink: Entities	serio	decode	2	1	22176
Blink: Entities	serio	decode	2	2	22317
Blink: Entities	serio	decode	2	3	21508
Blink: Entities	serio	decode	2	4	22455
Blink: Entities	serio	decode	2	5	22488
Blink: Entities	serio	decode	2	6	22568
Blink: Entities	serio	decode	2	7	22408
Blink: Entities	serio	decode	2	8	22567
Blink: Entities	serio	decode	2	9	22570
Blink: Entities	flamework2	encode	1	1	501335
Blink: Entities	flamework2	encode	1	2	506272
Blink: Entities	flamework2	encode	1	3	500022
Blink: Entities	flamework2	encode	1	4	496564
Blink: Entities	flamework2	encode	1	5	501347
Blink: Entities	flamework2	encode	1	6	503176
Blink: Entities	flamework2	encode	1	7	496614
Blink: Entities	flamework2	encode	1	8	496866
Blink: Entities	flamework2	encode	1	9	501019
Blink: Entities	flamework2	encode	2	1	487144
Blink: Entities	flamework2	encode	2	2	480481
Blink: Entities	flamework2	encode	2	3	482553
Blink: Entities	flamework2	encode	2	4	484687
Blink: Entities	flamework2	encode	2	5	479437
Blink: Entities	flamework2	encode	2	6	481145
Blink: Entities	flamework2	encode	2	7	474866
Blink: Entities	flamework2	encode	2	8	481107
Blink: Entities	flamework2	encode	2	9	482833
Blink: Entities	flamework2	decode	1	1	70560
Blink: Entities	flamework2	decode	1	2	70629
Blink: Entities	flamework2	decode	1	3	69614
Blink: Entities	flamework2	decode	1	4	68911
Blink: Entities	flamework2	decode	1	5	69464
Blink: Entities	flamework2	decode	1	6	69115
Blink: Entities	flamework2	decode	1	7	67471
Blink: Entities	flamework2	decode	1	8	68724
Blink: Entities	flamework2	decode	1	9	69047
Blink: Entities	flamework2	decode	2	1	67633
Blink: Entities	flamework2	decode	2	2	67487
Blink: Entities	flamework2	decode	2	3	59945
Blink: Entities	flamework2	decode	2	4	66976
Blink: Entities	flamework2	decode	2	5	67054
Blink: Entities	flamework2	decode	2	6	67376
Blink: Entities	flamework2	decode	2	7	65317
Blink: Entities	flamework2	decode	2	8	65973
Blink: Entities	flamework2	decode	2	9	66214
Blink: Entities	blink	encode	1	1	318046
Blink: Entities	blink	encode	1	2	317077
Blink: Entities	blink	encode	1	3	314777
Blink: Entities	blink	encode	1	4	317978
Blink: Entities	blink	encode	1	5	313937
Blink: Entities	blink	encode	1	6	315787
Blink: Entities	blink	encode	1	7	310162
Blink: Entities	blink	encode	1	8	318175
Blink: Entities	blink	encode	1	9	312730
Blink: Entities	blink	encode	2	1	309915
Blink: Entities	blink	encode	2	2	311605
Blink: Entities	blink	encode	2	3	308347
Blink: Entities	blink	encode	2	4	307390
Blink: Entities	blink	encode	2	5	309863
Blink: Entities	blink	encode	2	6	309552
Blink: Entities	blink	encode	2	7	295567
Blink: Entities	blink	encode	2	8	307120
Blink: Entities	blink	encode	2	9	305340
Blink: Entities	blink	decode	1	1	38433
Blink: Entities	blink	decode	1	2	38679
Blink: Entities	blink	decode	1	3	38600
Blink: Entities	blink	decode	1	4	39044
Blink: Entities	blink	decode	1	5	38938
Blink: Entities	blink	decode	1	6	38546
Blink: Entities	blink	decode	1	7	38961
Blink: Entities	blink	decode	1	8	38723
Blink: Entities	blink	decode	1	9	38700
Blink: Entities	blink	decode	2	1	39415
Blink: Entities	blink	decode	2	2	36495
Blink: Entities	blink	decode	2	3	38782
Blink: Entities	blink	decode	2	4	39610
Blink: Entities	blink	decode	2	5	39875
Blink: Entities	blink	decode	2	6	39469
Blink: Entities	blink	decode	2	7	38741
Blink: Entities	blink	decode	2	8	39560
Blink: Entities	blink	decode	2	9	39031
