# Trials behind speed.md. Written by `mise run bench:speed`; do not edit by hand.
# Date: 2026-10-07
# Roblox: 0.741.19.7411056
# Machine: 12th Gen Intel(R) Core(TM) i9-12900KF, 16 threads, win32 10.0.26200
# Runs: 2, back to back
# surge: f0a321f
# rbxts-transformer-surge: a566bd2
# roblox-ts: 3.0.0
# @rbxts/flamework-binary-serializer: 0.7.0
# @rbxts/serio: 1.2.7
# Blink: 0.18.8
# Method: 9 trials per cell, each at least 0.2 seconds of calls after 0.1 seconds of warm-up calls, timed in chunks of 250 calls so that the yields between chunks are not in the time; within a row the libraries take turns, one trial each, and 3 idle frames separate one row from the next
fixture	library	half	run	trial	rate
small flat struct	surge	encode	1	1	6084772
small flat struct	surge	encode	1	2	6127304
small flat struct	surge	encode	1	3	5761155
small flat struct	surge	encode	1	4	5894508
small flat struct	surge	encode	1	5	6086140
small flat struct	surge	encode	1	6	5936693
small flat struct	surge	encode	1	7	5888082
small flat struct	surge	encode	1	8	5972482
small flat struct	surge	encode	1	9	6047258
small flat struct	surge	encode	2	1	5949974
small flat struct	surge	encode	2	2	5585753
small flat struct	surge	encode	2	3	5690103
small flat struct	surge	encode	2	4	5882994
small flat struct	surge	encode	2	5	5822468
small flat struct	surge	encode	2	6	5839819
small flat struct	surge	encode	2	7	5755027
small flat struct	surge	encode	2	8	5823873
small flat struct	surge	encode	2	9	5787650
small flat struct	surge	decode	1	1	5720967
small flat struct	surge	decode	1	2	5693431
small flat struct	surge	decode	1	3	5712093
small flat struct	surge	decode	1	4	5737384
small flat struct	surge	decode	1	5	5636987
small flat struct	surge	decode	1	6	5636717
small flat struct	surge	decode	1	7	5787347
small flat struct	surge	decode	1	8	5614856
small flat struct	surge	decode	1	9	5619758
small flat struct	surge	decode	2	1	5487366
small flat struct	surge	decode	2	2	5666701
small flat struct	surge	decode	2	3	5582430
small flat struct	surge	decode	2	4	5532033
small flat struct	surge	decode	2	5	5580441
small flat struct	surge	decode	2	6	5481713
small flat struct	surge	decode	2	7	5714971
small flat struct	surge	decode	2	8	5580000
small flat struct	surge	decode	2	9	5592318
small flat struct	fbs	encode	1	1	2499991
small flat struct	fbs	encode	1	2	2526753
small flat struct	fbs	encode	1	3	2430537
small flat struct	fbs	encode	1	4	2525684
small flat struct	fbs	encode	1	5	2519948
small flat struct	fbs	encode	1	6	2478641
small flat struct	fbs	encode	1	7	2516144
small flat struct	fbs	encode	1	8	2523013
small flat struct	fbs	encode	1	9	2498183
small flat struct	fbs	encode	2	1	2482908
small flat struct	fbs	encode	2	2	2268346
small flat struct	fbs	encode	2	3	2375023
small flat struct	fbs	encode	2	4	2423881
small flat struct	fbs	encode	2	5	2415734
small flat struct	fbs	encode	2	6	2434101
small flat struct	fbs	encode	2	7	2445709
small flat struct	fbs	encode	2	8	2383632
small flat struct	fbs	encode	2	9	2454694
small flat struct	fbs	decode	1	1	3458007
small flat struct	fbs	decode	1	2	3404527
small flat struct	fbs	decode	1	3	3461546
small flat struct	fbs	decode	1	4	3405794
small flat struct	fbs	decode	1	5	3392484
small flat struct	fbs	decode	1	6	3487812
small flat struct	fbs	decode	1	7	3422532
small flat struct	fbs	decode	1	8	3422759
small flat struct	fbs	decode	1	9	3491896
small flat struct	fbs	decode	2	1	3442117
small flat struct	fbs	decode	2	2	3404842
small flat struct	fbs	decode	2	3	3396948
small flat struct	fbs	decode	2	4	3439659
small flat struct	fbs	decode	2	5	3266134
small flat struct	fbs	decode	2	6	3306358
small flat struct	fbs	decode	2	7	3328452
small flat struct	fbs	decode	2	8	3438043
small flat struct	fbs	decode	2	9	3349173
small flat struct	serio	encode	1	1	843479
small flat struct	serio	encode	1	2	845776
small flat struct	serio	encode	1	3	823548
small flat struct	serio	encode	1	4	842697
small flat struct	serio	encode	1	5	845259
small flat struct	serio	encode	1	6	852451
small flat struct	serio	encode	1	7	847609
small flat struct	serio	encode	1	8	847501
small flat struct	serio	encode	1	9	836794
small flat struct	serio	encode	2	1	825210
small flat struct	serio	encode	2	2	819000
small flat struct	serio	encode	2	3	832075
small flat struct	serio	encode	2	4	832489
small flat struct	serio	encode	2	5	835929
small flat struct	serio	encode	2	6	840684
small flat struct	serio	encode	2	7	837221
small flat struct	serio	encode	2	8	841387
small flat struct	serio	encode	2	9	828699
small flat struct	serio	decode	1	1	1613909
small flat struct	serio	decode	1	2	1636588
small flat struct	serio	decode	1	3	1634475
small flat struct	serio	decode	1	4	1652559
small flat struct	serio	decode	1	5	1644447
small flat struct	serio	decode	1	6	1626024
small flat struct	serio	decode	1	7	1640839
small flat struct	serio	decode	1	8	1636860
small flat struct	serio	decode	1	9	1626848
small flat struct	serio	decode	2	1	1624471
small flat struct	serio	decode	2	2	1632095
small flat struct	serio	decode	2	3	1644982
small flat struct	serio	decode	2	4	1622221
small flat struct	serio	decode	2	5	1646183
small flat struct	serio	decode	2	6	1634739
small flat struct	serio	decode	2	7	1638748
small flat struct	serio	decode	2	8	1607744
small flat struct	serio	decode	2	9	1614612
small flat struct	blink	encode	1	1	2649950
small flat struct	blink	encode	1	2	2357393
small flat struct	blink	encode	1	3	2540643
small flat struct	blink	encode	1	4	2682214
small flat struct	blink	encode	1	5	2669941
small flat struct	blink	encode	1	6	2726255
small flat struct	blink	encode	1	7	2650888
small flat struct	blink	encode	1	8	2709487
small flat struct	blink	encode	1	9	2685393
small flat struct	blink	encode	2	1	2614834
small flat struct	blink	encode	2	2	2467970
small flat struct	blink	encode	2	3	2559846
small flat struct	blink	encode	2	4	2563616
small flat struct	blink	encode	2	5	2628001
small flat struct	blink	encode	2	6	2568938
small flat struct	blink	encode	2	7	2583667
small flat struct	blink	encode	2	8	2508907
small flat struct	blink	encode	2	9	2600758
small flat struct	blink	decode	1	1	3351798
small flat struct	blink	decode	1	2	3315894
small flat struct	blink	decode	1	3	3300565
small flat struct	blink	decode	1	4	3286892
small flat struct	blink	decode	1	5	3374074
small flat struct	blink	decode	1	6	3383927
small flat struct	blink	decode	1	7	3391293
small flat struct	blink	decode	1	8	3417286
small flat struct	blink	decode	1	9	3394878
small flat struct	blink	decode	2	1	3323139
small flat struct	blink	decode	2	2	3367355
small flat struct	blink	decode	2	3	3295767
small flat struct	blink	decode	2	4	3357069
small flat struct	blink	decode	2	5	3289998
small flat struct	blink	decode	2	6	3362966
small flat struct	blink	decode	2	7	3350248
small flat struct	blink	decode	2	8	3360022
small flat struct	blink	decode	2	9	3354566
small flat struct	baseline	encode	1	1	6186015
small flat struct	baseline	encode	1	2	5452459
small flat struct	baseline	encode	1	3	6040990
small flat struct	baseline	encode	1	4	6142650
small flat struct	baseline	encode	1	5	6081025
small flat struct	baseline	encode	1	6	6221725
small flat struct	baseline	encode	1	7	6171513
small flat struct	baseline	encode	1	8	6163109
small flat struct	baseline	encode	1	9	6182461
small flat struct	baseline	encode	2	1	6014961
small flat struct	baseline	encode	2	2	5695732
small flat struct	baseline	encode	2	3	6051804
small flat struct	baseline	encode	2	4	6101073
small flat struct	baseline	encode	2	5	6049253
small flat struct	baseline	encode	2	6	6209391
small flat struct	baseline	encode	2	7	6074472
small flat struct	baseline	encode	2	8	6035686
small flat struct	baseline	encode	2	9	6059131
small flat struct	baseline	decode	1	1	5619329
small flat struct	baseline	decode	1	2	5748571
small flat struct	baseline	decode	1	3	5729610
small flat struct	baseline	decode	1	4	5723647
small flat struct	baseline	decode	1	5	5672956
small flat struct	baseline	decode	1	6	5513042
small flat struct	baseline	decode	1	7	5554189
small flat struct	baseline	decode	1	8	5636154
small flat struct	baseline	decode	1	9	5583328
small flat struct	baseline	decode	2	1	5442115
small flat struct	baseline	decode	2	2	5478852
small flat struct	baseline	decode	2	3	5540912
small flat struct	baseline	decode	2	4	5420740
small flat struct	baseline	decode	2	5	5551237
small flat struct	baseline	decode	2	6	5503175
small flat struct	baseline	decode	2	7	5541347
small flat struct	baseline	decode	2	8	5556783
small flat struct	baseline	decode	2	9	5545532
deeply nested object	surge	encode	1	1	4536638
deeply nested object	surge	encode	1	2	4331952
deeply nested object	surge	encode	1	3	4505898
deeply nested object	surge	encode	1	4	4581066
deeply nested object	surge	encode	1	5	4628375
deeply nested object	surge	encode	1	6	4563563
deeply nested object	surge	encode	1	7	4459815
deeply nested object	surge	encode	1	8	4581588
deeply nested object	surge	encode	1	9	4609145
deeply nested object	surge	encode	2	1	4579716
deeply nested object	surge	encode	2	2	4547520
deeply nested object	surge	encode	2	3	4574840
deeply nested object	surge	encode	2	4	4348965
deeply nested object	surge	encode	2	5	4621430
deeply nested object	surge	encode	2	6	4684192
deeply nested object	surge	encode	2	7	4613063
deeply nested object	surge	encode	2	8	4662388
deeply nested object	surge	encode	2	9	4422078
deeply nested object	surge	decode	1	1	2707006
deeply nested object	surge	decode	1	2	2732280
deeply nested object	surge	decode	1	3	2759847
deeply nested object	surge	decode	1	4	2736117
deeply nested object	surge	decode	1	5	2745436
deeply nested object	surge	decode	1	6	2711035
deeply nested object	surge	decode	1	7	2739110
deeply nested object	surge	decode	1	8	2714669
deeply nested object	surge	decode	1	9	2464620
deeply nested object	surge	decode	2	1	2661703
deeply nested object	surge	decode	2	2	2631362
deeply nested object	surge	decode	2	3	2656694
deeply nested object	surge	decode	2	4	2642279
deeply nested object	surge	decode	2	5	2695420
deeply nested object	surge	decode	2	6	2586481
deeply nested object	surge	decode	2	7	2669105
deeply nested object	surge	decode	2	8	2685236
deeply nested object	surge	decode	2	9	2649947
deeply nested object	fbs	encode	1	1	1838633
deeply nested object	fbs	encode	1	2	1777945
deeply nested object	fbs	encode	1	3	1849963
deeply nested object	fbs	encode	1	4	1810016
deeply nested object	fbs	encode	1	5	1854698
deeply nested object	fbs	encode	1	6	1818135
deeply nested object	fbs	encode	1	7	1799578
deeply nested object	fbs	encode	1	8	1794255
deeply nested object	fbs	encode	1	9	1832059
deeply nested object	fbs	encode	2	1	1781820
deeply nested object	fbs	encode	2	2	1754173
deeply nested object	fbs	encode	2	3	1782228
deeply nested object	fbs	encode	2	4	1773195
deeply nested object	fbs	encode	2	5	1770898
deeply nested object	fbs	encode	2	6	1781002
deeply nested object	fbs	encode	2	7	1773120
deeply nested object	fbs	encode	2	8	1781203
deeply nested object	fbs	encode	2	9	1736246
deeply nested object	fbs	decode	1	1	1581162
deeply nested object	fbs	decode	1	2	1579979
deeply nested object	fbs	decode	1	3	1587194
deeply nested object	fbs	decode	1	4	1580933
deeply nested object	fbs	decode	1	5	1573350
deeply nested object	fbs	decode	1	6	1567689
deeply nested object	fbs	decode	1	7	1573328
deeply nested object	fbs	decode	1	8	1592486
deeply nested object	fbs	decode	1	9	1497352
deeply nested object	fbs	decode	2	1	1564537
deeply nested object	fbs	decode	2	2	1589001
deeply nested object	fbs	decode	2	3	1566231
deeply nested object	fbs	decode	2	4	1557376
deeply nested object	fbs	decode	2	5	1559597
deeply nested object	fbs	decode	2	6	1579115
deeply nested object	fbs	decode	2	7	1543342
deeply nested object	fbs	decode	2	8	1431561
deeply nested object	fbs	decode	2	9	1584095
deeply nested object	serio	encode	1	1	471603
deeply nested object	serio	encode	1	2	463545
deeply nested object	serio	encode	1	3	475424
deeply nested object	serio	encode	1	4	480191
deeply nested object	serio	encode	1	5	475309
deeply nested object	serio	encode	1	6	478181
deeply nested object	serio	encode	1	7	479095
deeply nested object	serio	encode	1	8	474998
deeply nested object	serio	encode	1	9	472404
deeply nested object	serio	encode	2	1	466883
deeply nested object	serio	encode	2	2	475862
deeply nested object	serio	encode	2	3	461643
deeply nested object	serio	encode	2	4	466165
deeply nested object	serio	encode	2	5	479188
deeply nested object	serio	encode	2	6	474059
deeply nested object	serio	encode	2	7	479869
deeply nested object	serio	encode	2	8	479441
deeply nested object	serio	encode	2	9	455500
deeply nested object	serio	decode	1	1	728413
deeply nested object	serio	decode	1	2	730102
deeply nested object	serio	decode	1	3	727006
deeply nested object	serio	decode	1	4	731178
deeply nested object	serio	decode	1	5	731484
deeply nested object	serio	decode	1	6	731934
deeply nested object	serio	decode	1	7	735701
deeply nested object	serio	decode	1	8	709458
deeply nested object	serio	decode	1	9	700837
deeply nested object	serio	decode	2	1	743369
deeply nested object	serio	decode	2	2	742909
deeply nested object	serio	decode	2	3	740993
deeply nested object	serio	decode	2	4	743558
deeply nested object	serio	decode	2	5	743560
deeply nested object	serio	decode	2	6	736979
deeply nested object	serio	decode	2	7	740697
deeply nested object	serio	decode	2	8	700485
deeply nested object	serio	decode	2	9	740755
deeply nested object	blink	encode	1	1	2000700
deeply nested object	blink	encode	1	2	2142881
deeply nested object	blink	encode	1	3	2147284
deeply nested object	blink	encode	1	4	2149993
deeply nested object	blink	encode	1	5	2126849
deeply nested object	blink	encode	1	6	2150662
deeply nested object	blink	encode	1	7	2109234
deeply nested object	blink	encode	1	8	2135212
deeply nested object	blink	encode	1	9	2116955
deeply nested object	blink	encode	2	1	2133006
deeply nested object	blink	encode	2	2	2100601
deeply nested object	blink	encode	2	3	2122087
deeply nested object	blink	encode	2	4	2109627
deeply nested object	blink	encode	2	5	2167085
deeply nested object	blink	encode	2	6	2142593
deeply nested object	blink	encode	2	7	2137994
deeply nested object	blink	encode	2	8	2145163
deeply nested object	blink	encode	2	9	2071074
deeply nested object	blink	decode	1	1	1634595
deeply nested object	blink	decode	1	2	1652378
deeply nested object	blink	decode	1	3	1636741
deeply nested object	blink	decode	1	4	1616504
deeply nested object	blink	decode	1	5	1656947
deeply nested object	blink	decode	1	6	1624459
deeply nested object	blink	decode	1	7	1674956
deeply nested object	blink	decode	1	8	1564901
deeply nested object	blink	decode	1	9	1632825
deeply nested object	blink	decode	2	1	1631003
deeply nested object	blink	decode	2	2	1638673
deeply nested object	blink	decode	2	3	1653435
deeply nested object	blink	decode	2	4	1654653
deeply nested object	blink	decode	2	5	1661797
deeply nested object	blink	decode	2	6	1647191
deeply nested object	blink	decode	2	7	1671723
deeply nested object	blink	decode	2	8	1590409
deeply nested object	blink	decode	2	9	1615450
deeply nested object	baseline	encode	1	1	4316947
deeply nested object	baseline	encode	1	2	4550711
deeply nested object	baseline	encode	1	3	4490801
deeply nested object	baseline	encode	1	4	4533651
deeply nested object	baseline	encode	1	5	4589725
deeply nested object	baseline	encode	1	6	4460349
deeply nested object	baseline	encode	1	7	4534862
deeply nested object	baseline	encode	1	8	4573396
deeply nested object	baseline	encode	1	9	4591334
deeply nested object	baseline	encode	2	1	4616752
deeply nested object	baseline	encode	2	2	4518332
deeply nested object	baseline	encode	2	3	4595356
deeply nested object	baseline	encode	2	4	4560906
deeply nested object	baseline	encode	2	5	4678423
deeply nested object	baseline	encode	2	6	4661283
deeply nested object	baseline	encode	2	7	4616132
deeply nested object	baseline	encode	2	8	4654393
deeply nested object	baseline	encode	2	9	4370741
deeply nested object	baseline	decode	1	1	2683802
deeply nested object	baseline	decode	1	2	2669085
deeply nested object	baseline	decode	1	3	2642748
deeply nested object	baseline	decode	1	4	2648003
deeply nested object	baseline	decode	1	5	2593260
deeply nested object	baseline	decode	1	6	2597780
deeply nested object	baseline	decode	1	7	2622251
deeply nested object	baseline	decode	1	8	2467659
deeply nested object	baseline	decode	1	9	2676006
deeply nested object	baseline	decode	2	1	2600679
deeply nested object	baseline	decode	2	2	2665290
deeply nested object	baseline	decode	2	3	2620574
deeply nested object	baseline	decode	2	4	2674472
deeply nested object	baseline	decode	2	5	2671247
deeply nested object	baseline	decode	2	6	2658616
deeply nested object	baseline	decode	2	7	2672539
deeply nested object	baseline	decode	2	8	2658196
deeply nested object	baseline	decode	2	9	2674313
wide struct	surge	encode	1	1	3064186
wide struct	surge	encode	1	2	2975878
wide struct	surge	encode	1	3	3044531
wide struct	surge	encode	1	4	3057269
wide struct	surge	encode	1	5	3072254
wide struct	surge	encode	1	6	3006217
wide struct	surge	encode	1	7	3074988
wide struct	surge	encode	1	8	3064789
wide struct	surge	encode	1	9	3008649
wide struct	surge	encode	2	1	3013423
wide struct	surge	encode	2	2	3060541
wide struct	surge	encode	2	3	3034011
wide struct	surge	encode	2	4	3043348
wide struct	surge	encode	2	5	3007323
wide struct	surge	encode	2	6	3023621
wide struct	surge	encode	2	7	3001218
wide struct	surge	encode	2	8	3019743
wide struct	surge	encode	2	9	3015546
wide struct	surge	decode	1	1	712001
wide struct	surge	decode	1	2	715860
wide struct	surge	decode	1	3	724710
wide struct	surge	decode	1	4	694932
wide struct	surge	decode	1	5	728122
wide struct	surge	decode	1	6	711798
wide struct	surge	decode	1	7	704680
wide struct	surge	decode	1	8	707562
wide struct	surge	decode	1	9	719775
wide struct	surge	decode	2	1	705954
wide struct	surge	decode	2	2	697743
wide struct	surge	decode	2	3	719342
wide struct	surge	decode	2	4	681725
wide struct	surge	decode	2	5	707364
wide struct	surge	decode	2	6	702384
wide struct	surge	decode	2	7	711683
wide struct	surge	decode	2	8	700825
wide struct	surge	decode	2	9	632632
wide struct	fbs	encode	1	1	776719
wide struct	fbs	encode	1	2	767387
wide struct	fbs	encode	1	3	773772
wide struct	fbs	encode	1	4	773877
wide struct	fbs	encode	1	5	779552
wide struct	fbs	encode	1	6	778953
wide struct	fbs	encode	1	7	778384
wide struct	fbs	encode	1	8	783586
wide struct	fbs	encode	1	9	768542
wide struct	fbs	encode	2	1	764143
wide struct	fbs	encode	2	2	759953
wide struct	fbs	encode	2	3	768473
wide struct	fbs	encode	2	4	765871
wide struct	fbs	encode	2	5	770126
wide struct	fbs	encode	2	6	764923
wide struct	fbs	encode	2	7	766644
wide struct	fbs	encode	2	8	767430
wide struct	fbs	encode	2	9	763630
wide struct	fbs	decode	1	1	525637
wide struct	fbs	decode	1	2	529591
wide struct	fbs	decode	1	3	529667
wide struct	fbs	decode	1	4	519736
wide struct	fbs	decode	1	5	518929
wide struct	fbs	decode	1	6	538335
wide struct	fbs	decode	1	7	531033
wide struct	fbs	decode	1	8	538565
wide struct	fbs	decode	1	9	531549
wide struct	fbs	decode	2	1	515751
wide struct	fbs	decode	2	2	518672
wide struct	fbs	decode	2	3	521054
wide struct	fbs	decode	2	4	527386
wide struct	fbs	decode	2	5	506705
wide struct	fbs	decode	2	6	531459
wide struct	fbs	decode	2	7	521381
wide struct	fbs	decode	2	8	498701
wide struct	fbs	decode	2	9	477860
wide struct	serio	encode	1	1	118495
wide struct	serio	encode	1	2	120178
wide struct	serio	encode	1	3	118611
wide struct	serio	encode	1	4	118172
wide struct	serio	encode	1	5	117282
wide struct	serio	encode	1	6	117574
wide struct	serio	encode	1	7	117717
wide struct	serio	encode	1	8	117359
wide struct	serio	encode	1	9	119315
wide struct	serio	encode	2	1	114123
wide struct	serio	encode	2	2	114276
wide struct	serio	encode	2	3	113534
wide struct	serio	encode	2	4	114048
wide struct	serio	encode	2	5	113856
wide struct	serio	encode	2	6	113504
wide struct	serio	encode	2	7	113865
wide struct	serio	encode	2	8	114178
wide struct	serio	encode	2	9	115116
wide struct	serio	decode	1	1	244853
wide struct	serio	decode	1	2	245796
wide struct	serio	decode	1	3	244347
wide struct	serio	decode	1	4	240603
wide struct	serio	decode	1	5	245710
wide struct	serio	decode	1	6	245139
wide struct	serio	decode	1	7	244365
wide struct	serio	decode	1	8	242658
wide struct	serio	decode	1	9	243696
wide struct	serio	decode	2	1	243869
wide struct	serio	decode	2	2	244027
wide struct	serio	decode	2	3	244101
wide struct	serio	decode	2	4	242221
wide struct	serio	decode	2	5	243498
wide struct	serio	decode	2	6	241971
wide struct	serio	decode	2	7	242995
wide struct	serio	decode	2	8	235572
wide struct	serio	decode	2	9	235730
wide struct	blink	encode	1	1	1353232
wide struct	blink	encode	1	2	1362801
wide struct	blink	encode	1	3	1354972
wide struct	blink	encode	1	4	1353002
wide struct	blink	encode	1	5	1384680
wide struct	blink	encode	1	6	1368279
wide struct	blink	encode	1	7	1374371
wide struct	blink	encode	1	8	1356167
wide struct	blink	encode	1	9	1364666
wide struct	blink	encode	2	1	1367614
wide struct	blink	encode	2	2	1392453
wide struct	blink	encode	2	3	1394922
wide struct	blink	encode	2	4	1385579
wide struct	blink	encode	2	5	1376189
wide struct	blink	encode	2	6	1392865
wide struct	blink	encode	2	7	1383509
wide struct	blink	encode	2	8	1362539
wide struct	blink	encode	2	9	1376736
wide struct	blink	decode	1	1	479343
wide struct	blink	decode	1	2	484866
wide struct	blink	decode	1	3	484685
wide struct	blink	decode	1	4	484784
wide struct	blink	decode	1	5	483995
wide struct	blink	decode	1	6	473093
wide struct	blink	decode	1	7	490245
wide struct	blink	decode	1	8	488006
wide struct	blink	decode	1	9	472494
wide struct	blink	decode	2	1	481964
wide struct	blink	decode	2	2	477200
wide struct	blink	decode	2	3	475631
wide struct	blink	decode	2	4	467296
wide struct	blink	decode	2	5	480579
wide struct	blink	decode	2	6	475827
wide struct	blink	decode	2	7	476136
wide struct	blink	decode	2	8	439603
wide struct	blink	decode	2	9	466346
large array	surge	encode	1	1	317445
large array	surge	encode	1	2	321268
large array	surge	encode	1	3	319781
large array	surge	encode	1	4	330990
large array	surge	encode	1	5	327620
large array	surge	encode	1	6	329954
large array	surge	encode	1	7	325075
large array	surge	encode	1	8	326239
large array	surge	encode	1	9	323657
large array	surge	encode	2	1	320880
large array	surge	encode	2	2	325369
large array	surge	encode	2	3	325766
large array	surge	encode	2	4	328835
large array	surge	encode	2	5	327112
large array	surge	encode	2	6	327765
large array	surge	encode	2	7	323722
large array	surge	encode	2	8	329948
large array	surge	encode	2	9	327179
large array	surge	decode	1	1	115894
large array	surge	decode	1	2	112251
large array	surge	decode	1	3	114822
large array	surge	decode	1	4	113347
large array	surge	decode	1	5	115891
large array	surge	decode	1	6	115943
large array	surge	decode	1	7	115863
large array	surge	decode	1	8	110877
large array	surge	decode	1	9	115060
large array	surge	decode	2	1	112689
large array	surge	decode	2	2	114270
large array	surge	decode	2	3	114816
large array	surge	decode	2	4	114239
large array	surge	decode	2	5	111349
large array	surge	decode	2	6	111948
large array	surge	decode	2	7	115332
large array	surge	decode	2	8	114596
large array	surge	decode	2	9	109313
large array	fbs	encode	1	1	74721
large array	fbs	encode	1	2	75554
large array	fbs	encode	1	3	74778
large array	fbs	encode	1	4	74075
large array	fbs	encode	1	5	75310
large array	fbs	encode	1	6	75095
large array	fbs	encode	1	7	74626
large array	fbs	encode	1	8	73853
large array	fbs	encode	1	9	74349
large array	fbs	encode	2	1	74103
large array	fbs	encode	2	2	73451
large array	fbs	encode	2	3	74536
large array	fbs	encode	2	4	74673
large array	fbs	encode	2	5	74965
large array	fbs	encode	2	6	74895
large array	fbs	encode	2	7	74850
large array	fbs	encode	2	8	75554
large array	fbs	encode	2	9	73890
large array	fbs	decode	1	1	42927
large array	fbs	decode	1	2	43520
large array	fbs	decode	1	3	43197
large array	fbs	decode	1	4	43266
large array	fbs	decode	1	5	43582
large array	fbs	decode	1	6	42813
large array	fbs	decode	1	7	43264
large array	fbs	decode	1	8	43965
large array	fbs	decode	1	9	43426
large array	fbs	decode	2	1	43090
large array	fbs	decode	2	2	43136
large array	fbs	decode	2	3	43606
large array	fbs	decode	2	4	43717
large array	fbs	decode	2	5	43377
large array	fbs	decode	2	6	42486
large array	fbs	decode	2	7	43380
large array	fbs	decode	2	8	42930
large array	fbs	decode	2	9	43142
large array	serio	encode	1	1	7944
large array	serio	encode	1	2	7942
large array	serio	encode	1	3	8016
large array	serio	encode	1	4	7955
large array	serio	encode	1	5	8018
large array	serio	encode	1	6	8032
large array	serio	encode	1	7	8009
large array	serio	encode	1	8	7958
large array	serio	encode	1	9	8062
large array	serio	encode	2	1	7954
large array	serio	encode	2	2	7915
large array	serio	encode	2	3	7904
large array	serio	encode	2	4	7860
large array	serio	encode	2	5	7827
large array	serio	encode	2	6	7862
large array	serio	encode	2	7	7851
large array	serio	encode	2	8	7883
large array	serio	encode	2	9	7882
large array	serio	decode	1	1	23491
large array	serio	decode	1	2	23010
large array	serio	decode	1	3	23194
large array	serio	decode	1	4	23454
large array	serio	decode	1	5	23338
large array	serio	decode	1	6	23322
large array	serio	decode	1	7	23259
large array	serio	decode	1	8	23414
large array	serio	decode	1	9	23462
large array	serio	decode	2	1	23172
large array	serio	decode	2	2	22903
large array	serio	decode	2	3	22887
large array	serio	decode	2	4	22804
large array	serio	decode	2	5	22755
large array	serio	decode	2	6	22638
large array	serio	decode	2	7	23079
large array	serio	decode	2	8	22721
large array	serio	decode	2	9	22979
large array	blink	encode	1	1	134977
large array	blink	encode	1	2	137681
large array	blink	encode	1	3	140792
large array	blink	encode	1	4	140519
large array	blink	encode	1	5	139536
large array	blink	encode	1	6	138768
large array	blink	encode	1	7	141750
large array	blink	encode	1	8	142420
large array	blink	encode	1	9	140465
large array	blink	encode	2	1	139239
large array	blink	encode	2	2	144688
large array	blink	encode	2	3	144705
large array	blink	encode	2	4	143700
large array	blink	encode	2	5	141099
large array	blink	encode	2	6	142716
large array	blink	encode	2	7	143250
large array	blink	encode	2	8	144644
large array	blink	encode	2	9	145191
large array	blink	decode	1	1	76177
large array	blink	decode	1	2	74978
large array	blink	decode	1	3	75595
large array	blink	decode	1	4	75939
large array	blink	decode	1	5	76102
large array	blink	decode	1	6	74042
large array	blink	decode	1	7	75834
large array	blink	decode	1	8	76037
large array	blink	decode	1	9	74974
large array	blink	decode	2	1	76056
large array	blink	decode	2	2	73725
large array	blink	decode	2	3	73705
large array	blink	decode	2	4	75746
large array	blink	decode	2	5	73469
large array	blink	decode	2	6	76431
large array	blink	decode	2	7	73768
large array	blink	decode	2	8	75656
large array	blink	decode	2	9	75378
tuples	surge	encode	1	1	1211644
tuples	surge	encode	1	2	1312843
tuples	surge	encode	1	3	1304661
tuples	surge	encode	1	4	1273067
tuples	surge	encode	1	5	1340396
tuples	surge	encode	1	6	1297697
tuples	surge	encode	1	7	1320767
tuples	surge	encode	1	8	1264504
tuples	surge	encode	1	9	1306648
tuples	surge	encode	2	1	1309136
tuples	surge	encode	2	2	1301186
tuples	surge	encode	2	3	1317300
tuples	surge	encode	2	4	1282151
tuples	surge	encode	2	5	1282829
tuples	surge	encode	2	6	1296462
tuples	surge	encode	2	7	1300507
tuples	surge	encode	2	8	1295627
tuples	surge	encode	2	9	1299787
tuples	surge	decode	1	1	242459
tuples	surge	decode	1	2	246955
tuples	surge	decode	1	3	249574
tuples	surge	decode	1	4	247357
tuples	surge	decode	1	5	247321
tuples	surge	decode	1	6	249781
tuples	surge	decode	1	7	254529
tuples	surge	decode	1	8	246099
tuples	surge	decode	1	9	243539
tuples	surge	decode	2	1	243463
tuples	surge	decode	2	2	245902
tuples	surge	decode	2	3	247239
tuples	surge	decode	2	4	241934
tuples	surge	decode	2	5	249499
tuples	surge	decode	2	6	239591
tuples	surge	decode	2	7	243674
tuples	surge	decode	2	8	241830
tuples	surge	decode	2	9	247476
tuples	fbs	encode	1	1	286559
tuples	fbs	encode	1	2	284000
tuples	fbs	encode	1	3	284491
tuples	fbs	encode	1	4	287810
tuples	fbs	encode	1	5	287405
tuples	fbs	encode	1	6	281832
tuples	fbs	encode	1	7	284896
tuples	fbs	encode	1	8	287965
tuples	fbs	encode	1	9	283882
tuples	fbs	encode	2	1	290351
tuples	fbs	encode	2	2	290288
tuples	fbs	encode	2	3	289557
tuples	fbs	encode	2	4	290595
tuples	fbs	encode	2	5	288970
tuples	fbs	encode	2	6	286630
tuples	fbs	encode	2	7	290065
tuples	fbs	encode	2	8	289969
tuples	fbs	encode	2	9	290677
tuples	fbs	decode	1	1	134564
tuples	fbs	decode	1	2	136447
tuples	fbs	decode	1	3	135247
tuples	fbs	decode	1	4	135468
tuples	fbs	decode	1	5	134466
tuples	fbs	decode	1	6	136333
tuples	fbs	decode	1	7	135455
tuples	fbs	decode	1	8	137891
tuples	fbs	decode	1	9	139149
tuples	fbs	decode	2	1	132485
tuples	fbs	decode	2	2	134166
tuples	fbs	decode	2	3	132100
tuples	fbs	decode	2	4	133877
tuples	fbs	decode	2	5	132833
tuples	fbs	decode	2	6	135828
tuples	fbs	decode	2	7	132404
tuples	fbs	decode	2	8	132039
tuples	fbs	decode	2	9	132896
tuples	serio	encode	1	1	33866
tuples	serio	encode	1	2	33557
tuples	serio	encode	1	3	33516
tuples	serio	encode	1	4	33391
tuples	serio	encode	1	5	33431
tuples	serio	encode	1	6	33441
tuples	serio	encode	1	7	33487
tuples	serio	encode	1	8	33820
tuples	serio	encode	1	9	33497
tuples	serio	encode	2	1	33336
tuples	serio	encode	2	2	33161
tuples	serio	encode	2	3	32907
tuples	serio	encode	2	4	32978
tuples	serio	encode	2	5	33239
tuples	serio	encode	2	6	33574
tuples	serio	encode	2	7	32838
tuples	serio	encode	2	8	33091
tuples	serio	encode	2	9	33114
tuples	serio	decode	1	1	56066
tuples	serio	decode	1	2	55524
tuples	serio	decode	1	3	56523
tuples	serio	decode	1	4	56597
tuples	serio	decode	1	5	56165
tuples	serio	decode	1	6	56490
tuples	serio	decode	1	7	56481
tuples	serio	decode	1	8	56532
tuples	serio	decode	1	9	56257
tuples	serio	decode	2	1	56479
tuples	serio	decode	2	2	55354
tuples	serio	decode	2	3	55388
tuples	serio	decode	2	4	56411
tuples	serio	decode	2	5	55921
tuples	serio	decode	2	6	56108
tuples	serio	decode	2	7	55393
tuples	serio	decode	2	8	56472
tuples	serio	decode	2	9	55916
tuples	baseline	encode	1	1	1427433
tuples	baseline	encode	1	2	1392636
tuples	baseline	encode	1	3	1453899
tuples	baseline	encode	1	4	1416885
tuples	baseline	encode	1	5	1438687
tuples	baseline	encode	1	6	1439303
tuples	baseline	encode	1	7	1423973
tuples	baseline	encode	1	8	1433098
tuples	baseline	encode	1	9	1430252
tuples	baseline	encode	2	1	1432171
tuples	baseline	encode	2	2	1400665
tuples	baseline	encode	2	3	1423989
tuples	baseline	encode	2	4	1403361
tuples	baseline	encode	2	5	1394152
tuples	baseline	encode	2	6	1420927
tuples	baseline	encode	2	7	1423699
tuples	baseline	encode	2	8	1418292
tuples	baseline	encode	2	9	1255873
tuples	baseline	decode	1	1	284878
tuples	baseline	decode	1	2	287074
tuples	baseline	decode	1	3	275812
tuples	baseline	decode	1	4	276563
tuples	baseline	decode	1	5	286008
tuples	baseline	decode	1	6	282461
tuples	baseline	decode	1	7	285000
tuples	baseline	decode	1	8	282474
tuples	baseline	decode	1	9	272499
tuples	baseline	decode	2	1	283226
tuples	baseline	decode	2	2	289532
tuples	baseline	decode	2	3	286143
tuples	baseline	decode	2	4	279102
tuples	baseline	decode	2	5	284575
tuples	baseline	decode	2	6	279910
tuples	baseline	decode	2	7	285435
tuples	baseline	decode	2	8	277594
tuples	baseline	decode	2	9	286358
large record	surge	encode	1	1	151858
large record	surge	encode	1	2	155405
large record	surge	encode	1	3	152403
large record	surge	encode	1	4	154144
large record	surge	encode	1	5	153545
large record	surge	encode	1	6	152851
large record	surge	encode	1	7	153856
large record	surge	encode	1	8	154091
large record	surge	encode	1	9	155730
large record	surge	encode	2	1	161614
large record	surge	encode	2	2	159124
large record	surge	encode	2	3	152409
large record	surge	encode	2	4	162948
large record	surge	encode	2	5	157758
large record	surge	encode	2	6	159611
large record	surge	encode	2	7	159685
large record	surge	encode	2	8	157606
large record	surge	encode	2	9	158645
large record	surge	decode	1	1	76167
large record	surge	decode	1	2	75215
large record	surge	decode	1	3	75930
large record	surge	decode	1	4	75096
large record	surge	decode	1	5	74765
large record	surge	decode	1	6	75229
large record	surge	decode	1	7	75152
large record	surge	decode	1	8	74944
large record	surge	decode	1	9	75462
large record	surge	decode	2	1	75910
large record	surge	decode	2	2	75374
large record	surge	decode	2	3	76249
large record	surge	decode	2	4	76637
large record	surge	decode	2	5	76648
large record	surge	decode	2	6	75591
large record	surge	decode	2	7	75739
large record	surge	decode	2	8	75078
large record	surge	decode	2	9	76305
large record	fbs	encode	1	1	89603
large record	fbs	encode	1	2	91231
large record	fbs	encode	1	3	90816
large record	fbs	encode	1	4	91923
large record	fbs	encode	1	5	91193
large record	fbs	encode	1	6	91408
large record	fbs	encode	1	7	91648
large record	fbs	encode	1	8	91365
large record	fbs	encode	1	9	91245
large record	fbs	encode	2	1	96350
large record	fbs	encode	2	2	97457
large record	fbs	encode	2	3	99591
large record	fbs	encode	2	4	97873
large record	fbs	encode	2	5	97535
large record	fbs	encode	2	6	98026
large record	fbs	encode	2	7	96675
large record	fbs	encode	2	8	98912
large record	fbs	encode	2	9	98663
large record	fbs	decode	1	1	54840
large record	fbs	decode	1	2	53450
large record	fbs	decode	1	3	54405
large record	fbs	decode	1	4	54500
large record	fbs	decode	1	5	54847
large record	fbs	decode	1	6	53716
large record	fbs	decode	1	7	53824
large record	fbs	decode	1	8	54276
large record	fbs	decode	1	9	54774
large record	fbs	decode	2	1	55546
large record	fbs	decode	2	2	54943
large record	fbs	decode	2	3	54391
large record	fbs	decode	2	4	54886
large record	fbs	decode	2	5	55180
large record	fbs	decode	2	6	55712
large record	fbs	decode	2	7	55333
large record	fbs	decode	2	8	55319
large record	fbs	decode	2	9	54578
large record	serio	encode	1	1	12228
large record	serio	encode	1	2	12094
large record	serio	encode	1	3	12106
large record	serio	encode	1	4	12211
large record	serio	encode	1	5	12118
large record	serio	encode	1	6	12238
large record	serio	encode	1	7	12301
large record	serio	encode	1	8	12147
large record	serio	encode	1	9	12129
large record	serio	encode	2	1	12112
large record	serio	encode	2	2	12248
large record	serio	encode	2	3	12068
large record	serio	encode	2	4	12026
large record	serio	encode	2	5	12093
large record	serio	encode	2	6	12046
large record	serio	encode	2	7	12311
large record	serio	encode	2	8	12167
large record	serio	encode	2	9	12083
large record	serio	decode	1	1	25324
large record	serio	decode	1	2	25131
large record	serio	decode	1	3	25257
large record	serio	decode	1	4	25157
large record	serio	decode	1	5	25232
large record	serio	decode	1	6	25220
large record	serio	decode	1	7	24980
large record	serio	decode	1	8	25286
large record	serio	decode	1	9	25140
large record	serio	decode	2	1	24984
large record	serio	decode	2	2	24826
large record	serio	decode	2	3	24926
large record	serio	decode	2	4	24719
large record	serio	decode	2	5	24770
large record	serio	decode	2	6	24973
large record	serio	decode	2	7	24789
large record	serio	decode	2	8	24916
large record	serio	decode	2	9	24842
large record	blink	encode	1	1	62400
large record	blink	encode	1	2	64433
large record	blink	encode	1	3	64470
large record	blink	encode	1	4	65544
large record	blink	encode	1	5	65116
large record	blink	encode	1	6	64293
large record	blink	encode	1	7	64888
large record	blink	encode	1	8	63959
large record	blink	encode	1	9	64818
large record	blink	encode	2	1	68572
large record	blink	encode	2	2	67995
large record	blink	encode	2	3	66099
large record	blink	encode	2	4	68710
large record	blink	encode	2	5	68099
large record	blink	encode	2	6	66877
large record	blink	encode	2	7	68096
large record	blink	encode	2	8	67211
large record	blink	encode	2	9	66862
large record	blink	decode	1	1	69912
large record	blink	decode	1	2	71080
large record	blink	decode	1	3	70440
large record	blink	decode	1	4	70172
large record	blink	decode	1	5	69610
large record	blink	decode	1	6	71194
large record	blink	decode	1	7	71388
large record	blink	decode	1	8	69555
large record	blink	decode	1	9	67480
large record	blink	decode	2	1	71449
large record	blink	decode	2	2	71739
large record	blink	decode	2	3	71373
large record	blink	decode	2	4	71039
large record	blink	decode	2	5	71134
large record	blink	decode	2	6	70927
large record	blink	decode	2	7	70385
large record	blink	decode	2	8	70466
large record	blink	decode	2	9	70171
string-heavy	surge	encode	1	1	294420
string-heavy	surge	encode	1	2	297966
string-heavy	surge	encode	1	3	300769
string-heavy	surge	encode	1	4	300467
string-heavy	surge	encode	1	5	291321
string-heavy	surge	encode	1	6	300704
string-heavy	surge	encode	1	7	302105
string-heavy	surge	encode	1	8	297646
string-heavy	surge	encode	1	9	295314
string-heavy	surge	encode	2	1	310114
string-heavy	surge	encode	2	2	323696
string-heavy	surge	encode	2	3	319301
string-heavy	surge	encode	2	4	328109
string-heavy	surge	encode	2	5	323561
string-heavy	surge	encode	2	6	317631
string-heavy	surge	encode	2	7	326204
string-heavy	surge	encode	2	8	326201
string-heavy	surge	encode	2	9	324306
string-heavy	surge	decode	1	1	216354
string-heavy	surge	decode	1	2	223741
string-heavy	surge	decode	1	3	222866
string-heavy	surge	decode	1	4	221053
string-heavy	surge	decode	1	5	224890
string-heavy	surge	decode	1	6	222659
string-heavy	surge	decode	1	7	223530
string-heavy	surge	decode	1	8	224511
string-heavy	surge	decode	1	9	225093
string-heavy	surge	decode	2	1	221233
string-heavy	surge	decode	2	2	223047
string-heavy	surge	decode	2	3	220743
string-heavy	surge	decode	2	4	223477
string-heavy	surge	decode	2	5	223671
string-heavy	surge	decode	2	6	221285
string-heavy	surge	decode	2	7	222426
string-heavy	surge	decode	2	8	222843
string-heavy	surge	decode	2	9	221846
string-heavy	fbs	encode	1	1	207323
string-heavy	fbs	encode	1	2	207713
string-heavy	fbs	encode	1	3	206078
string-heavy	fbs	encode	1	4	212110
string-heavy	fbs	encode	1	5	209553
string-heavy	fbs	encode	1	6	206573
string-heavy	fbs	encode	1	7	208800
string-heavy	fbs	encode	1	8	209590
string-heavy	fbs	encode	1	9	208276
string-heavy	fbs	encode	2	1	205756
string-heavy	fbs	encode	2	2	215163
string-heavy	fbs	encode	2	3	215309
string-heavy	fbs	encode	2	4	216612
string-heavy	fbs	encode	2	5	216246
string-heavy	fbs	encode	2	6	217704
string-heavy	fbs	encode	2	7	214300
string-heavy	fbs	encode	2	8	215845
string-heavy	fbs	encode	2	9	213682
string-heavy	fbs	decode	1	1	170511
string-heavy	fbs	decode	1	2	170593
string-heavy	fbs	decode	1	3	171188
string-heavy	fbs	decode	1	4	171138
string-heavy	fbs	decode	1	5	170365
string-heavy	fbs	decode	1	6	171685
string-heavy	fbs	decode	1	7	169941
string-heavy	fbs	decode	1	8	171099
string-heavy	fbs	decode	1	9	170683
string-heavy	fbs	decode	2	1	176125
string-heavy	fbs	decode	2	2	175962
string-heavy	fbs	decode	2	3	175094
string-heavy	fbs	decode	2	4	175060
string-heavy	fbs	decode	2	5	177101
string-heavy	fbs	decode	2	6	173317
string-heavy	fbs	decode	2	7	174418
string-heavy	fbs	decode	2	8	176035
string-heavy	fbs	decode	2	9	176298
string-heavy	serio	encode	1	1	32314
string-heavy	serio	encode	1	2	32616
string-heavy	serio	encode	1	3	32162
string-heavy	serio	encode	1	4	32254
string-heavy	serio	encode	1	5	32420
string-heavy	serio	encode	1	6	32583
string-heavy	serio	encode	1	7	32147
string-heavy	serio	encode	1	8	32143
string-heavy	serio	encode	1	9	32401
string-heavy	serio	encode	2	1	31943
string-heavy	serio	encode	2	2	32053
string-heavy	serio	encode	2	3	32006
string-heavy	serio	encode	2	4	31945
string-heavy	serio	encode	2	5	31996
string-heavy	serio	encode	2	6	32240
string-heavy	serio	encode	2	7	31962
string-heavy	serio	encode	2	8	31966
string-heavy	serio	encode	2	9	32049
string-heavy	serio	decode	1	1	60238
string-heavy	serio	decode	1	2	60390
string-heavy	serio	decode	1	3	60707
string-heavy	serio	decode	1	4	60218
string-heavy	serio	decode	1	5	60392
string-heavy	serio	decode	1	6	59721
string-heavy	serio	decode	1	7	59997
string-heavy	serio	decode	1	8	59547
string-heavy	serio	decode	1	9	60276
string-heavy	serio	decode	2	1	59420
string-heavy	serio	decode	2	2	60340
string-heavy	serio	decode	2	3	60270
string-heavy	serio	decode	2	4	59936
string-heavy	serio	decode	2	5	60068
string-heavy	serio	decode	2	6	60356
string-heavy	serio	decode	2	7	59504
string-heavy	serio	decode	2	8	60349
string-heavy	serio	decode	2	9	60552
string-heavy	blink	encode	1	1	124434
string-heavy	blink	encode	1	2	123408
string-heavy	blink	encode	1	3	122868
string-heavy	blink	encode	1	4	121779
string-heavy	blink	encode	1	5	123202
string-heavy	blink	encode	1	6	124419
string-heavy	blink	encode	1	7	121874
string-heavy	blink	encode	1	8	124263
string-heavy	blink	encode	1	9	124506
string-heavy	blink	encode	2	1	126056
string-heavy	blink	encode	2	2	126865
string-heavy	blink	encode	2	3	130499
string-heavy	blink	encode	2	4	126837
string-heavy	blink	encode	2	5	130408
string-heavy	blink	encode	2	6	130805
string-heavy	blink	encode	2	7	130407
string-heavy	blink	encode	2	8	128402
string-heavy	blink	encode	2	9	130545
string-heavy	blink	decode	1	1	217189
string-heavy	blink	decode	1	2	219193
string-heavy	blink	decode	1	3	215889
string-heavy	blink	decode	1	4	217989
string-heavy	blink	decode	1	5	218146
string-heavy	blink	decode	1	6	218650
string-heavy	blink	decode	1	7	219062
string-heavy	blink	decode	1	8	220802
string-heavy	blink	decode	1	9	217229
string-heavy	blink	decode	2	1	227856
string-heavy	blink	decode	2	2	229570
string-heavy	blink	decode	2	3	229887
string-heavy	blink	decode	2	4	227921
string-heavy	blink	decode	2	5	225752
string-heavy	blink	decode	2	6	229129
string-heavy	blink	decode	2	7	227205
string-heavy	blink	decode	2	8	227883
string-heavy	blink	decode	2	9	224024
leaderboard	surge	encode	1	1	477787
leaderboard	surge	encode	1	2	474113
leaderboard	surge	encode	1	3	480248
leaderboard	surge	encode	1	4	481459
leaderboard	surge	encode	1	5	467091
leaderboard	surge	encode	1	6	478054
leaderboard	surge	encode	1	7	471128
leaderboard	surge	encode	1	8	474053
leaderboard	surge	encode	1	9	470531
leaderboard	surge	encode	2	1	506769
leaderboard	surge	encode	2	2	512976
leaderboard	surge	encode	2	3	515863
leaderboard	surge	encode	2	4	502301
leaderboard	surge	encode	2	5	515468
leaderboard	surge	encode	2	6	511659
leaderboard	surge	encode	2	7	506763
leaderboard	surge	encode	2	8	508973
leaderboard	surge	encode	2	9	507334
leaderboard	surge	decode	1	1	162135
leaderboard	surge	decode	1	2	164951
leaderboard	surge	decode	1	3	169394
leaderboard	surge	decode	1	4	166610
leaderboard	surge	decode	1	5	163642
leaderboard	surge	decode	1	6	161833
leaderboard	surge	decode	1	7	164781
leaderboard	surge	decode	1	8	163009
leaderboard	surge	decode	1	9	164911
leaderboard	surge	decode	2	1	149935
leaderboard	surge	decode	2	2	168728
leaderboard	surge	decode	2	3	165878
leaderboard	surge	decode	2	4	166418
leaderboard	surge	decode	2	5	167819
leaderboard	surge	decode	2	6	164456
leaderboard	surge	decode	2	7	164999
leaderboard	surge	decode	2	8	163788
leaderboard	surge	decode	2	9	164905
leaderboard	fbs	encode	1	1	176677
leaderboard	fbs	encode	1	2	177368
leaderboard	fbs	encode	1	3	174094
leaderboard	fbs	encode	1	4	174590
leaderboard	fbs	encode	1	5	177606
leaderboard	fbs	encode	1	6	177480
leaderboard	fbs	encode	1	7	177175
leaderboard	fbs	encode	1	8	176824
leaderboard	fbs	encode	1	9	176095
leaderboard	fbs	encode	2	1	182610
leaderboard	fbs	encode	2	2	183123
leaderboard	fbs	encode	2	3	177170
leaderboard	fbs	encode	2	4	178902
leaderboard	fbs	encode	2	5	182439
leaderboard	fbs	encode	2	6	179519
leaderboard	fbs	encode	2	7	182449
leaderboard	fbs	encode	2	8	179634
leaderboard	fbs	encode	2	9	182887
leaderboard	fbs	decode	1	1	93064
leaderboard	fbs	decode	1	2	94804
leaderboard	fbs	decode	1	3	92375
leaderboard	fbs	decode	1	4	94076
leaderboard	fbs	decode	1	5	94685
leaderboard	fbs	decode	1	6	94377
leaderboard	fbs	decode	1	7	95230
leaderboard	fbs	decode	1	8	94440
leaderboard	fbs	decode	1	9	93654
leaderboard	fbs	decode	2	1	88356
leaderboard	fbs	decode	2	2	95134
leaderboard	fbs	decode	2	3	94820
leaderboard	fbs	decode	2	4	95017
leaderboard	fbs	decode	2	5	96719
leaderboard	fbs	decode	2	6	94665
leaderboard	fbs	decode	2	7	94246
leaderboard	fbs	decode	2	8	95707
leaderboard	fbs	decode	2	9	94464
leaderboard	serio	encode	1	1	27161
leaderboard	serio	encode	1	2	26906
leaderboard	serio	encode	1	3	27398
leaderboard	serio	encode	1	4	27157
leaderboard	serio	encode	1	5	26902
leaderboard	serio	encode	1	6	26871
leaderboard	serio	encode	1	7	26844
leaderboard	serio	encode	1	8	26901
leaderboard	serio	encode	1	9	26934
leaderboard	serio	encode	2	1	27006
leaderboard	serio	encode	2	2	26956
leaderboard	serio	encode	2	3	27155
leaderboard	serio	encode	2	4	27132
leaderboard	serio	encode	2	5	26827
leaderboard	serio	encode	2	6	27156
leaderboard	serio	encode	2	7	26991
leaderboard	serio	encode	2	8	27040
leaderboard	serio	encode	2	9	26835
leaderboard	serio	decode	1	1	43541
leaderboard	serio	decode	1	2	43326
leaderboard	serio	decode	1	3	43041
leaderboard	serio	decode	1	4	43231
leaderboard	serio	decode	1	5	43261
leaderboard	serio	decode	1	6	43581
leaderboard	serio	decode	1	7	43475
leaderboard	serio	decode	1	8	43419
leaderboard	serio	decode	1	9	43240
leaderboard	serio	decode	2	1	41547
leaderboard	serio	decode	2	2	42916
leaderboard	serio	decode	2	3	42388
leaderboard	serio	decode	2	4	42662
leaderboard	serio	decode	2	5	42526
leaderboard	serio	decode	2	6	42657
leaderboard	serio	decode	2	7	43368
leaderboard	serio	decode	2	8	43208
leaderboard	serio	decode	2	9	43223
leaderboard	blink	encode	1	1	203113
leaderboard	blink	encode	1	2	207199
leaderboard	blink	encode	1	3	206672
leaderboard	blink	encode	1	4	209814
leaderboard	blink	encode	1	5	208532
leaderboard	blink	encode	1	6	211077
leaderboard	blink	encode	1	7	209872
leaderboard	blink	encode	1	8	206646
leaderboard	blink	encode	1	9	207099
leaderboard	blink	encode	2	1	212315
leaderboard	blink	encode	2	2	213364
leaderboard	blink	encode	2	3	214907
leaderboard	blink	encode	2	4	213224
leaderboard	blink	encode	2	5	219723
leaderboard	blink	encode	2	6	217351
leaderboard	blink	encode	2	7	219456
leaderboard	blink	encode	2	8	217377
leaderboard	blink	encode	2	9	219814
leaderboard	blink	decode	1	1	95782
leaderboard	blink	decode	1	2	95580
leaderboard	blink	decode	1	3	97160
leaderboard	blink	decode	1	4	96182
leaderboard	blink	decode	1	5	94585
leaderboard	blink	decode	1	6	93652
leaderboard	blink	decode	1	7	94066
leaderboard	blink	decode	1	8	95121
leaderboard	blink	decode	1	9	94486
leaderboard	blink	decode	2	1	96838
leaderboard	blink	decode	2	2	95551
leaderboard	blink	decode	2	3	95969
leaderboard	blink	decode	2	4	95883
leaderboard	blink	decode	2	5	96311
leaderboard	blink	decode	2	6	93687
leaderboard	blink	decode	2	7	93740
leaderboard	blink	decode	2	8	96618
leaderboard	blink	decode	2	9	95852
leaderboard	baseline	encode	1	1	483887
leaderboard	baseline	encode	1	2	472122
leaderboard	baseline	encode	1	3	473349
leaderboard	baseline	encode	1	4	467360
leaderboard	baseline	encode	1	5	474360
leaderboard	baseline	encode	1	6	473795
leaderboard	baseline	encode	1	7	474916
leaderboard	baseline	encode	1	8	482939
leaderboard	baseline	encode	1	9	476906
leaderboard	baseline	encode	2	1	521393
leaderboard	baseline	encode	2	2	523212
leaderboard	baseline	encode	2	3	519886
leaderboard	baseline	encode	2	4	517444
leaderboard	baseline	encode	2	5	507942
leaderboard	baseline	encode	2	6	520392
leaderboard	baseline	encode	2	7	523429
leaderboard	baseline	encode	2	8	525584
leaderboard	baseline	encode	2	9	518579
leaderboard	baseline	decode	1	1	162527
leaderboard	baseline	decode	1	2	160657
leaderboard	baseline	decode	1	3	160047
leaderboard	baseline	decode	1	4	162473
leaderboard	baseline	decode	1	5	162338
leaderboard	baseline	decode	1	6	158913
leaderboard	baseline	decode	1	7	159792
leaderboard	baseline	decode	1	8	159469
leaderboard	baseline	decode	1	9	156891
leaderboard	baseline	decode	2	1	156943
leaderboard	baseline	decode	2	2	159548
leaderboard	baseline	decode	2	3	161598
leaderboard	baseline	decode	2	4	157209
leaderboard	baseline	decode	2	5	159478
leaderboard	baseline	decode	2	6	160632
leaderboard	baseline	decode	2	7	162266
leaderboard	baseline	decode	2	8	158943
leaderboard	baseline	decode	2	9	153655
enum-heavy	surge	encode	1	1	322322
enum-heavy	surge	encode	1	2	315918
enum-heavy	surge	encode	1	3	317343
enum-heavy	surge	encode	1	4	322887
enum-heavy	surge	encode	1	5	323239
enum-heavy	surge	encode	1	6	316624
enum-heavy	surge	encode	1	7	321339
enum-heavy	surge	encode	1	8	318839
enum-heavy	surge	encode	1	9	324443
enum-heavy	surge	encode	2	1	321419
enum-heavy	surge	encode	2	2	321787
enum-heavy	surge	encode	2	3	315681
enum-heavy	surge	encode	2	4	324039
enum-heavy	surge	encode	2	5	323572
enum-heavy	surge	encode	2	6	327372
enum-heavy	surge	encode	2	7	319508
enum-heavy	surge	encode	2	8	325337
enum-heavy	surge	encode	2	9	320057
enum-heavy	surge	decode	1	1	778182
enum-heavy	surge	decode	1	2	779846
enum-heavy	surge	decode	1	3	774283
enum-heavy	surge	decode	1	4	774605
enum-heavy	surge	decode	1	5	800720
enum-heavy	surge	decode	1	6	774628
enum-heavy	surge	decode	1	7	771106
enum-heavy	surge	decode	1	8	770364
enum-heavy	surge	decode	1	9	789518
enum-heavy	surge	decode	2	1	781828
enum-heavy	surge	decode	2	2	777455
enum-heavy	surge	decode	2	3	781246
enum-heavy	surge	decode	2	4	779724
enum-heavy	surge	decode	2	5	778945
enum-heavy	surge	decode	2	6	778362
enum-heavy	surge	decode	2	7	733214
enum-heavy	surge	decode	2	8	769653
enum-heavy	surge	decode	2	9	767110
enum-heavy	fbs	encode	1	1	85580
enum-heavy	fbs	encode	1	2	86453
enum-heavy	fbs	encode	1	3	85140
enum-heavy	fbs	encode	1	4	85892
enum-heavy	fbs	encode	1	5	85420
enum-heavy	fbs	encode	1	6	85045
enum-heavy	fbs	encode	1	7	86623
enum-heavy	fbs	encode	1	8	85298
enum-heavy	fbs	encode	1	9	85117
enum-heavy	fbs	encode	2	1	85048
enum-heavy	fbs	encode	2	2	84351
enum-heavy	fbs	encode	2	3	85805
enum-heavy	fbs	encode	2	4	85151
enum-heavy	fbs	encode	2	5	85277
enum-heavy	fbs	encode	2	6	85119
enum-heavy	fbs	encode	2	7	85434
enum-heavy	fbs	encode	2	8	85430
enum-heavy	fbs	encode	2	9	84483
enum-heavy	fbs	decode	1	1	275585
enum-heavy	fbs	decode	1	2	275431
enum-heavy	fbs	decode	1	3	270934
enum-heavy	fbs	decode	1	4	274282
enum-heavy	fbs	decode	1	5	269895
enum-heavy	fbs	decode	1	6	274963
enum-heavy	fbs	decode	1	7	276323
enum-heavy	fbs	decode	1	8	275233
enum-heavy	fbs	decode	1	9	272230
enum-heavy	fbs	decode	2	1	274011
enum-heavy	fbs	decode	2	2	275909
enum-heavy	fbs	decode	2	3	274714
enum-heavy	fbs	decode	2	4	277476
enum-heavy	fbs	decode	2	5	273350
enum-heavy	fbs	decode	2	6	275109
enum-heavy	fbs	decode	2	7	275127
enum-heavy	fbs	decode	2	8	274069
enum-heavy	fbs	decode	2	9	278019
enum-heavy	serio	encode	1	1	42494
enum-heavy	serio	encode	1	2	42219
enum-heavy	serio	encode	1	3	42406
enum-heavy	serio	encode	1	4	42263
enum-heavy	serio	encode	1	5	42205
enum-heavy	serio	encode	1	6	42495
enum-heavy	serio	encode	1	7	42132
enum-heavy	serio	encode	1	8	42192
enum-heavy	serio	encode	1	9	42210
enum-heavy	serio	encode	2	1	42118
enum-heavy	serio	encode	2	2	42674
enum-heavy	serio	encode	2	3	42321
enum-heavy	serio	encode	2	4	41619
enum-heavy	serio	encode	2	5	42230
enum-heavy	serio	encode	2	6	42365
enum-heavy	serio	encode	2	7	42131
enum-heavy	serio	encode	2	8	42138
enum-heavy	serio	encode	2	9	41767
enum-heavy	serio	decode	1	1	108445
enum-heavy	serio	decode	1	2	109145
enum-heavy	serio	decode	1	3	108406
enum-heavy	serio	decode	1	4	108481
enum-heavy	serio	decode	1	5	110663
enum-heavy	serio	decode	1	6	110233
enum-heavy	serio	decode	1	7	109551
enum-heavy	serio	decode	1	8	109240
enum-heavy	serio	decode	1	9	110259
enum-heavy	serio	decode	2	1	107620
enum-heavy	serio	decode	2	2	107724
enum-heavy	serio	decode	2	3	107599
enum-heavy	serio	decode	2	4	108265
enum-heavy	serio	decode	2	5	107323
enum-heavy	serio	decode	2	6	107925
enum-heavy	serio	decode	2	7	107606
enum-heavy	serio	decode	2	8	108398
enum-heavy	serio	decode	2	9	107600
tagged union	surge	encode	1	1	371093
tagged union	surge	encode	1	2	357385
tagged union	surge	encode	1	3	374590
tagged union	surge	encode	1	4	373430
tagged union	surge	encode	1	5	369362
tagged union	surge	encode	1	6	371151
tagged union	surge	encode	1	7	370857
tagged union	surge	encode	1	8	370068
tagged union	surge	encode	1	9	373046
tagged union	surge	encode	2	1	376520
tagged union	surge	encode	2	2	373974
tagged union	surge	encode	2	3	377259
tagged union	surge	encode	2	4	376238
tagged union	surge	encode	2	5	372062
tagged union	surge	encode	2	6	377295
tagged union	surge	encode	2	7	373243
tagged union	surge	encode	2	8	373184
tagged union	surge	encode	2	9	370808
tagged union	surge	decode	1	1	99605
tagged union	surge	decode	1	2	99737
tagged union	surge	decode	1	3	98444
tagged union	surge	decode	1	4	97092
tagged union	surge	decode	1	5	99797
tagged union	surge	decode	1	6	97899
tagged union	surge	decode	1	7	97389
tagged union	surge	decode	1	8	103294
tagged union	surge	decode	1	9	88529
tagged union	surge	decode	2	1	98667
tagged union	surge	decode	2	2	100487
tagged union	surge	decode	2	3	100920
tagged union	surge	decode	2	4	95805
tagged union	surge	decode	2	5	95701
tagged union	surge	decode	2	6	97382
tagged union	surge	decode	2	7	97518
tagged union	surge	decode	2	8	99023
tagged union	surge	decode	2	9	101176
tagged union	fbs	encode	1	1	88350
tagged union	fbs	encode	1	2	89469
tagged union	fbs	encode	1	3	89361
tagged union	fbs	encode	1	4	89411
tagged union	fbs	encode	1	5	89508
tagged union	fbs	encode	1	6	89530
tagged union	fbs	encode	1	7	89135
tagged union	fbs	encode	1	8	88478
tagged union	fbs	encode	1	9	88276
tagged union	fbs	encode	2	1	88372
tagged union	fbs	encode	2	2	90760
tagged union	fbs	encode	2	3	89120
tagged union	fbs	encode	2	4	90758
tagged union	fbs	encode	2	5	90051
tagged union	fbs	encode	2	6	88653
tagged union	fbs	encode	2	7	89129
tagged union	fbs	encode	2	8	90390
tagged union	fbs	encode	2	9	90321
tagged union	fbs	decode	1	1	44383
tagged union	fbs	decode	1	2	45085
tagged union	fbs	decode	1	3	44228
tagged union	fbs	decode	1	4	45306
tagged union	fbs	decode	1	5	44943
tagged union	fbs	decode	1	6	44911
tagged union	fbs	decode	1	7	44562
tagged union	fbs	decode	1	8	43681
tagged union	fbs	decode	1	9	42368
tagged union	fbs	decode	2	1	45459
tagged union	fbs	decode	2	2	45063
tagged union	fbs	decode	2	3	43419
tagged union	fbs	decode	2	4	44616
tagged union	fbs	decode	2	5	45550
tagged union	fbs	decode	2	6	45998
tagged union	fbs	decode	2	7	45339
tagged union	fbs	decode	2	8	45939
tagged union	fbs	decode	2	9	44498
tagged union	serio	encode	1	1	13523
tagged union	serio	encode	1	2	13562
tagged union	serio	encode	1	3	13520
tagged union	serio	encode	1	4	13534
tagged union	serio	encode	1	5	13535
tagged union	serio	encode	1	6	13494
tagged union	serio	encode	1	7	13629
tagged union	serio	encode	1	8	13652
tagged union	serio	encode	1	9	13660
tagged union	serio	encode	2	1	13472
tagged union	serio	encode	2	2	13452
tagged union	serio	encode	2	3	13576
tagged union	serio	encode	2	4	13418
tagged union	serio	encode	2	5	13457
tagged union	serio	encode	2	6	13489
tagged union	serio	encode	2	7	13572
tagged union	serio	encode	2	8	13535
tagged union	serio	encode	2	9	13497
tagged union	serio	decode	1	1	20335
tagged union	serio	decode	1	2	19746
tagged union	serio	decode	1	3	20270
tagged union	serio	decode	1	4	19913
tagged union	serio	decode	1	5	19899
tagged union	serio	decode	1	6	20315
tagged union	serio	decode	1	7	20173
tagged union	serio	decode	1	8	20165
tagged union	serio	decode	1	9	19712
tagged union	serio	decode	2	1	20275
tagged union	serio	decode	2	2	20130
tagged union	serio	decode	2	3	20278
tagged union	serio	decode	2	4	20318
tagged union	serio	decode	2	5	20249
tagged union	serio	decode	2	6	19832
tagged union	serio	decode	2	7	20139
tagged union	serio	decode	2	8	19357
tagged union	serio	decode	2	9	19954
tagged union	blink	encode	1	1	146909
tagged union	blink	encode	1	2	135371
tagged union	blink	encode	1	3	145345
tagged union	blink	encode	1	4	146681
tagged union	blink	encode	1	5	145778
tagged union	blink	encode	1	6	146000
tagged union	blink	encode	1	7	147054
tagged union	blink	encode	1	8	146158
tagged union	blink	encode	1	9	145861
tagged union	blink	encode	2	1	149370
tagged union	blink	encode	2	2	148540
tagged union	blink	encode	2	3	148627
tagged union	blink	encode	2	4	149549
tagged union	blink	encode	2	5	148481
tagged union	blink	encode	2	6	150134
tagged union	blink	encode	2	7	148030
tagged union	blink	encode	2	8	150655
tagged union	blink	encode	2	9	139348
tagged union	blink	decode	1	1	56164
tagged union	blink	decode	1	2	56955
tagged union	blink	decode	1	3	56429
tagged union	blink	decode	1	4	57561
tagged union	blink	decode	1	5	56979
tagged union	blink	decode	1	6	56744
tagged union	blink	decode	1	7	57048
tagged union	blink	decode	1	8	55875
tagged union	blink	decode	1	9	53148
tagged union	blink	decode	2	1	56997
tagged union	blink	decode	2	2	57526
tagged union	blink	decode	2	3	57133
tagged union	blink	decode	2	4	57380
tagged union	blink	decode	2	5	56994
tagged union	blink	decode	2	6	57416
tagged union	blink	decode	2	7	57139
tagged union	blink	decode	2	8	49904
tagged union	blink	decode	2	9	57499
tagged union	baseline	encode	1	1	360863
tagged union	baseline	encode	1	2	377270
tagged union	baseline	encode	1	3	372361
tagged union	baseline	encode	1	4	374413
tagged union	baseline	encode	1	5	372894
tagged union	baseline	encode	1	6	375297
tagged union	baseline	encode	1	7	373101
tagged union	baseline	encode	1	8	375770
tagged union	baseline	encode	1	9	376507
tagged union	baseline	encode	2	1	387872
tagged union	baseline	encode	2	2	385347
tagged union	baseline	encode	2	3	381223
tagged union	baseline	encode	2	4	382490
tagged union	baseline	encode	2	5	378701
tagged union	baseline	encode	2	6	387700
tagged union	baseline	encode	2	7	384682
tagged union	baseline	encode	2	8	381689
tagged union	baseline	encode	2	9	371944
tagged union	baseline	decode	1	1	97060
tagged union	baseline	decode	1	2	97732
tagged union	baseline	decode	1	3	101040
tagged union	baseline	decode	1	4	98810
tagged union	baseline	decode	1	5	100547
tagged union	baseline	decode	1	6	98966
tagged union	baseline	decode	1	7	97674
tagged union	baseline	decode	1	8	95880
tagged union	baseline	decode	1	9	88757
tagged union	baseline	decode	2	1	97100
tagged union	baseline	decode	2	2	95006
tagged union	baseline	decode	2	3	96896
tagged union	baseline	decode	2	4	98496
tagged union	baseline	decode	2	5	98083
tagged union	baseline	decode	2	6	100352
tagged union	baseline	decode	2	7	95952
tagged union	baseline	decode	2	8	86104
tagged union	baseline	decode	2	9	97385
guarded union	surge	encode	1	1	652983
guarded union	surge	encode	1	2	647493
guarded union	surge	encode	1	3	652914
guarded union	surge	encode	1	4	645445
guarded union	surge	encode	1	5	649727
guarded union	surge	encode	1	6	648347
guarded union	surge	encode	1	7	653197
guarded union	surge	encode	1	8	623608
guarded union	surge	encode	1	9	654109
guarded union	surge	encode	2	1	644574
guarded union	surge	encode	2	2	650946
guarded union	surge	encode	2	3	649489
guarded union	surge	encode	2	4	647862
guarded union	surge	encode	2	5	649817
guarded union	surge	encode	2	6	652229
guarded union	surge	encode	2	7	658699
guarded union	surge	encode	2	8	643024
guarded union	surge	encode	2	9	639569
guarded union	surge	decode	1	1	464740
guarded union	surge	decode	1	2	463345
guarded union	surge	decode	1	3	460838
guarded union	surge	decode	1	4	458817
guarded union	surge	decode	1	5	454578
guarded union	surge	decode	1	6	455897
guarded union	surge	decode	1	7	461155
guarded union	surge	decode	1	8	455726
guarded union	surge	decode	1	9	458288
guarded union	surge	decode	2	1	456555
guarded union	surge	decode	2	2	460638
guarded union	surge	decode	2	3	462106
guarded union	surge	decode	2	4	457476
guarded union	surge	decode	2	5	449047
guarded union	surge	decode	2	6	456330
guarded union	surge	decode	2	7	463666
guarded union	surge	decode	2	8	459532
guarded union	surge	decode	2	9	456986
guarded union	fbs	encode	1	1	75153
guarded union	fbs	encode	1	2	75606
guarded union	fbs	encode	1	3	74124
guarded union	fbs	encode	1	4	74690
guarded union	fbs	encode	1	5	74127
guarded union	fbs	encode	1	6	74444
guarded union	fbs	encode	1	7	74430
guarded union	fbs	encode	1	8	74663
guarded union	fbs	encode	1	9	74419
guarded union	fbs	encode	2	1	75086
guarded union	fbs	encode	2	2	76198
guarded union	fbs	encode	2	3	75976
guarded union	fbs	encode	2	4	75682
guarded union	fbs	encode	2	5	75354
guarded union	fbs	encode	2	6	76517
guarded union	fbs	encode	2	7	75992
guarded union	fbs	encode	2	8	75182
guarded union	fbs	encode	2	9	75670
guarded union	fbs	decode	1	1	160544
guarded union	fbs	decode	1	2	158815
guarded union	fbs	decode	1	3	160052
guarded union	fbs	decode	1	4	160397
guarded union	fbs	decode	1	5	161267
guarded union	fbs	decode	1	6	159012
guarded union	fbs	decode	1	7	159776
guarded union	fbs	decode	1	8	160521
guarded union	fbs	decode	1	9	158466
guarded union	fbs	decode	2	1	160457
guarded union	fbs	decode	2	2	159153
guarded union	fbs	decode	2	3	161410
guarded union	fbs	decode	2	4	159653
guarded union	fbs	decode	2	5	160359
guarded union	fbs	decode	2	6	160534
guarded union	fbs	decode	2	7	157059
guarded union	fbs	decode	2	8	160655
guarded union	fbs	decode	2	9	158646
guarded union	serio	encode	1	1	20330
guarded union	serio	encode	1	2	20372
guarded union	serio	encode	1	3	20293
guarded union	serio	encode	1	4	20619
guarded union	serio	encode	1	5	20352
guarded union	serio	encode	1	6	20500
guarded union	serio	encode	1	7	20377
guarded union	serio	encode	1	8	20258
guarded union	serio	encode	1	9	20392
guarded union	serio	encode	2	1	20217
guarded union	serio	encode	2	2	20412
guarded union	serio	encode	2	3	20198
guarded union	serio	encode	2	4	20152
guarded union	serio	encode	2	5	20180
guarded union	serio	encode	2	6	20336
guarded union	serio	encode	2	7	20082
guarded union	serio	encode	2	8	20173
guarded union	serio	encode	2	9	20511
guarded union	serio	decode	1	1	47090
guarded union	serio	decode	1	2	47458
guarded union	serio	decode	1	3	47437
guarded union	serio	decode	1	4	47421
guarded union	serio	decode	1	5	47315
guarded union	serio	decode	1	6	47237
guarded union	serio	decode	1	7	47327
guarded union	serio	decode	1	8	46779
guarded union	serio	decode	1	9	47232
guarded union	serio	decode	2	1	47103
guarded union	serio	decode	2	2	47273
guarded union	serio	decode	2	3	47374
guarded union	serio	decode	2	4	46886
guarded union	serio	decode	2	5	47036
guarded union	serio	decode	2	6	47018
guarded union	serio	decode	2	7	47217
guarded union	serio	decode	2	8	46882
guarded union	serio	decode	2	9	46927
tree	surge	encode	1	1	473260
tree	surge	encode	1	2	464232
tree	surge	encode	1	3	470491
tree	surge	encode	1	4	469187
tree	surge	encode	1	5	477869
tree	surge	encode	1	6	467086
tree	surge	encode	1	7	309650
tree	surge	encode	1	8	471039
tree	surge	encode	1	9	469418
tree	surge	encode	2	1	462408
tree	surge	encode	2	2	462518
tree	surge	encode	2	3	458851
tree	surge	encode	2	4	462287
tree	surge	encode	2	5	465563
tree	surge	encode	2	6	464812
tree	surge	encode	2	7	456915
tree	surge	encode	2	8	464238
tree	surge	encode	2	9	462363
tree	surge	decode	1	1	96970
tree	surge	decode	1	2	99973
tree	surge	decode	1	3	99560
tree	surge	decode	1	4	97452
tree	surge	decode	1	5	94770
tree	surge	decode	1	6	93623
tree	surge	decode	1	7	95507
tree	surge	decode	1	8	94876
tree	surge	decode	1	9	85952
tree	surge	decode	2	1	98726
tree	surge	decode	2	2	100464
tree	surge	decode	2	3	99536
tree	surge	decode	2	4	89558
tree	surge	decode	2	5	91355
tree	surge	decode	2	6	95237
tree	surge	decode	2	7	99670
tree	surge	decode	2	8	98608
tree	surge	decode	2	9	99179
tree	baseline	encode	1	1	453562
tree	baseline	encode	1	2	470399
tree	baseline	encode	1	3	460637
tree	baseline	encode	1	4	463141
tree	baseline	encode	1	5	462416
tree	baseline	encode	1	6	354550
tree	baseline	encode	1	7	464226
tree	baseline	encode	1	8	459752
tree	baseline	encode	1	9	464715
tree	baseline	encode	2	1	452122
tree	baseline	encode	2	2	454336
tree	baseline	encode	2	3	448919
tree	baseline	encode	2	4	448440
tree	baseline	encode	2	5	456583
tree	baseline	encode	2	6	455804
tree	baseline	encode	2	7	457511
tree	baseline	encode	2	8	453986
tree	baseline	encode	2	9	452503
tree	baseline	decode	1	1	101363
tree	baseline	decode	1	2	96866
tree	baseline	decode	1	3	102780
tree	baseline	decode	1	4	96961
tree	baseline	decode	1	5	95892
tree	baseline	decode	1	6	94289
tree	baseline	decode	1	7	100525
tree	baseline	decode	1	8	99891
tree	baseline	decode	1	9	82346
tree	baseline	decode	2	1	99502
tree	baseline	decode	2	2	97203
tree	baseline	decode	2	3	93617
tree	baseline	decode	2	4	91835
tree	baseline	decode	2	5	92194
tree	baseline	decode	2	6	99562
tree	baseline	decode	2	7	98460
tree	baseline	decode	2	8	100063
tree	baseline	decode	2	9	101834
instance references	surge	encode	1	1	981165
instance references	surge	encode	1	2	994402
instance references	surge	encode	1	3	981033
instance references	surge	encode	1	4	991200
instance references	surge	encode	1	5	956730
instance references	surge	encode	1	6	994249
instance references	surge	encode	1	7	985448
instance references	surge	encode	1	8	839415
instance references	surge	encode	1	9	985782
instance references	surge	encode	2	1	964586
instance references	surge	encode	2	2	978104
instance references	surge	encode	2	3	969876
instance references	surge	encode	2	4	978693
instance references	surge	encode	2	5	980921
instance references	surge	encode	2	6	970464
instance references	surge	encode	2	7	971382
instance references	surge	encode	2	8	999911
instance references	surge	encode	2	9	969907
instance references	surge	decode	1	1	260852
instance references	surge	decode	1	2	267416
instance references	surge	decode	1	3	268470
instance references	surge	decode	1	4	279981
instance references	surge	decode	1	5	269834
instance references	surge	decode	1	6	266177
instance references	surge	decode	1	7	272326
instance references	surge	decode	1	8	265426
instance references	surge	decode	1	9	273866
instance references	surge	decode	2	1	265630
instance references	surge	decode	2	2	263736
instance references	surge	decode	2	3	275992
instance references	surge	decode	2	4	266091
instance references	surge	decode	2	5	261168
instance references	surge	decode	2	6	259266
instance references	surge	decode	2	7	268233
instance references	surge	decode	2	8	269744
instance references	surge	decode	2	9	273800
instance references	fbs	encode	1	1	249366
instance references	fbs	encode	1	2	250519
instance references	fbs	encode	1	3	253633
instance references	fbs	encode	1	4	252125
instance references	fbs	encode	1	5	252104
instance references	fbs	encode	1	6	253855
instance references	fbs	encode	1	7	250383
instance references	fbs	encode	1	8	249667
instance references	fbs	encode	1	9	249547
instance references	fbs	encode	2	1	252194
instance references	fbs	encode	2	2	251365
instance references	fbs	encode	2	3	248324
instance references	fbs	encode	2	4	244462
instance references	fbs	encode	2	5	252895
instance references	fbs	encode	2	6	249978
instance references	fbs	encode	2	7	247084
instance references	fbs	encode	2	8	248092
instance references	fbs	encode	2	9	246052
instance references	fbs	decode	1	1	139947
instance references	fbs	decode	1	2	146959
instance references	fbs	decode	1	3	148828
instance references	fbs	decode	1	4	143716
instance references	fbs	decode	1	5	147652
instance references	fbs	decode	1	6	146224
instance references	fbs	decode	1	7	147362
instance references	fbs	decode	1	8	144736
instance references	fbs	decode	1	9	147168
instance references	fbs	decode	2	1	149040
instance references	fbs	decode	2	2	146705
instance references	fbs	decode	2	3	144894
instance references	fbs	decode	2	4	144153
instance references	fbs	decode	2	5	144340
instance references	fbs	decode	2	6	146349
instance references	fbs	decode	2	7	146312
instance references	fbs	decode	2	8	146870
instance references	fbs	decode	2	9	146156
instance references	serio	encode	1	1	47968
instance references	serio	encode	1	2	48055
instance references	serio	encode	1	3	48389
instance references	serio	encode	1	4	47911
instance references	serio	encode	1	5	47979
instance references	serio	encode	1	6	48015
instance references	serio	encode	1	7	47597
instance references	serio	encode	1	8	48099
instance references	serio	encode	1	9	48725
instance references	serio	encode	2	1	48463
instance references	serio	encode	2	2	48734
instance references	serio	encode	2	3	48651
instance references	serio	encode	2	4	47748
instance references	serio	encode	2	5	48331
instance references	serio	encode	2	6	48680
instance references	serio	encode	2	7	47815
instance references	serio	encode	2	8	47936
instance references	serio	encode	2	9	48004
instance references	serio	decode	1	1	58911
instance references	serio	decode	1	2	60561
instance references	serio	decode	1	3	60412
instance references	serio	decode	1	4	60599
instance references	serio	decode	1	5	60809
instance references	serio	decode	1	6	60365
instance references	serio	decode	1	7	59483
instance references	serio	decode	1	8	60624
instance references	serio	decode	1	9	60660
instance references	serio	decode	2	1	60636
instance references	serio	decode	2	2	60387
instance references	serio	decode	2	3	58532
instance references	serio	decode	2	4	59962
instance references	serio	decode	2	5	60535
instance references	serio	decode	2	6	59865
instance references	serio	decode	2	7	60392
instance references	serio	decode	2	8	59995
instance references	serio	decode	2	9	58660
instance references	baseline	encode	1	1	970189
instance references	baseline	encode	1	2	949803
instance references	baseline	encode	1	3	941041
instance references	baseline	encode	1	4	949562
instance references	baseline	encode	1	5	953595
instance references	baseline	encode	1	6	962195
instance references	baseline	encode	1	7	856013
instance references	baseline	encode	1	8	935980
instance references	baseline	encode	1	9	933734
instance references	baseline	encode	2	1	930150
instance references	baseline	encode	2	2	949543
instance references	baseline	encode	2	3	935625
instance references	baseline	encode	2	4	941167
instance references	baseline	encode	2	5	946717
instance references	baseline	encode	2	6	940136
instance references	baseline	encode	2	7	952859
instance references	baseline	encode	2	8	951057
instance references	baseline	encode	2	9	885953
instance references	baseline	decode	1	1	278405
instance references	baseline	decode	1	2	274756
instance references	baseline	decode	1	3	274808
instance references	baseline	decode	1	4	267413
instance references	baseline	decode	1	5	275072
instance references	baseline	decode	1	6	277443
instance references	baseline	decode	1	7	277399
instance references	baseline	decode	1	8	265524
instance references	baseline	decode	1	9	279919
instance references	baseline	decode	2	1	282815
instance references	baseline	decode	2	2	274009
instance references	baseline	decode	2	3	274024
instance references	baseline	decode	2	4	266312
instance references	baseline	decode	2	5	277391
instance references	baseline	decode	2	6	283483
instance references	baseline	decode	2	7	272533
instance references	baseline	decode	2	8	262315
instance references	baseline	decode	2	9	278599
toggles (unpacked)	surge	encode	1	1	4412517
toggles (unpacked)	surge	encode	1	2	4492952
toggles (unpacked)	surge	encode	1	3	4319935
toggles (unpacked)	surge	encode	1	4	4428624
toggles (unpacked)	surge	encode	1	5	4427833
toggles (unpacked)	surge	encode	1	6	4459556
toggles (unpacked)	surge	encode	1	7	4450266
toggles (unpacked)	surge	encode	1	8	4443468
toggles (unpacked)	surge	encode	1	9	4218499
toggles (unpacked)	surge	encode	2	1	4406852
toggles (unpacked)	surge	encode	2	2	4371838
toggles (unpacked)	surge	encode	2	3	4451378
toggles (unpacked)	surge	encode	2	4	4451016
toggles (unpacked)	surge	encode	2	5	4429276
toggles (unpacked)	surge	encode	2	6	4373605
toggles (unpacked)	surge	encode	2	7	4372327
toggles (unpacked)	surge	encode	2	8	4389254
toggles (unpacked)	surge	encode	2	9	4409087
toggles (unpacked)	surge	decode	1	1	2988205
toggles (unpacked)	surge	decode	1	2	2946863
toggles (unpacked)	surge	decode	1	3	2919809
toggles (unpacked)	surge	decode	1	4	2898530
toggles (unpacked)	surge	decode	1	5	2956411
toggles (unpacked)	surge	decode	1	6	2970705
toggles (unpacked)	surge	decode	1	7	2946374
toggles (unpacked)	surge	decode	1	8	2989859
toggles (unpacked)	surge	decode	1	9	2961157
toggles (unpacked)	surge	decode	2	1	2929337
toggles (unpacked)	surge	decode	2	2	2948495
toggles (unpacked)	surge	decode	2	3	2968670
toggles (unpacked)	surge	decode	2	4	2978743
toggles (unpacked)	surge	decode	2	5	2995947
toggles (unpacked)	surge	decode	2	6	3033679
toggles (unpacked)	surge	decode	2	7	3020708
toggles (unpacked)	surge	decode	2	8	2993702
toggles (unpacked)	surge	decode	2	9	2983674
toggles (unpacked)	fbs	encode	1	1	1534934
toggles (unpacked)	fbs	encode	1	2	1519811
toggles (unpacked)	fbs	encode	1	3	1538033
toggles (unpacked)	fbs	encode	1	4	1544025
toggles (unpacked)	fbs	encode	1	5	1520184
toggles (unpacked)	fbs	encode	1	6	1530678
toggles (unpacked)	fbs	encode	1	7	1527164
toggles (unpacked)	fbs	encode	1	8	1509371
toggles (unpacked)	fbs	encode	1	9	1469766
toggles (unpacked)	fbs	encode	2	1	1511961
toggles (unpacked)	fbs	encode	2	2	1479262
toggles (unpacked)	fbs	encode	2	3	1504975
toggles (unpacked)	fbs	encode	2	4	1488894
toggles (unpacked)	fbs	encode	2	5	1459612
toggles (unpacked)	fbs	encode	2	6	1459919
toggles (unpacked)	fbs	encode	2	7	1540639
toggles (unpacked)	fbs	encode	2	8	1525416
toggles (unpacked)	fbs	encode	2	9	1508361
toggles (unpacked)	fbs	decode	1	1	1570331
toggles (unpacked)	fbs	decode	1	2	1552478
toggles (unpacked)	fbs	decode	1	3	1556502
toggles (unpacked)	fbs	decode	1	4	1563227
toggles (unpacked)	fbs	decode	1	5	1560382
toggles (unpacked)	fbs	decode	1	6	1581969
toggles (unpacked)	fbs	decode	1	7	1566804
toggles (unpacked)	fbs	decode	1	8	1524933
toggles (unpacked)	fbs	decode	1	9	1526473
toggles (unpacked)	fbs	decode	2	1	1592878
toggles (unpacked)	fbs	decode	2	2	1576711
toggles (unpacked)	fbs	decode	2	3	1563692
toggles (unpacked)	fbs	decode	2	4	1572728
toggles (unpacked)	fbs	decode	2	5	1587160
toggles (unpacked)	fbs	decode	2	6	1586918
toggles (unpacked)	fbs	decode	2	7	1553138
toggles (unpacked)	fbs	decode	2	8	1572369
toggles (unpacked)	fbs	decode	2	9	1582333
toggles (unpacked)	serio	encode	1	1	400232
toggles (unpacked)	serio	encode	1	2	406661
toggles (unpacked)	serio	encode	1	3	411948
toggles (unpacked)	serio	encode	1	4	407972
toggles (unpacked)	serio	encode	1	5	407462
toggles (unpacked)	serio	encode	1	6	401628
toggles (unpacked)	serio	encode	1	7	409985
toggles (unpacked)	serio	encode	1	8	396547
toggles (unpacked)	serio	encode	1	9	411634
toggles (unpacked)	serio	encode	2	1	405461
toggles (unpacked)	serio	encode	2	2	407616
toggles (unpacked)	serio	encode	2	3	409355
toggles (unpacked)	serio	encode	2	4	410777
toggles (unpacked)	serio	encode	2	5	413932
toggles (unpacked)	serio	encode	2	6	403007
toggles (unpacked)	serio	encode	2	7	411888
toggles (unpacked)	serio	encode	2	8	414178
toggles (unpacked)	serio	encode	2	9	408069
toggles (unpacked)	serio	decode	1	1	643024
toggles (unpacked)	serio	decode	1	2	642452
toggles (unpacked)	serio	decode	1	3	652005
toggles (unpacked)	serio	decode	1	4	654954
toggles (unpacked)	serio	decode	1	5	646912
toggles (unpacked)	serio	decode	1	6	645981
toggles (unpacked)	serio	decode	1	7	655686
toggles (unpacked)	serio	decode	1	8	632258
toggles (unpacked)	serio	decode	1	9	649211
toggles (unpacked)	serio	decode	2	1	643113
toggles (unpacked)	serio	decode	2	2	653734
toggles (unpacked)	serio	decode	2	3	651056
toggles (unpacked)	serio	decode	2	4	644156
toggles (unpacked)	serio	decode	2	5	643472
toggles (unpacked)	serio	decode	2	6	644445
toggles (unpacked)	serio	decode	2	7	646791
toggles (unpacked)	serio	decode	2	8	645835
toggles (unpacked)	serio	decode	2	9	649201
toggles (unpacked)	blink	encode	1	1	2173232
toggles (unpacked)	blink	encode	1	2	2137855
toggles (unpacked)	blink	encode	1	3	2171470
toggles (unpacked)	blink	encode	1	4	2198606
toggles (unpacked)	blink	encode	1	5	2208809
toggles (unpacked)	blink	encode	1	6	2206537
toggles (unpacked)	blink	encode	1	7	2192733
toggles (unpacked)	blink	encode	1	8	2086147
toggles (unpacked)	blink	encode	1	9	2192452
toggles (unpacked)	blink	encode	2	1	2236240
toggles (unpacked)	blink	encode	2	2	2224722
toggles (unpacked)	blink	encode	2	3	2198562
toggles (unpacked)	blink	encode	2	4	2114890
toggles (unpacked)	blink	encode	2	5	2155423
toggles (unpacked)	blink	encode	2	6	2204588
toggles (unpacked)	blink	encode	2	7	2211930
toggles (unpacked)	blink	encode	2	8	2171764
toggles (unpacked)	blink	encode	2	9	2229321
toggles (unpacked)	blink	decode	1	1	1736230
toggles (unpacked)	blink	decode	1	2	1753371
toggles (unpacked)	blink	decode	1	3	1723759
toggles (unpacked)	blink	decode	1	4	1766942
toggles (unpacked)	blink	decode	1	5	1750163
toggles (unpacked)	blink	decode	1	6	1759113
toggles (unpacked)	blink	decode	1	7	1727263
toggles (unpacked)	blink	decode	1	8	1757031
toggles (unpacked)	blink	decode	1	9	1738561
toggles (unpacked)	blink	decode	2	1	1784625
toggles (unpacked)	blink	decode	2	2	1784709
toggles (unpacked)	blink	decode	2	3	1786480
toggles (unpacked)	blink	decode	2	4	1790653
toggles (unpacked)	blink	decode	2	5	1736047
toggles (unpacked)	blink	decode	2	6	1751904
toggles (unpacked)	blink	decode	2	7	1773031
toggles (unpacked)	blink	decode	2	8	1765080
toggles (unpacked)	blink	decode	2	9	1745929
toggles (packed)	surge	encode	1	1	4732249
toggles (packed)	surge	encode	1	2	4659945
toggles (packed)	surge	encode	1	3	4636160
toggles (packed)	surge	encode	1	4	4756499
toggles (packed)	surge	encode	1	5	4763140
toggles (packed)	surge	encode	1	6	4697378
toggles (packed)	surge	encode	1	7	4719408
toggles (packed)	surge	encode	1	8	4676100
toggles (packed)	surge	encode	1	9	4702114
toggles (packed)	surge	encode	2	1	4790857
toggles (packed)	surge	encode	2	2	4633179
toggles (packed)	surge	encode	2	3	4744542
toggles (packed)	surge	encode	2	4	4795080
toggles (packed)	surge	encode	2	5	4709188
toggles (packed)	surge	encode	2	6	4690992
toggles (packed)	surge	encode	2	7	4715557
toggles (packed)	surge	encode	2	8	4167352
toggles (packed)	surge	encode	2	9	4398115
toggles (packed)	surge	decode	1	1	3290358
toggles (packed)	surge	decode	1	2	3283619
toggles (packed)	surge	decode	1	3	3224133
toggles (packed)	surge	decode	1	4	3277708
toggles (packed)	surge	decode	1	5	3215334
toggles (packed)	surge	decode	1	6	3274701
toggles (packed)	surge	decode	1	7	3219831
toggles (packed)	surge	decode	1	8	2916908
toggles (packed)	surge	decode	1	9	2915139
toggles (packed)	surge	decode	2	1	3188696
toggles (packed)	surge	decode	2	2	3291491
toggles (packed)	surge	decode	2	3	3174229
toggles (packed)	surge	decode	2	4	3212001
toggles (packed)	surge	decode	2	5	3265166
toggles (packed)	surge	decode	2	6	3241107
toggles (packed)	surge	decode	2	7	2984869
toggles (packed)	surge	decode	2	8	3119918
toggles (packed)	surge	decode	2	9	3223031
toggles (packed)	fbs	encode	1	1	1333628
toggles (packed)	fbs	encode	1	2	1338664
toggles (packed)	fbs	encode	1	3	1320681
toggles (packed)	fbs	encode	1	4	1335465
toggles (packed)	fbs	encode	1	5	1343390
toggles (packed)	fbs	encode	1	6	1333687
toggles (packed)	fbs	encode	1	7	1334161
toggles (packed)	fbs	encode	1	8	1337880
toggles (packed)	fbs	encode	1	9	1340785
toggles (packed)	fbs	encode	2	1	1333119
toggles (packed)	fbs	encode	2	2	1337358
toggles (packed)	fbs	encode	2	3	1322194
toggles (packed)	fbs	encode	2	4	1340706
toggles (packed)	fbs	encode	2	5	1330624
toggles (packed)	fbs	encode	2	6	1322596
toggles (packed)	fbs	encode	2	7	1324654
toggles (packed)	fbs	encode	2	8	1315690
toggles (packed)	fbs	encode	2	9	1301008
toggles (packed)	fbs	decode	1	1	1283550
toggles (packed)	fbs	decode	1	2	1256017
toggles (packed)	fbs	decode	1	3	1230835
toggles (packed)	fbs	decode	1	4	1266874
toggles (packed)	fbs	decode	1	5	1279645
toggles (packed)	fbs	decode	1	6	1263549
toggles (packed)	fbs	decode	1	7	1265350
toggles (packed)	fbs	decode	1	8	1212884
toggles (packed)	fbs	decode	1	9	1264106
toggles (packed)	fbs	decode	2	1	1273969
toggles (packed)	fbs	decode	2	2	1252370
toggles (packed)	fbs	decode	2	3	1273173
toggles (packed)	fbs	decode	2	4	1250092
toggles (packed)	fbs	decode	2	5	1288260
toggles (packed)	fbs	decode	2	6	1258010
toggles (packed)	fbs	decode	2	7	1232299
toggles (packed)	fbs	decode	2	8	1252355
toggles (packed)	fbs	decode	2	9	1251833
toggles (packed)	serio	encode	1	1	344976
toggles (packed)	serio	encode	1	2	342865
toggles (packed)	serio	encode	1	3	342152
toggles (packed)	serio	encode	1	4	343108
toggles (packed)	serio	encode	1	5	342376
toggles (packed)	serio	encode	1	6	344816
toggles (packed)	serio	encode	1	7	342525
toggles (packed)	serio	encode	1	8	342278
toggles (packed)	serio	encode	1	9	341737
toggles (packed)	serio	encode	2	1	343415
toggles (packed)	serio	encode	2	2	345279
toggles (packed)	serio	encode	2	3	342228
toggles (packed)	serio	encode	2	4	343381
toggles (packed)	serio	encode	2	5	342044
toggles (packed)	serio	encode	2	6	344924
toggles (packed)	serio	encode	2	7	338638
toggles (packed)	serio	encode	2	8	335746
toggles (packed)	serio	encode	2	9	336638
toggles (packed)	serio	decode	1	1	448470
toggles (packed)	serio	decode	1	2	449037
toggles (packed)	serio	decode	1	3	454424
toggles (packed)	serio	decode	1	4	458545
toggles (packed)	serio	decode	1	5	449647
toggles (packed)	serio	decode	1	6	442841
toggles (packed)	serio	decode	1	7	452459
toggles (packed)	serio	decode	1	8	439006
toggles (packed)	serio	decode	1	9	448577
toggles (packed)	serio	decode	2	1	448573
toggles (packed)	serio	decode	2	2	450292
toggles (packed)	serio	decode	2	3	450137
toggles (packed)	serio	decode	2	4	451103
toggles (packed)	serio	decode	2	5	446349
toggles (packed)	serio	decode	2	6	454446
toggles (packed)	serio	decode	2	7	455825
toggles (packed)	serio	decode	2	8	450502
toggles (packed)	serio	decode	2	9	452211
toggles (packed)	baseline	encode	1	1	4886774
toggles (packed)	baseline	encode	1	2	4883411
toggles (packed)	baseline	encode	1	3	4851194
toggles (packed)	baseline	encode	1	4	4848537
toggles (packed)	baseline	encode	1	5	4900584
toggles (packed)	baseline	encode	1	6	4895014
toggles (packed)	baseline	encode	1	7	4928272
toggles (packed)	baseline	encode	1	8	4786097
toggles (packed)	baseline	encode	1	9	4809461
toggles (packed)	baseline	encode	2	1	4832880
toggles (packed)	baseline	encode	2	2	4859490
toggles (packed)	baseline	encode	2	3	4858943
toggles (packed)	baseline	encode	2	4	4679605
toggles (packed)	baseline	encode	2	5	4689988
toggles (packed)	baseline	encode	2	6	4733419
toggles (packed)	baseline	encode	2	7	4279970
toggles (packed)	baseline	encode	2	8	4469754
toggles (packed)	baseline	encode	2	9	4764521
toggles (packed)	baseline	decode	1	1	3268446
toggles (packed)	baseline	decode	1	2	3174056
toggles (packed)	baseline	decode	1	3	3285788
toggles (packed)	baseline	decode	1	4	3254318
toggles (packed)	baseline	decode	1	5	3280092
toggles (packed)	baseline	decode	1	6	3236683
toggles (packed)	baseline	decode	1	7	3095943
toggles (packed)	baseline	decode	1	8	2878074
toggles (packed)	baseline	decode	1	9	3246698
toggles (packed)	baseline	decode	2	1	3247740
toggles (packed)	baseline	decode	2	2	3180665
toggles (packed)	baseline	decode	2	3	3275570
toggles (packed)	baseline	decode	2	4	3162212
toggles (packed)	baseline	decode	2	5	3212330
toggles (packed)	baseline	decode	2	6	3223147
toggles (packed)	baseline	decode	2	7	3200778
toggles (packed)	baseline	decode	2	8	3242216
toggles (packed)	baseline	decode	2	9	3211032
CFrame array	surge	encode	1	1	269293
CFrame array	surge	encode	1	2	272405
CFrame array	surge	encode	1	3	276450
CFrame array	surge	encode	1	4	275062
CFrame array	surge	encode	1	5	270997
CFrame array	surge	encode	1	6	269465
CFrame array	surge	encode	1	7	273491
CFrame array	surge	encode	1	8	274429
CFrame array	surge	encode	1	9	273371
CFrame array	surge	encode	2	1	266595
CFrame array	surge	encode	2	2	269106
CFrame array	surge	encode	2	3	271534
CFrame array	surge	encode	2	4	269994
CFrame array	surge	encode	2	5	268296
CFrame array	surge	encode	2	6	274720
CFrame array	surge	encode	2	7	271576
CFrame array	surge	encode	2	8	267320
CFrame array	surge	encode	2	9	269794
CFrame array	surge	decode	1	1	143837
CFrame array	surge	decode	1	2	144303
CFrame array	surge	decode	1	3	143578
CFrame array	surge	decode	1	4	133419
CFrame array	surge	decode	1	5	143708
CFrame array	surge	decode	1	6	144952
CFrame array	surge	decode	1	7	144799
CFrame array	surge	decode	1	8	144741
CFrame array	surge	decode	1	9	144991
CFrame array	surge	decode	2	1	142255
CFrame array	surge	decode	2	2	139996
CFrame array	surge	decode	2	3	141468
CFrame array	surge	decode	2	4	142454
CFrame array	surge	decode	2	5	144029
CFrame array	surge	decode	2	6	140265
CFrame array	surge	decode	2	7	133673
CFrame array	surge	decode	2	8	142910
CFrame array	surge	decode	2	9	143142
CFrame array	fbs	encode	1	1	209389
CFrame array	fbs	encode	1	2	209537
CFrame array	fbs	encode	1	3	208598
CFrame array	fbs	encode	1	4	208911
CFrame array	fbs	encode	1	5	208719
CFrame array	fbs	encode	1	6	208420
CFrame array	fbs	encode	1	7	207777
CFrame array	fbs	encode	1	8	207430
CFrame array	fbs	encode	1	9	207808
CFrame array	fbs	encode	2	1	204339
CFrame array	fbs	encode	2	2	208729
CFrame array	fbs	encode	2	3	207690
CFrame array	fbs	encode	2	4	206377
CFrame array	fbs	encode	2	5	207185
CFrame array	fbs	encode	2	6	205939
CFrame array	fbs	encode	2	7	207661
CFrame array	fbs	encode	2	8	206913
CFrame array	fbs	encode	2	9	208243
CFrame array	fbs	decode	1	1	115735
CFrame array	fbs	decode	1	2	119484
CFrame array	fbs	decode	1	3	119703
CFrame array	fbs	decode	1	4	119680
CFrame array	fbs	decode	1	5	120993
CFrame array	fbs	decode	1	6	114739
CFrame array	fbs	decode	1	7	120459
CFrame array	fbs	decode	1	8	121335
CFrame array	fbs	decode	1	9	120392
CFrame array	fbs	decode	2	1	118527
CFrame array	fbs	decode	2	2	119673
CFrame array	fbs	decode	2	3	120871
CFrame array	fbs	decode	2	4	120688
CFrame array	fbs	decode	2	5	119488
CFrame array	fbs	decode	2	6	118964
CFrame array	fbs	decode	2	7	114560
CFrame array	fbs	decode	2	8	121824
CFrame array	fbs	decode	2	9	119119
CFrame array	serio	encode	1	1	17622
CFrame array	serio	encode	1	2	17255
CFrame array	serio	encode	1	3	17330
CFrame array	serio	encode	1	4	17554
CFrame array	serio	encode	1	5	17705
CFrame array	serio	encode	1	6	17662
CFrame array	serio	encode	1	7	17596
CFrame array	serio	encode	1	8	17531
CFrame array	serio	encode	1	9	17509
CFrame array	serio	encode	2	1	17570
CFrame array	serio	encode	2	2	17008
CFrame array	serio	encode	2	3	17309
CFrame array	serio	encode	2	4	17372
CFrame array	serio	encode	2	5	17379
CFrame array	serio	encode	2	6	16945
CFrame array	serio	encode	2	7	17267
CFrame array	serio	encode	2	8	17599
CFrame array	serio	encode	2	9	17412
CFrame array	serio	decode	1	1	31954
CFrame array	serio	decode	1	2	32392
CFrame array	serio	decode	1	3	32710
CFrame array	serio	decode	1	4	32192
CFrame array	serio	decode	1	5	32499
CFrame array	serio	decode	1	6	32094
CFrame array	serio	decode	1	7	32471
CFrame array	serio	decode	1	8	32475
CFrame array	serio	decode	1	9	32371
CFrame array	serio	decode	2	1	32433
CFrame array	serio	decode	2	2	32564
CFrame array	serio	decode	2	3	31705
CFrame array	serio	decode	2	4	32350
CFrame array	serio	decode	2	5	32114
CFrame array	serio	decode	2	6	32222
CFrame array	serio	decode	2	7	31544
CFrame array	serio	decode	2	8	31883
CFrame array	serio	decode	2	9	32325
CFrame array	blink	encode	1	1	234486
CFrame array	blink	encode	1	2	233807
CFrame array	blink	encode	1	3	233362
CFrame array	blink	encode	1	4	230755
CFrame array	blink	encode	1	5	230135
CFrame array	blink	encode	1	6	231922
CFrame array	blink	encode	1	7	233561
CFrame array	blink	encode	1	8	233827
CFrame array	blink	encode	1	9	232946
CFrame array	blink	encode	2	1	233429
CFrame array	blink	encode	2	2	232280
CFrame array	blink	encode	2	3	235801
CFrame array	blink	encode	2	4	235308
CFrame array	blink	encode	2	5	235832
CFrame array	blink	encode	2	6	235195
CFrame array	blink	encode	2	7	234618
CFrame array	blink	encode	2	8	231778
CFrame array	blink	encode	2	9	237627
CFrame array	blink	decode	1	1	110989
CFrame array	blink	decode	1	2	110084
CFrame array	blink	decode	1	3	109636
CFrame array	blink	decode	1	4	107573
CFrame array	blink	decode	1	5	109504
CFrame array	blink	decode	1	6	108546
CFrame array	blink	decode	1	7	108760
CFrame array	blink	decode	1	8	108799
CFrame array	blink	decode	1	9	107472
CFrame array	blink	decode	2	1	108486
CFrame array	blink	decode	2	2	108056
CFrame array	blink	decode	2	3	106168
CFrame array	blink	decode	2	4	107533
CFrame array	blink	decode	2	5	106706
CFrame array	blink	decode	2	6	106854
CFrame array	blink	decode	2	7	100759
CFrame array	blink	decode	2	8	106917
CFrame array	blink	decode	2	9	106732
CFrame array	baseline	encode	1	1	277617
CFrame array	baseline	encode	1	2	268596
CFrame array	baseline	encode	1	3	270336
CFrame array	baseline	encode	1	4	277833
CFrame array	baseline	encode	1	5	274855
CFrame array	baseline	encode	1	6	270840
CFrame array	baseline	encode	1	7	271733
CFrame array	baseline	encode	1	8	270565
CFrame array	baseline	encode	1	9	279137
CFrame array	baseline	encode	2	1	277076
CFrame array	baseline	encode	2	2	273357
CFrame array	baseline	encode	2	3	276140
CFrame array	baseline	encode	2	4	277738
CFrame array	baseline	encode	2	5	268586
CFrame array	baseline	encode	2	6	269781
CFrame array	baseline	encode	2	7	279088
CFrame array	baseline	encode	2	8	278799
CFrame array	baseline	encode	2	9	273427
CFrame array	baseline	decode	1	1	144250
CFrame array	baseline	decode	1	2	144079
CFrame array	baseline	decode	1	3	143539
CFrame array	baseline	decode	1	4	144495
CFrame array	baseline	decode	1	5	143387
CFrame array	baseline	decode	1	6	144321
CFrame array	baseline	decode	1	7	144129
CFrame array	baseline	decode	1	8	143488
CFrame array	baseline	decode	1	9	134366
CFrame array	baseline	decode	2	1	142466
CFrame array	baseline	decode	2	2	143262
CFrame array	baseline	decode	2	3	144313
CFrame array	baseline	decode	2	4	141178
CFrame array	baseline	decode	2	5	139509
CFrame array	baseline	decode	2	6	136872
CFrame array	baseline	decode	2	7	137161
CFrame array	baseline	decode	2	8	143765
CFrame array	baseline	decode	2	9	142132
CFrame array (packed, axis-aligned)	surge	encode	1	1	186510
CFrame array (packed, axis-aligned)	surge	encode	1	2	188457
CFrame array (packed, axis-aligned)	surge	encode	1	3	186041
CFrame array (packed, axis-aligned)	surge	encode	1	4	188562
CFrame array (packed, axis-aligned)	surge	encode	1	5	189126
CFrame array (packed, axis-aligned)	surge	encode	1	6	186366
CFrame array (packed, axis-aligned)	surge	encode	1	7	185506
CFrame array (packed, axis-aligned)	surge	encode	1	8	187475
CFrame array (packed, axis-aligned)	surge	encode	1	9	187361
CFrame array (packed, axis-aligned)	surge	encode	2	1	188726
CFrame array (packed, axis-aligned)	surge	encode	2	2	191261
CFrame array (packed, axis-aligned)	surge	encode	2	3	186201
CFrame array (packed, axis-aligned)	surge	encode	2	4	185635
CFrame array (packed, axis-aligned)	surge	encode	2	5	189262
CFrame array (packed, axis-aligned)	surge	encode	2	6	188234
CFrame array (packed, axis-aligned)	surge	encode	2	7	188016
CFrame array (packed, axis-aligned)	surge	encode	2	8	189280
CFrame array (packed, axis-aligned)	surge	encode	2	9	188085
CFrame array (packed, axis-aligned)	surge	decode	1	1	279484
CFrame array (packed, axis-aligned)	surge	decode	1	2	280236
CFrame array (packed, axis-aligned)	surge	decode	1	3	278702
CFrame array (packed, axis-aligned)	surge	decode	1	4	274383
CFrame array (packed, axis-aligned)	surge	decode	1	5	276090
CFrame array (packed, axis-aligned)	surge	decode	1	6	277299
CFrame array (packed, axis-aligned)	surge	decode	1	7	279027
CFrame array (packed, axis-aligned)	surge	decode	1	8	279947
CFrame array (packed, axis-aligned)	surge	decode	1	9	277742
CFrame array (packed, axis-aligned)	surge	decode	2	1	276214
CFrame array (packed, axis-aligned)	surge	decode	2	2	273491
CFrame array (packed, axis-aligned)	surge	decode	2	3	272058
CFrame array (packed, axis-aligned)	surge	decode	2	4	274571
CFrame array (packed, axis-aligned)	surge	decode	2	5	270831
CFrame array (packed, axis-aligned)	surge	decode	2	6	276057
CFrame array (packed, axis-aligned)	surge	decode	2	7	271196
CFrame array (packed, axis-aligned)	surge	decode	2	8	272788
CFrame array (packed, axis-aligned)	surge	decode	2	9	270594
CFrame array (packed, axis-aligned)	fbs	encode	1	1	32658
CFrame array (packed, axis-aligned)	fbs	encode	1	2	32468
CFrame array (packed, axis-aligned)	fbs	encode	1	3	32886
CFrame array (packed, axis-aligned)	fbs	encode	1	4	32842
CFrame array (packed, axis-aligned)	fbs	encode	1	5	32019
CFrame array (packed, axis-aligned)	fbs	encode	1	6	32703
CFrame array (packed, axis-aligned)	fbs	encode	1	7	32471
CFrame array (packed, axis-aligned)	fbs	encode	1	8	32236
CFrame array (packed, axis-aligned)	fbs	encode	1	9	32252
CFrame array (packed, axis-aligned)	fbs	encode	2	1	32094
CFrame array (packed, axis-aligned)	fbs	encode	2	2	31723
CFrame array (packed, axis-aligned)	fbs	encode	2	3	32749
CFrame array (packed, axis-aligned)	fbs	encode	2	4	32315
CFrame array (packed, axis-aligned)	fbs	encode	2	5	32115
CFrame array (packed, axis-aligned)	fbs	encode	2	6	32479
CFrame array (packed, axis-aligned)	fbs	encode	2	7	32102
CFrame array (packed, axis-aligned)	fbs	encode	2	8	32012
CFrame array (packed, axis-aligned)	fbs	encode	2	9	32223
CFrame array (packed, axis-aligned)	fbs	decode	1	1	113399
CFrame array (packed, axis-aligned)	fbs	decode	1	2	113254
CFrame array (packed, axis-aligned)	fbs	decode	1	3	112728
CFrame array (packed, axis-aligned)	fbs	decode	1	4	114165
CFrame array (packed, axis-aligned)	fbs	decode	1	5	113019
CFrame array (packed, axis-aligned)	fbs	decode	1	6	112286
CFrame array (packed, axis-aligned)	fbs	decode	1	7	111017
CFrame array (packed, axis-aligned)	fbs	decode	1	8	113313
CFrame array (packed, axis-aligned)	fbs	decode	1	9	114199
CFrame array (packed, axis-aligned)	fbs	decode	2	1	111627
CFrame array (packed, axis-aligned)	fbs	decode	2	2	110881
CFrame array (packed, axis-aligned)	fbs	decode	2	3	110026
CFrame array (packed, axis-aligned)	fbs	decode	2	4	111750
CFrame array (packed, axis-aligned)	fbs	decode	2	5	110655
CFrame array (packed, axis-aligned)	fbs	decode	2	6	112448
CFrame array (packed, axis-aligned)	fbs	decode	2	7	110412
CFrame array (packed, axis-aligned)	fbs	decode	2	8	109357
CFrame array (packed, axis-aligned)	fbs	decode	2	9	109026
CFrame array (packed, axis-aligned)	serio	encode	1	1	5466
CFrame array (packed, axis-aligned)	serio	encode	1	2	5521
CFrame array (packed, axis-aligned)	serio	encode	1	3	5424
CFrame array (packed, axis-aligned)	serio	encode	1	4	5465
CFrame array (packed, axis-aligned)	serio	encode	1	5	5576
CFrame array (packed, axis-aligned)	serio	encode	1	6	5511
CFrame array (packed, axis-aligned)	serio	encode	1	7	5538
CFrame array (packed, axis-aligned)	serio	encode	1	8	5537
CFrame array (packed, axis-aligned)	serio	encode	1	9	5510
CFrame array (packed, axis-aligned)	serio	encode	2	1	5424
CFrame array (packed, axis-aligned)	serio	encode	2	2	5531
CFrame array (packed, axis-aligned)	serio	encode	2	3	5488
CFrame array (packed, axis-aligned)	serio	encode	2	4	5538
CFrame array (packed, axis-aligned)	serio	encode	2	5	5573
CFrame array (packed, axis-aligned)	serio	encode	2	6	5500
CFrame array (packed, axis-aligned)	serio	encode	2	7	5467
CFrame array (packed, axis-aligned)	serio	encode	2	8	5468
CFrame array (packed, axis-aligned)	serio	encode	2	9	5530
CFrame array (packed, axis-aligned)	serio	decode	1	1	28114
CFrame array (packed, axis-aligned)	serio	decode	1	2	28459
CFrame array (packed, axis-aligned)	serio	decode	1	3	28219
CFrame array (packed, axis-aligned)	serio	decode	1	4	28115
CFrame array (packed, axis-aligned)	serio	decode	1	5	27747
CFrame array (packed, axis-aligned)	serio	decode	1	6	28221
CFrame array (packed, axis-aligned)	serio	decode	1	7	28614
CFrame array (packed, axis-aligned)	serio	decode	1	8	27987
CFrame array (packed, axis-aligned)	serio	decode	1	9	28391
CFrame array (packed, axis-aligned)	serio	decode	2	1	28223
CFrame array (packed, axis-aligned)	serio	decode	2	2	27863
CFrame array (packed, axis-aligned)	serio	decode	2	3	28365
CFrame array (packed, axis-aligned)	serio	decode	2	4	28134
CFrame array (packed, axis-aligned)	serio	decode	2	5	27794
CFrame array (packed, axis-aligned)	serio	decode	2	6	27750
CFrame array (packed, axis-aligned)	serio	decode	2	7	27466
CFrame array (packed, axis-aligned)	serio	decode	2	8	28214
CFrame array (packed, axis-aligned)	serio	decode	2	9	28156
CFrame array (packed, arbitrary)	surge	encode	1	1	141319
CFrame array (packed, arbitrary)	surge	encode	1	2	139906
CFrame array (packed, arbitrary)	surge	encode	1	3	140072
CFrame array (packed, arbitrary)	surge	encode	1	4	140963
CFrame array (packed, arbitrary)	surge	encode	1	5	141425
CFrame array (packed, arbitrary)	surge	encode	1	6	142109
CFrame array (packed, arbitrary)	surge	encode	1	7	141249
CFrame array (packed, arbitrary)	surge	encode	1	8	141432
CFrame array (packed, arbitrary)	surge	encode	1	9	141163
CFrame array (packed, arbitrary)	surge	encode	2	1	142156
CFrame array (packed, arbitrary)	surge	encode	2	2	141861
CFrame array (packed, arbitrary)	surge	encode	2	3	141884
CFrame array (packed, arbitrary)	surge	encode	2	4	143117
CFrame array (packed, arbitrary)	surge	encode	2	5	143303
CFrame array (packed, arbitrary)	surge	encode	2	6	141160
CFrame array (packed, arbitrary)	surge	encode	2	7	143586
CFrame array (packed, arbitrary)	surge	encode	2	8	141172
CFrame array (packed, arbitrary)	surge	encode	2	9	142505
CFrame array (packed, arbitrary)	surge	decode	1	1	121269
CFrame array (packed, arbitrary)	surge	decode	1	2	117787
CFrame array (packed, arbitrary)	surge	decode	1	3	113457
CFrame array (packed, arbitrary)	surge	decode	1	4	114277
CFrame array (packed, arbitrary)	surge	decode	1	5	114766
CFrame array (packed, arbitrary)	surge	decode	1	6	120779
CFrame array (packed, arbitrary)	surge	decode	1	7	117231
CFrame array (packed, arbitrary)	surge	decode	1	8	120019
CFrame array (packed, arbitrary)	surge	decode	1	9	119921
CFrame array (packed, arbitrary)	surge	decode	2	1	121208
CFrame array (packed, arbitrary)	surge	decode	2	2	119203
CFrame array (packed, arbitrary)	surge	decode	2	3	119459
CFrame array (packed, arbitrary)	surge	decode	2	4	119703
CFrame array (packed, arbitrary)	surge	decode	2	5	118324
CFrame array (packed, arbitrary)	surge	decode	2	6	119247
CFrame array (packed, arbitrary)	surge	decode	2	7	118577
CFrame array (packed, arbitrary)	surge	decode	2	8	118434
CFrame array (packed, arbitrary)	surge	decode	2	9	119121
CFrame array (packed, arbitrary)	fbs	encode	1	1	31555
CFrame array (packed, arbitrary)	fbs	encode	1	2	31196
CFrame array (packed, arbitrary)	fbs	encode	1	3	31235
CFrame array (packed, arbitrary)	fbs	encode	1	4	31414
CFrame array (packed, arbitrary)	fbs	encode	1	5	31606
CFrame array (packed, arbitrary)	fbs	encode	1	6	31873
CFrame array (packed, arbitrary)	fbs	encode	1	7	31962
CFrame array (packed, arbitrary)	fbs	encode	1	8	31656
CFrame array (packed, arbitrary)	fbs	encode	1	9	31537
CFrame array (packed, arbitrary)	fbs	encode	2	1	31611
CFrame array (packed, arbitrary)	fbs	encode	2	2	31897
CFrame array (packed, arbitrary)	fbs	encode	2	3	31129
CFrame array (packed, arbitrary)	fbs	encode	2	4	31198
CFrame array (packed, arbitrary)	fbs	encode	2	5	30863
CFrame array (packed, arbitrary)	fbs	encode	2	6	31138
CFrame array (packed, arbitrary)	fbs	encode	2	7	31521
CFrame array (packed, arbitrary)	fbs	encode	2	8	31685
CFrame array (packed, arbitrary)	fbs	encode	2	9	31407
CFrame array (packed, arbitrary)	fbs	decode	1	1	113106
CFrame array (packed, arbitrary)	fbs	decode	1	2	106933
CFrame array (packed, arbitrary)	fbs	decode	1	3	111891
CFrame array (packed, arbitrary)	fbs	decode	1	4	111368
CFrame array (packed, arbitrary)	fbs	decode	1	5	108631
CFrame array (packed, arbitrary)	fbs	decode	1	6	113467
CFrame array (packed, arbitrary)	fbs	decode	1	7	107422
CFrame array (packed, arbitrary)	fbs	decode	1	8	105289
CFrame array (packed, arbitrary)	fbs	decode	1	9	109864
CFrame array (packed, arbitrary)	fbs	decode	2	1	110263
CFrame array (packed, arbitrary)	fbs	decode	2	2	109788
CFrame array (packed, arbitrary)	fbs	decode	2	3	109402
CFrame array (packed, arbitrary)	fbs	decode	2	4	108208
CFrame array (packed, arbitrary)	fbs	decode	2	5	109951
CFrame array (packed, arbitrary)	fbs	decode	2	6	110034
CFrame array (packed, arbitrary)	fbs	decode	2	7	110714
CFrame array (packed, arbitrary)	fbs	decode	2	8	109172
CFrame array (packed, arbitrary)	fbs	decode	2	9	109223
CFrame array (packed, arbitrary)	serio	encode	1	1	5473
CFrame array (packed, arbitrary)	serio	encode	1	2	5473
CFrame array (packed, arbitrary)	serio	encode	1	3	5494
CFrame array (packed, arbitrary)	serio	encode	1	4	5499
CFrame array (packed, arbitrary)	serio	encode	1	5	5417
CFrame array (packed, arbitrary)	serio	encode	1	6	5448
CFrame array (packed, arbitrary)	serio	encode	1	7	5393
CFrame array (packed, arbitrary)	serio	encode	1	8	5434
CFrame array (packed, arbitrary)	serio	encode	1	9	5469
CFrame array (packed, arbitrary)	serio	encode	2	1	5387
CFrame array (packed, arbitrary)	serio	encode	2	2	5391
CFrame array (packed, arbitrary)	serio	encode	2	3	5364
CFrame array (packed, arbitrary)	serio	encode	2	4	5446
CFrame array (packed, arbitrary)	serio	encode	2	5	5508
CFrame array (packed, arbitrary)	serio	encode	2	6	5411
CFrame array (packed, arbitrary)	serio	encode	2	7	5394
CFrame array (packed, arbitrary)	serio	encode	2	8	5375
CFrame array (packed, arbitrary)	serio	encode	2	9	5422
CFrame array (packed, arbitrary)	serio	decode	1	1	28166
CFrame array (packed, arbitrary)	serio	decode	1	2	28463
CFrame array (packed, arbitrary)	serio	decode	1	3	28563
CFrame array (packed, arbitrary)	serio	decode	1	4	28654
CFrame array (packed, arbitrary)	serio	decode	1	5	28154
CFrame array (packed, arbitrary)	serio	decode	1	6	28397
CFrame array (packed, arbitrary)	serio	decode	1	7	28144
CFrame array (packed, arbitrary)	serio	decode	1	8	28480
CFrame array (packed, arbitrary)	serio	decode	1	9	28474
CFrame array (packed, arbitrary)	serio	decode	2	1	28202
CFrame array (packed, arbitrary)	serio	decode	2	2	28006
CFrame array (packed, arbitrary)	serio	decode	2	3	27964
CFrame array (packed, arbitrary)	serio	decode	2	4	28487
CFrame array (packed, arbitrary)	serio	decode	2	5	28545
CFrame array (packed, arbitrary)	serio	decode	2	6	28084
CFrame array (packed, arbitrary)	serio	decode	2	7	27887
CFrame array (packed, arbitrary)	serio	decode	2	8	28271
CFrame array (packed, arbitrary)	serio	decode	2	9	27826
Blink: Booleans	surge	encode	1	1	205742
Blink: Booleans	surge	encode	1	2	201976
Blink: Booleans	surge	encode	1	3	207509
Blink: Booleans	surge	encode	1	4	209262
Blink: Booleans	surge	encode	1	5	206745
Blink: Booleans	surge	encode	1	6	208206
Blink: Booleans	surge	encode	1	7	205714
Blink: Booleans	surge	encode	1	8	209395
Blink: Booleans	surge	encode	1	9	206398
Blink: Booleans	surge	encode	2	1	200155
Blink: Booleans	surge	encode	2	2	203677
Blink: Booleans	surge	encode	2	3	206814
Blink: Booleans	surge	encode	2	4	203968
Blink: Booleans	surge	encode	2	5	202109
Blink: Booleans	surge	encode	2	6	200374
Blink: Booleans	surge	encode	2	7	208701
Blink: Booleans	surge	encode	2	8	202331
Blink: Booleans	surge	encode	2	9	199910
Blink: Booleans	surge	decode	1	1	113566
Blink: Booleans	surge	decode	1	2	113597
Blink: Booleans	surge	decode	1	3	114821
Blink: Booleans	surge	decode	1	4	111442
Blink: Booleans	surge	decode	1	5	115778
Blink: Booleans	surge	decode	1	6	115604
Blink: Booleans	surge	decode	1	7	117286
Blink: Booleans	surge	decode	1	8	111672
Blink: Booleans	surge	decode	1	9	113614
Blink: Booleans	surge	decode	2	1	112910
Blink: Booleans	surge	decode	2	2	113068
Blink: Booleans	surge	decode	2	3	113066
Blink: Booleans	surge	decode	2	4	109196
Blink: Booleans	surge	decode	2	5	111884
Blink: Booleans	surge	decode	2	6	112301
Blink: Booleans	surge	decode	2	7	113337
Blink: Booleans	surge	decode	2	8	108695
Blink: Booleans	surge	decode	2	9	110584
Blink: Booleans	fbs	encode	1	1	53116
Blink: Booleans	fbs	encode	1	2	52402
Blink: Booleans	fbs	encode	1	3	52649
Blink: Booleans	fbs	encode	1	4	53353
Blink: Booleans	fbs	encode	1	5	53465
Blink: Booleans	fbs	encode	1	6	53451
Blink: Booleans	fbs	encode	1	7	53259
Blink: Booleans	fbs	encode	1	8	52944
Blink: Booleans	fbs	encode	1	9	54094
Blink: Booleans	fbs	encode	2	1	52287
Blink: Booleans	fbs	encode	2	2	52960
Blink: Booleans	fbs	encode	2	3	52836
Blink: Booleans	fbs	encode	2	4	52944
Blink: Booleans	fbs	encode	2	5	53122
Blink: Booleans	fbs	encode	2	6	52854
Blink: Booleans	fbs	encode	2	7	52957
Blink: Booleans	fbs	encode	2	8	53268
Blink: Booleans	fbs	encode	2	9	54024
Blink: Booleans	fbs	decode	1	1	40597
Blink: Booleans	fbs	decode	1	2	40180
Blink: Booleans	fbs	decode	1	3	40536
Blink: Booleans	fbs	decode	1	4	40431
Blink: Booleans	fbs	decode	1	5	40292
Blink: Booleans	fbs	decode	1	6	40896
Blink: Booleans	fbs	decode	1	7	41191
Blink: Booleans	fbs	decode	1	8	40934
Blink: Booleans	fbs	decode	1	9	40549
Blink: Booleans	fbs	decode	2	1	40021
Blink: Booleans	fbs	decode	2	2	40421
Blink: Booleans	fbs	decode	2	3	40743
Blink: Booleans	fbs	decode	2	4	40034
Blink: Booleans	fbs	decode	2	5	40250
Blink: Booleans	fbs	decode	2	6	40481
Blink: Booleans	fbs	decode	2	7	40330
Blink: Booleans	fbs	decode	2	8	40589
Blink: Booleans	fbs	decode	2	9	40521
Blink: Booleans	serio	encode	1	1	10406
Blink: Booleans	serio	encode	1	2	10312
Blink: Booleans	serio	encode	1	3	10445
Blink: Booleans	serio	encode	1	4	10343
Blink: Booleans	serio	encode	1	5	10329
Blink: Booleans	serio	encode	1	6	10343
Blink: Booleans	serio	encode	1	7	10364
Blink: Booleans	serio	encode	1	8	10341
Blink: Booleans	serio	encode	1	9	10356
Blink: Booleans	serio	encode	2	1	10328
Blink: Booleans	serio	encode	2	2	10317
Blink: Booleans	serio	encode	2	3	10366
Blink: Booleans	serio	encode	2	4	10325
Blink: Booleans	serio	encode	2	5	10316
Blink: Booleans	serio	encode	2	6	10385
Blink: Booleans	serio	encode	2	7	10294
Blink: Booleans	serio	encode	2	8	10311
Blink: Booleans	serio	encode	2	9	10359
Blink: Booleans	serio	decode	1	1	11942
Blink: Booleans	serio	decode	1	2	11776
Blink: Booleans	serio	decode	1	3	12011
Blink: Booleans	serio	decode	1	4	11894
Blink: Booleans	serio	decode	1	5	11952
Blink: Booleans	serio	decode	1	6	12008
Blink: Booleans	serio	decode	1	7	11772
Blink: Booleans	serio	decode	1	8	12020
Blink: Booleans	serio	decode	1	9	11866
Blink: Booleans	serio	decode	2	1	11725
Blink: Booleans	serio	decode	2	2	11820
Blink: Booleans	serio	decode	2	3	11788
Blink: Booleans	serio	decode	2	4	11617
Blink: Booleans	serio	decode	2	5	11691
Blink: Booleans	serio	decode	2	6	11702
Blink: Booleans	serio	decode	2	7	11842
Blink: Booleans	serio	decode	2	8	11732
Blink: Booleans	serio	decode	2	9	11807
Blink: Booleans	blink	encode	1	1	117221
Blink: Booleans	blink	encode	1	2	115315
Blink: Booleans	blink	encode	1	3	115609
Blink: Booleans	blink	encode	1	4	117056
Blink: Booleans	blink	encode	1	5	116208
Blink: Booleans	blink	encode	1	6	116988
Blink: Booleans	blink	encode	1	7	118160
Blink: Booleans	blink	encode	1	8	116537
Blink: Booleans	blink	encode	1	9	117716
Blink: Booleans	blink	encode	2	1	113268
Blink: Booleans	blink	encode	2	2	111673
Blink: Booleans	blink	encode	2	3	111113
Blink: Booleans	blink	encode	2	4	113775
Blink: Booleans	blink	encode	2	5	114836
Blink: Booleans	blink	encode	2	6	112063
Blink: Booleans	blink	encode	2	7	114412
Blink: Booleans	blink	encode	2	8	114173
Blink: Booleans	blink	encode	2	9	114324
Blink: Booleans	blink	decode	1	1	73739
Blink: Booleans	blink	decode	1	2	74146
Blink: Booleans	blink	decode	1	3	72214
Blink: Booleans	blink	decode	1	4	71892
Blink: Booleans	blink	decode	1	5	72616
Blink: Booleans	blink	decode	1	6	71925
Blink: Booleans	blink	decode	1	7	74349
Blink: Booleans	blink	decode	1	8	72428
Blink: Booleans	blink	decode	1	9	73889
Blink: Booleans	blink	decode	2	1	72662
Blink: Booleans	blink	decode	2	2	69535
Blink: Booleans	blink	decode	2	3	72842
Blink: Booleans	blink	decode	2	4	72400
Blink: Booleans	blink	decode	2	5	73729
Blink: Booleans	blink	decode	2	6	69744
Blink: Booleans	blink	decode	2	7	69878
Blink: Booleans	blink	decode	2	8	72620
Blink: Booleans	blink	decode	2	9	72505
Blink: Entities	surge	encode	1	1	541010
Blink: Entities	surge	encode	1	2	536385
Blink: Entities	surge	encode	1	3	507763
Blink: Entities	surge	encode	1	4	543933
Blink: Entities	surge	encode	1	5	537783
Blink: Entities	surge	encode	1	6	535807
Blink: Entities	surge	encode	1	7	538027
Blink: Entities	surge	encode	1	8	534964
Blink: Entities	surge	encode	1	9	542064
Blink: Entities	surge	encode	2	1	544182
Blink: Entities	surge	encode	2	2	533356
Blink: Entities	surge	encode	2	3	526429
Blink: Entities	surge	encode	2	4	536841
Blink: Entities	surge	encode	2	5	538084
Blink: Entities	surge	encode	2	6	542498
Blink: Entities	surge	encode	2	7	538450
Blink: Entities	surge	encode	2	8	539549
Blink: Entities	surge	encode	2	9	549739
Blink: Entities	surge	decode	1	1	63936
Blink: Entities	surge	decode	1	2	59739
Blink: Entities	surge	decode	1	3	58384
Blink: Entities	surge	decode	1	4	48715
Blink: Entities	surge	decode	1	5	60355
Blink: Entities	surge	decode	1	6	61923
Blink: Entities	surge	decode	1	7	60474
Blink: Entities	surge	decode	1	8	63610
Blink: Entities	surge	decode	1	9	63638
Blink: Entities	surge	decode	2	1	63531
Blink: Entities	surge	decode	2	2	65443
Blink: Entities	surge	decode	2	3	64663
Blink: Entities	surge	decode	2	4	63597
Blink: Entities	surge	decode	2	5	61597
Blink: Entities	surge	decode	2	6	63305
Blink: Entities	surge	decode	2	7	63709
Blink: Entities	surge	decode	2	8	63734
Blink: Entities	surge	decode	2	9	60783
Blink: Entities	fbs	encode	1	1	81740
Blink: Entities	fbs	encode	1	2	79466
Blink: Entities	fbs	encode	1	3	80337
Blink: Entities	fbs	encode	1	4	80026
Blink: Entities	fbs	encode	1	5	81150
Blink: Entities	fbs	encode	1	6	80645
Blink: Entities	fbs	encode	1	7	82427
Blink: Entities	fbs	encode	1	8	79227
Blink: Entities	fbs	encode	1	9	79712
Blink: Entities	fbs	encode	2	1	80294
Blink: Entities	fbs	encode	2	2	80035
Blink: Entities	fbs	encode	2	3	79339
Blink: Entities	fbs	encode	2	4	79653
Blink: Entities	fbs	encode	2	5	80569
Blink: Entities	fbs	encode	2	6	79707
Blink: Entities	fbs	encode	2	7	82051
Blink: Entities	fbs	encode	2	8	80338
Blink: Entities	fbs	encode	2	9	80488
Blink: Entities	fbs	decode	1	1	36748
Blink: Entities	fbs	decode	1	2	33677
Blink: Entities	fbs	decode	1	3	34242
Blink: Entities	fbs	decode	1	4	30740
Blink: Entities	fbs	decode	1	5	34785
Blink: Entities	fbs	decode	1	6	34695
Blink: Entities	fbs	decode	1	7	34876
Blink: Entities	fbs	decode	1	8	34933
Blink: Entities	fbs	decode	1	9	35861
Blink: Entities	fbs	decode	2	1	36529
Blink: Entities	fbs	decode	2	2	35386
Blink: Entities	fbs	decode	2	3	36187
Blink: Entities	fbs	decode	2	4	35611
Blink: Entities	fbs	decode	2	5	35234
Blink: Entities	fbs	decode	2	6	35632
Blink: Entities	fbs	decode	2	7	36008
Blink: Entities	fbs	decode	2	8	34995
Blink: Entities	fbs	decode	2	9	35286
Blink: Entities	serio	encode	1	1	11167
Blink: Entities	serio	encode	1	2	11131
Blink: Entities	serio	encode	1	3	11116
Blink: Entities	serio	encode	1	4	11156
Blink: Entities	serio	encode	1	5	11167
Blink: Entities	serio	encode	1	6	10926
Blink: Entities	serio	encode	1	7	11166
Blink: Entities	serio	encode	1	8	11104
Blink: Entities	serio	encode	1	9	11166
Blink: Entities	serio	encode	2	1	11112
Blink: Entities	serio	encode	2	2	11081
Blink: Entities	serio	encode	2	3	11117
Blink: Entities	serio	encode	2	4	11127
Blink: Entities	serio	encode	2	5	11123
Blink: Entities	serio	encode	2	6	11112
Blink: Entities	serio	encode	2	7	11099
Blink: Entities	serio	encode	2	8	11143
Blink: Entities	serio	encode	2	9	11120
Blink: Entities	serio	decode	1	1	22540
Blink: Entities	serio	decode	1	2	21782
Blink: Entities	serio	decode	1	3	22080
Blink: Entities	serio	decode	1	4	22277
Blink: Entities	serio	decode	1	5	22119
Blink: Entities	serio	decode	1	6	22524
Blink: Entities	serio	decode	1	7	21832
Blink: Entities	serio	decode	1	8	22362
Blink: Entities	serio	decode	1	9	22317
Blink: Entities	serio	decode	2	1	22222
Blink: Entities	serio	decode	2	2	22295
Blink: Entities	serio	decode	2	3	22343
Blink: Entities	serio	decode	2	4	21946
Blink: Entities	serio	decode	2	5	22330
Blink: Entities	serio	decode	2	6	21963
Blink: Entities	serio	decode	2	7	22158
Blink: Entities	serio	decode	2	8	22580
Blink: Entities	serio	decode	2	9	22305
Blink: Entities	blink	encode	1	1	304924
Blink: Entities	blink	encode	1	2	307063
Blink: Entities	blink	encode	1	3	303043
Blink: Entities	blink	encode	1	4	301667
Blink: Entities	blink	encode	1	5	303524
Blink: Entities	blink	encode	1	6	303949
Blink: Entities	blink	encode	1	7	305993
Blink: Entities	blink	encode	1	8	310952
Blink: Entities	blink	encode	1	9	302202
Blink: Entities	blink	encode	2	1	299785
Blink: Entities	blink	encode	2	2	303502
Blink: Entities	blink	encode	2	3	310629
Blink: Entities	blink	encode	2	4	312012
Blink: Entities	blink	encode	2	5	313095
Blink: Entities	blink	encode	2	6	313158
Blink: Entities	blink	encode	2	7	308483
Blink: Entities	blink	encode	2	8	307596
Blink: Entities	blink	encode	2	9	310391
Blink: Entities	blink	decode	1	1	37591
Blink: Entities	blink	decode	1	2	33671
Blink: Entities	blink	decode	1	3	32290
Blink: Entities	blink	decode	1	4	35590
Blink: Entities	blink	decode	1	5	36321
Blink: Entities	blink	decode	1	6	35962
Blink: Entities	blink	decode	1	7	36495
Blink: Entities	blink	decode	1	8	36219
Blink: Entities	blink	decode	1	9	36242
Blink: Entities	blink	decode	2	1	37609
Blink: Entities	blink	decode	2	2	38014
Blink: Entities	blink	decode	2	3	37105
Blink: Entities	blink	decode	2	4	36181
Blink: Entities	blink	decode	2	5	37491
Blink: Entities	blink	decode	2	6	37800
Blink: Entities	blink	decode	2	7	37735
Blink: Entities	blink	decode	2	8	37071
Blink: Entities	blink	decode	2	9	36766
