# Trials behind speed.md. Written by `mise run bench:speed`; do not edit by hand.
# Date: 2026-10-09
# Roblox: 0.742.0.7421053
# Machine: 12th Gen Intel(R) Core(TM) i9-12900KF, 16 threads, win32 10.0.26200
# Runs: 2, back to back
# Commit: 1ad50a6
# roblox-ts: 3.0.0
# @rbxts/flamework-binary-serializer: 0.7.0
# @rbxts/serio: 1.2.7
# @flamework-experimental/core: 2.0.0-alpha.8
# Blink: 0.18.8
# Method: 9 trials per cell, each at least 0.2 seconds of calls after 0.1 seconds of warm-up calls, timed in chunks of 250 calls so that the yields between chunks are not in the time; within a row the libraries take turns, one trial each, and 3 idle frames separate one row from the next; before any trial, every cell decodes its buffer once, and a run in which a cell round-trips worse than the size table records is not recorded
fixture	library	half	run	trial	rate
small flat struct	surge	encode	1	1	6088895
small flat struct	surge	encode	1	2	5543423
small flat struct	surge	encode	1	3	5647683
small flat struct	surge	encode	1	4	6078212
small flat struct	surge	encode	1	5	5993717
small flat struct	surge	encode	1	6	6052076
small flat struct	surge	encode	1	7	5587627
small flat struct	surge	encode	1	8	5919806
small flat struct	surge	encode	1	9	6106847
small flat struct	surge	encode	2	1	6028268
small flat struct	surge	encode	2	2	5715293
small flat struct	surge	encode	2	3	5818490
small flat struct	surge	encode	2	4	5973666
small flat struct	surge	encode	2	5	5803851
small flat struct	surge	encode	2	6	5856999
small flat struct	surge	encode	2	7	5885738
small flat struct	surge	encode	2	8	5876886
small flat struct	surge	encode	2	9	5813640
small flat struct	surge	decode	1	1	5811180
small flat struct	surge	decode	1	2	5807213
small flat struct	surge	decode	1	3	5362380
small flat struct	surge	decode	1	4	5909628
small flat struct	surge	decode	1	5	5855687
small flat struct	surge	decode	1	6	5849786
small flat struct	surge	decode	1	7	5990134
small flat struct	surge	decode	1	8	5878300
small flat struct	surge	decode	1	9	5813837
small flat struct	surge	decode	2	1	5884803
small flat struct	surge	decode	2	2	6005448
small flat struct	surge	decode	2	3	5830687
small flat struct	surge	decode	2	4	6003240
small flat struct	surge	decode	2	5	6000770
small flat struct	surge	decode	2	6	5966975
small flat struct	surge	decode	2	7	5951982
small flat struct	surge	decode	2	8	5917507
small flat struct	surge	decode	2	9	5872450
small flat struct	fbs	encode	1	1	2564689
small flat struct	fbs	encode	1	2	2049994
small flat struct	fbs	encode	1	3	2425700
small flat struct	fbs	encode	1	4	2523528
small flat struct	fbs	encode	1	5	2553657
small flat struct	fbs	encode	1	6	2509754
small flat struct	fbs	encode	1	7	2414253
small flat struct	fbs	encode	1	8	2530845
small flat struct	fbs	encode	1	9	2566190
small flat struct	fbs	encode	2	1	2324598
small flat struct	fbs	encode	2	2	2476709
small flat struct	fbs	encode	2	3	2515436
small flat struct	fbs	encode	2	4	2519733
small flat struct	fbs	encode	2	5	2524565
small flat struct	fbs	encode	2	6	2520927
small flat struct	fbs	encode	2	7	2533880
small flat struct	fbs	encode	2	8	2503374
small flat struct	fbs	encode	2	9	2546240
small flat struct	fbs	decode	1	1	3558697
small flat struct	fbs	decode	1	2	3569868
small flat struct	fbs	decode	1	3	3281812
small flat struct	fbs	decode	1	4	3519572
small flat struct	fbs	decode	1	5	3513348
small flat struct	fbs	decode	1	6	3513407
small flat struct	fbs	decode	1	7	3442409
small flat struct	fbs	decode	1	8	3501183
small flat struct	fbs	decode	1	9	3483504
small flat struct	fbs	decode	2	1	3472455
small flat struct	fbs	decode	2	2	3430368
small flat struct	fbs	decode	2	3	3483715
small flat struct	fbs	decode	2	4	3445523
small flat struct	fbs	decode	2	5	3438312
small flat struct	fbs	decode	2	6	3432119
small flat struct	fbs	decode	2	7	3477936
small flat struct	fbs	decode	2	8	3482952
small flat struct	fbs	decode	2	9	3419094
small flat struct	serio	encode	1	1	840329
small flat struct	serio	encode	1	2	761402
small flat struct	serio	encode	1	3	844906
small flat struct	serio	encode	1	4	826676
small flat struct	serio	encode	1	5	815705
small flat struct	serio	encode	1	6	831300
small flat struct	serio	encode	1	7	800355
small flat struct	serio	encode	1	8	828253
small flat struct	serio	encode	1	9	823350
small flat struct	serio	encode	2	1	797424
small flat struct	serio	encode	2	2	834986
small flat struct	serio	encode	2	3	844321
small flat struct	serio	encode	2	4	839092
small flat struct	serio	encode	2	5	842292
small flat struct	serio	encode	2	6	844191
small flat struct	serio	encode	2	7	844092
small flat struct	serio	encode	2	8	839951
small flat struct	serio	encode	2	9	820142
small flat struct	serio	decode	1	1	1654610
small flat struct	serio	decode	1	2	1653875
small flat struct	serio	decode	1	3	1599937
small flat struct	serio	decode	1	4	1660430
small flat struct	serio	decode	1	5	1645758
small flat struct	serio	decode	1	6	1673801
small flat struct	serio	decode	1	7	1668325
small flat struct	serio	decode	1	8	1638945
small flat struct	serio	decode	1	9	1644304
small flat struct	serio	decode	2	1	1665859
small flat struct	serio	decode	2	2	1666770
small flat struct	serio	decode	2	3	1641920
small flat struct	serio	decode	2	4	1673865
small flat struct	serio	decode	2	5	1663585
small flat struct	serio	decode	2	6	1681721
small flat struct	serio	decode	2	7	1656164
small flat struct	serio	decode	2	8	1647004
small flat struct	serio	decode	2	9	1646153
small flat struct	flamework2	encode	1	1	6132493
small flat struct	flamework2	encode	1	2	5577821
small flat struct	flamework2	encode	1	3	5999973
small flat struct	flamework2	encode	1	4	6092080
small flat struct	flamework2	encode	1	5	6170932
small flat struct	flamework2	encode	1	6	6050376
small flat struct	flamework2	encode	1	7	5621090
small flat struct	flamework2	encode	1	8	6182315
small flat struct	flamework2	encode	1	9	6253984
small flat struct	flamework2	encode	2	1	5722345
small flat struct	flamework2	encode	2	2	5826072
small flat struct	flamework2	encode	2	3	5950114
small flat struct	flamework2	encode	2	4	6022536
small flat struct	flamework2	encode	2	5	5899463
small flat struct	flamework2	encode	2	6	5992722
small flat struct	flamework2	encode	2	7	6018726
small flat struct	flamework2	encode	2	8	5916692
small flat struct	flamework2	encode	2	9	5958767
small flat struct	flamework2	decode	1	1	5679861
small flat struct	flamework2	decode	1	2	5687116
small flat struct	flamework2	decode	1	3	5061855
small flat struct	flamework2	decode	1	4	5554481
small flat struct	flamework2	decode	1	5	5758986
small flat struct	flamework2	decode	1	6	5697360
small flat struct	flamework2	decode	1	7	5672908
small flat struct	flamework2	decode	1	8	5660056
small flat struct	flamework2	decode	1	9	5649809
small flat struct	flamework2	decode	2	1	5682486
small flat struct	flamework2	decode	2	2	5642063
small flat struct	flamework2	decode	2	3	5721627
small flat struct	flamework2	decode	2	4	5617553
small flat struct	flamework2	decode	2	5	5701685
small flat struct	flamework2	decode	2	6	5597147
small flat struct	flamework2	decode	2	7	5580485
small flat struct	flamework2	decode	2	8	5798159
small flat struct	flamework2	decode	2	9	5839700
small flat struct	blink	encode	1	1	2786190
small flat struct	blink	encode	1	2	2472703
small flat struct	blink	encode	1	3	2748518
small flat struct	blink	encode	1	4	2732254
small flat struct	blink	encode	1	5	2781987
small flat struct	blink	encode	1	6	2736336
small flat struct	blink	encode	1	7	2574709
small flat struct	blink	encode	1	8	2774484
small flat struct	blink	encode	1	9	2754730
small flat struct	blink	encode	2	1	2662559
small flat struct	blink	encode	2	2	2660137
small flat struct	blink	encode	2	3	2707924
small flat struct	blink	encode	2	4	2730804
small flat struct	blink	encode	2	5	2737225
small flat struct	blink	encode	2	6	2683617
small flat struct	blink	encode	2	7	2684890
small flat struct	blink	encode	2	8	2729097
small flat struct	blink	encode	2	9	2648599
small flat struct	blink	decode	1	1	3464785
small flat struct	blink	decode	1	2	3413058
small flat struct	blink	decode	1	3	3249844
small flat struct	blink	decode	1	4	3469827
small flat struct	blink	decode	1	5	3438881
small flat struct	blink	decode	1	6	3466026
small flat struct	blink	decode	1	7	3501775
small flat struct	blink	decode	1	8	3503743
small flat struct	blink	decode	1	9	3483668
small flat struct	blink	decode	2	1	3491931
small flat struct	blink	decode	2	2	3521516
small flat struct	blink	decode	2	3	3461993
small flat struct	blink	decode	2	4	3420797
small flat struct	blink	decode	2	5	3428676
small flat struct	blink	decode	2	6	3478303
small flat struct	blink	decode	2	7	3452585
small flat struct	blink	decode	2	8	3422394
small flat struct	blink	decode	2	9	3433628
small flat struct	baseline	encode	1	1	6275563
small flat struct	baseline	encode	1	2	5917294
small flat struct	baseline	encode	1	3	6209494
small flat struct	baseline	encode	1	4	6186548
small flat struct	baseline	encode	1	5	6203133
small flat struct	baseline	encode	1	6	5883659
small flat struct	baseline	encode	1	7	6011965
small flat struct	baseline	encode	1	8	6204466
small flat struct	baseline	encode	1	9	6206650
small flat struct	baseline	encode	2	1	5885829
small flat struct	baseline	encode	2	2	6176320
small flat struct	baseline	encode	2	3	6056120
small flat struct	baseline	encode	2	4	6233105
small flat struct	baseline	encode	2	5	6135317
small flat struct	baseline	encode	2	6	6222089
small flat struct	baseline	encode	2	7	6221396
small flat struct	baseline	encode	2	8	6200847
small flat struct	baseline	encode	2	9	6233498
small flat struct	baseline	decode	1	1	5842605
small flat struct	baseline	decode	1	2	5762010
small flat struct	baseline	decode	1	3	5675393
small flat struct	baseline	decode	1	4	5940790
small flat struct	baseline	decode	1	5	5879894
small flat struct	baseline	decode	1	6	5649754
small flat struct	baseline	decode	1	7	5900586
small flat struct	baseline	decode	1	8	5858158
small flat struct	baseline	decode	1	9	5823144
small flat struct	baseline	decode	2	1	5884385
small flat struct	baseline	decode	2	2	5892026
small flat struct	baseline	decode	2	3	5864886
small flat struct	baseline	decode	2	4	5848007
small flat struct	baseline	decode	2	5	5871141
small flat struct	baseline	decode	2	6	5842114
small flat struct	baseline	decode	2	7	5947448
small flat struct	baseline	decode	2	8	5810076
small flat struct	baseline	decode	2	9	5909087
deeply nested object	surge	encode	1	1	4665373
deeply nested object	surge	encode	1	2	4573811
deeply nested object	surge	encode	1	3	4685996
deeply nested object	surge	encode	1	4	4707208
deeply nested object	surge	encode	1	5	4724478
deeply nested object	surge	encode	1	6	4715960
deeply nested object	surge	encode	1	7	4637542
deeply nested object	surge	encode	1	8	4719915
deeply nested object	surge	encode	1	9	4719070
deeply nested object	surge	encode	2	1	4556787
deeply nested object	surge	encode	2	2	4682518
deeply nested object	surge	encode	2	3	4614728
deeply nested object	surge	encode	2	4	4629067
deeply nested object	surge	encode	2	5	4701212
deeply nested object	surge	encode	2	6	4650435
deeply nested object	surge	encode	2	7	4653569
deeply nested object	surge	encode	2	8	4726628
deeply nested object	surge	encode	2	9	4612505
deeply nested object	surge	decode	1	1	2695796
deeply nested object	surge	decode	1	2	2706366
deeply nested object	surge	decode	1	3	2679416
deeply nested object	surge	decode	1	4	2738523
deeply nested object	surge	decode	1	5	2747010
deeply nested object	surge	decode	1	6	2741591
deeply nested object	surge	decode	1	7	2743264
deeply nested object	surge	decode	1	8	2690358
deeply nested object	surge	decode	1	9	2684420
deeply nested object	surge	decode	2	1	2678435
deeply nested object	surge	decode	2	2	2727348
deeply nested object	surge	decode	2	3	2691816
deeply nested object	surge	decode	2	4	2709535
deeply nested object	surge	decode	2	5	2700618
deeply nested object	surge	decode	2	6	2723415
deeply nested object	surge	decode	2	7	2495136
deeply nested object	surge	decode	2	8	2732392
deeply nested object	surge	decode	2	9	2736258
deeply nested object	fbs	encode	1	1	1842064
deeply nested object	fbs	encode	1	2	1856244
deeply nested object	fbs	encode	1	3	1877138
deeply nested object	fbs	encode	1	4	1877104
deeply nested object	fbs	encode	1	5	1856155
deeply nested object	fbs	encode	1	6	1859335
deeply nested object	fbs	encode	1	7	1885897
deeply nested object	fbs	encode	1	8	1863429
deeply nested object	fbs	encode	1	9	1858136
deeply nested object	fbs	encode	2	1	1883980
deeply nested object	fbs	encode	2	2	1859547
deeply nested object	fbs	encode	2	3	1889746
deeply nested object	fbs	encode	2	4	1857961
deeply nested object	fbs	encode	2	5	1866006
deeply nested object	fbs	encode	2	6	1881153
deeply nested object	fbs	encode	2	7	1885019
deeply nested object	fbs	encode	2	8	1887284
deeply nested object	fbs	encode	2	9	1880912
deeply nested object	fbs	decode	1	1	1609984
deeply nested object	fbs	decode	1	2	1597782
deeply nested object	fbs	decode	1	3	1615941
deeply nested object	fbs	decode	1	4	1610417
deeply nested object	fbs	decode	1	5	1614973
deeply nested object	fbs	decode	1	6	1604815
deeply nested object	fbs	decode	1	7	1589884
deeply nested object	fbs	decode	1	8	1549641
deeply nested object	fbs	decode	1	9	1598814
deeply nested object	fbs	decode	2	1	1650222
deeply nested object	fbs	decode	2	2	1614538
deeply nested object	fbs	decode	2	3	1604562
deeply nested object	fbs	decode	2	4	1615928
deeply nested object	fbs	decode	2	5	1621877
deeply nested object	fbs	decode	2	6	1617243
deeply nested object	fbs	decode	2	7	1596955
deeply nested object	fbs	decode	2	8	1599698
deeply nested object	fbs	decode	2	9	1624124
deeply nested object	serio	encode	1	1	465497
deeply nested object	serio	encode	1	2	480334
deeply nested object	serio	encode	1	3	472016
deeply nested object	serio	encode	1	4	475476
deeply nested object	serio	encode	1	5	480410
deeply nested object	serio	encode	1	6	480254
deeply nested object	serio	encode	1	7	478089
deeply nested object	serio	encode	1	8	474411
deeply nested object	serio	encode	1	9	472662
deeply nested object	serio	encode	2	1	481996
deeply nested object	serio	encode	2	2	467653
deeply nested object	serio	encode	2	3	481412
deeply nested object	serio	encode	2	4	477400
deeply nested object	serio	encode	2	5	476949
deeply nested object	serio	encode	2	6	481273
deeply nested object	serio	encode	2	7	475600
deeply nested object	serio	encode	2	8	471124
deeply nested object	serio	encode	2	9	480246
deeply nested object	serio	decode	1	1	738628
deeply nested object	serio	decode	1	2	741510
deeply nested object	serio	decode	1	3	741440
deeply nested object	serio	decode	1	4	746219
deeply nested object	serio	decode	1	5	741505
deeply nested object	serio	decode	1	6	741977
deeply nested object	serio	decode	1	7	740743
deeply nested object	serio	decode	1	8	745852
deeply nested object	serio	decode	1	9	746483
deeply nested object	serio	decode	2	1	729992
deeply nested object	serio	decode	2	2	726641
deeply nested object	serio	decode	2	3	728567
deeply nested object	serio	decode	2	4	725870
deeply nested object	serio	decode	2	5	735779
deeply nested object	serio	decode	2	6	711625
deeply nested object	serio	decode	2	7	733406
deeply nested object	serio	decode	2	8	722011
deeply nested object	serio	decode	2	9	728061
deeply nested object	flamework2	encode	1	1	3003676
deeply nested object	flamework2	encode	1	2	3037113
deeply nested object	flamework2	encode	1	3	3039976
deeply nested object	flamework2	encode	1	4	3009679
deeply nested object	flamework2	encode	1	5	2976354
deeply nested object	flamework2	encode	1	6	3024108
deeply nested object	flamework2	encode	1	7	3017292
deeply nested object	flamework2	encode	1	8	3039088
deeply nested object	flamework2	encode	1	9	3018494
deeply nested object	flamework2	encode	2	1	2980000
deeply nested object	flamework2	encode	2	2	3007712
deeply nested object	flamework2	encode	2	3	2971204
deeply nested object	flamework2	encode	2	4	2998895
deeply nested object	flamework2	encode	2	5	3013748
deeply nested object	flamework2	encode	2	6	2982200
deeply nested object	flamework2	encode	2	7	2977244
deeply nested object	flamework2	encode	2	8	3021159
deeply nested object	flamework2	encode	2	9	2995173
deeply nested object	flamework2	decode	1	1	2160241
deeply nested object	flamework2	decode	1	2	2178057
deeply nested object	flamework2	decode	1	3	2168500
deeply nested object	flamework2	decode	1	4	2185793
deeply nested object	flamework2	decode	1	5	2120324
deeply nested object	flamework2	decode	1	6	2163076
deeply nested object	flamework2	decode	1	7	2178417
deeply nested object	flamework2	decode	1	8	2164333
deeply nested object	flamework2	decode	1	9	2203348
deeply nested object	flamework2	decode	2	1	2119649
deeply nested object	flamework2	decode	2	2	2206603
deeply nested object	flamework2	decode	2	3	2156297
deeply nested object	flamework2	decode	2	4	2206121
deeply nested object	flamework2	decode	2	5	2165421
deeply nested object	flamework2	decode	2	6	2043671
deeply nested object	flamework2	decode	2	7	2162952
deeply nested object	flamework2	decode	2	8	2130877
deeply nested object	flamework2	decode	2	9	2161654
deeply nested object	blink	encode	1	1	2246871
deeply nested object	blink	encode	1	2	2201841
deeply nested object	blink	encode	1	3	2173584
deeply nested object	blink	encode	1	4	2181565
deeply nested object	blink	encode	1	5	2228101
deeply nested object	blink	encode	1	6	2242713
deeply nested object	blink	encode	1	7	2199549
deeply nested object	blink	encode	1	8	2168307
deeply nested object	blink	encode	1	9	2176217
deeply nested object	blink	encode	2	1	2147693
deeply nested object	blink	encode	2	2	2199567
deeply nested object	blink	encode	2	3	2226890
deeply nested object	blink	encode	2	4	2216436
deeply nested object	blink	encode	2	5	2180077
deeply nested object	blink	encode	2	6	2199141
deeply nested object	blink	encode	2	7	2215840
deeply nested object	blink	encode	2	8	2201101
deeply nested object	blink	encode	2	9	2184459
deeply nested object	blink	decode	1	1	1687034
deeply nested object	blink	decode	1	2	1682910
deeply nested object	blink	decode	1	3	1650599
deeply nested object	blink	decode	1	4	1654383
deeply nested object	blink	decode	1	5	1697015
deeply nested object	blink	decode	1	6	1661079
deeply nested object	blink	decode	1	7	1662657
deeply nested object	blink	decode	1	8	1694263
deeply nested object	blink	decode	1	9	1654409
deeply nested object	blink	decode	2	1	1699706
deeply nested object	blink	decode	2	2	1671981
deeply nested object	blink	decode	2	3	1743073
deeply nested object	blink	decode	2	4	1655700
deeply nested object	blink	decode	2	5	1683702
deeply nested object	blink	decode	2	6	1616638
deeply nested object	blink	decode	2	7	1682154
deeply nested object	blink	decode	2	8	1710187
deeply nested object	blink	decode	2	9	1510625
deeply nested object	baseline	encode	1	1	4752742
deeply nested object	baseline	encode	1	2	4822318
deeply nested object	baseline	encode	1	3	4770775
deeply nested object	baseline	encode	1	4	4818006
deeply nested object	baseline	encode	1	5	4854840
deeply nested object	baseline	encode	1	6	4784694
deeply nested object	baseline	encode	1	7	4877314
deeply nested object	baseline	encode	1	8	4848858
deeply nested object	baseline	encode	1	9	4798167
deeply nested object	baseline	encode	2	1	4751236
deeply nested object	baseline	encode	2	2	4840601
deeply nested object	baseline	encode	2	3	4817172
deeply nested object	baseline	encode	2	4	4684562
deeply nested object	baseline	encode	2	5	4834420
deeply nested object	baseline	encode	2	6	4830714
deeply nested object	baseline	encode	2	7	4729208
deeply nested object	baseline	encode	2	8	4804863
deeply nested object	baseline	encode	2	9	4824737
deeply nested object	baseline	decode	1	1	2714959
deeply nested object	baseline	decode	1	2	2704125
deeply nested object	baseline	decode	1	3	2695466
deeply nested object	baseline	decode	1	4	2723686
deeply nested object	baseline	decode	1	5	2703555
deeply nested object	baseline	decode	1	6	2748630
deeply nested object	baseline	decode	1	7	2739938
deeply nested object	baseline	decode	1	8	2711424
deeply nested object	baseline	decode	1	9	2686554
deeply nested object	baseline	decode	2	1	2778436
deeply nested object	baseline	decode	2	2	2781342
deeply nested object	baseline	decode	2	3	2746300
deeply nested object	baseline	decode	2	4	2742229
deeply nested object	baseline	decode	2	5	2733303
deeply nested object	baseline	decode	2	6	2524854
deeply nested object	baseline	decode	2	7	2742290
deeply nested object	baseline	decode	2	8	2741069
deeply nested object	baseline	decode	2	9	2211086
wide struct	surge	encode	1	1	3100828
wide struct	surge	encode	1	2	3139341
wide struct	surge	encode	1	3	3181148
wide struct	surge	encode	1	4	3163760
wide struct	surge	encode	1	5	3173436
wide struct	surge	encode	1	6	3142205
wide struct	surge	encode	1	7	3188691
wide struct	surge	encode	1	8	3194281
wide struct	surge	encode	1	9	3141217
wide struct	surge	encode	2	1	2828269
wide struct	surge	encode	2	2	3075433
wide struct	surge	encode	2	3	3116193
wide struct	surge	encode	2	4	3114909
wide struct	surge	encode	2	5	3124339
wide struct	surge	encode	2	6	3137326
wide struct	surge	encode	2	7	3139955
wide struct	surge	encode	2	8	3115965
wide struct	surge	encode	2	9	3153036
wide struct	surge	decode	1	1	704079
wide struct	surge	decode	1	2	721212
wide struct	surge	decode	1	3	706389
wide struct	surge	decode	1	4	729544
wide struct	surge	decode	1	5	712193
wide struct	surge	decode	1	6	709944
wide struct	surge	decode	1	7	710179
wide struct	surge	decode	1	8	699380
wide struct	surge	decode	1	9	721030
wide struct	surge	decode	2	1	780887
wide struct	surge	decode	2	2	748654
wide struct	surge	decode	2	3	769464
wide struct	surge	decode	2	4	754718
wide struct	surge	decode	2	5	775719
wide struct	surge	decode	2	6	771100
wide struct	surge	decode	2	7	778636
wide struct	surge	decode	2	8	764414
wide struct	surge	decode	2	9	777303
wide struct	fbs	encode	1	1	790307
wide struct	fbs	encode	1	2	799044
wide struct	fbs	encode	1	3	782745
wide struct	fbs	encode	1	4	794235
wide struct	fbs	encode	1	5	794738
wide struct	fbs	encode	1	6	784652
wide struct	fbs	encode	1	7	796444
wide struct	fbs	encode	1	8	783380
wide struct	fbs	encode	1	9	795236
wide struct	fbs	encode	2	1	751846
wide struct	fbs	encode	2	2	779812
wide struct	fbs	encode	2	3	784217
wide struct	fbs	encode	2	4	782239
wide struct	fbs	encode	2	5	791183
wide struct	fbs	encode	2	6	791254
wide struct	fbs	encode	2	7	795696
wide struct	fbs	encode	2	8	793921
wide struct	fbs	encode	2	9	791203
wide struct	fbs	decode	1	1	502688
wide struct	fbs	decode	1	2	500288
wide struct	fbs	decode	1	3	500626
wide struct	fbs	decode	1	4	496373
wide struct	fbs	decode	1	5	506003
wide struct	fbs	decode	1	6	501045
wide struct	fbs	decode	1	7	501173
wide struct	fbs	decode	1	8	509072
wide struct	fbs	decode	1	9	499856
wide struct	fbs	decode	2	1	553575
wide struct	fbs	decode	2	2	549343
wide struct	fbs	decode	2	3	548962
wide struct	fbs	decode	2	4	548263
wide struct	fbs	decode	2	5	544960
wide struct	fbs	decode	2	6	549475
wide struct	fbs	decode	2	7	542718
wide struct	fbs	decode	2	8	549233
wide struct	fbs	decode	2	9	548434
wide struct	serio	encode	1	1	117707
wide struct	serio	encode	1	2	117872
wide struct	serio	encode	1	3	119896
wide struct	serio	encode	1	4	118927
wide struct	serio	encode	1	5	118742
wide struct	serio	encode	1	6	118848
wide struct	serio	encode	1	7	118115
wide struct	serio	encode	1	8	118942
wide struct	serio	encode	1	9	118965
wide struct	serio	encode	2	1	120804
wide struct	serio	encode	2	2	118645
wide struct	serio	encode	2	3	120072
wide struct	serio	encode	2	4	119518
wide struct	serio	encode	2	5	119190
wide struct	serio	encode	2	6	118859
wide struct	serio	encode	2	7	119798
wide struct	serio	encode	2	8	118704
wide struct	serio	encode	2	9	119670
wide struct	serio	decode	1	1	233804
wide struct	serio	decode	1	2	237159
wide struct	serio	decode	1	3	237322
wide struct	serio	decode	1	4	235729
wide struct	serio	decode	1	5	235898
wide struct	serio	decode	1	6	232480
wide struct	serio	decode	1	7	236846
wide struct	serio	decode	1	8	236237
wide struct	serio	decode	1	9	234183
wide struct	serio	decode	2	1	249934
wide struct	serio	decode	2	2	252015
wide struct	serio	decode	2	3	241780
wide struct	serio	decode	2	4	252875
wide struct	serio	decode	2	5	250274
wide struct	serio	decode	2	6	249984
wide struct	serio	decode	2	7	252351
wide struct	serio	decode	2	8	249755
wide struct	serio	decode	2	9	251429
wide struct	flamework2	encode	1	1	3183846
wide struct	flamework2	encode	1	2	3166654
wide struct	flamework2	encode	1	3	3139611
wide struct	flamework2	encode	1	4	3172056
wide struct	flamework2	encode	1	5	3194637
wide struct	flamework2	encode	1	6	3219903
wide struct	flamework2	encode	1	7	3211559
wide struct	flamework2	encode	1	8	3171948
wide struct	flamework2	encode	1	9	3191035
wide struct	flamework2	encode	2	1	2960710
wide struct	flamework2	encode	2	2	3166230
wide struct	flamework2	encode	2	3	3130139
wide struct	flamework2	encode	2	4	3141248
wide struct	flamework2	encode	2	5	3131928
wide struct	flamework2	encode	2	6	3174462
wide struct	flamework2	encode	2	7	3152483
wide struct	flamework2	encode	2	8	3115006
wide struct	flamework2	encode	2	9	3118362
wide struct	flamework2	decode	1	1	724548
wide struct	flamework2	decode	1	2	712150
wide struct	flamework2	decode	1	3	716067
wide struct	flamework2	decode	1	4	722436
wide struct	flamework2	decode	1	5	703311
wide struct	flamework2	decode	1	6	723665
wide struct	flamework2	decode	1	7	719978
wide struct	flamework2	decode	1	8	695745
wide struct	flamework2	decode	1	9	724929
wide struct	flamework2	decode	2	1	795161
wide struct	flamework2	decode	2	2	786495
wide struct	flamework2	decode	2	3	790089
wide struct	flamework2	decode	2	4	783224
wide struct	flamework2	decode	2	5	797350
wide struct	flamework2	decode	2	6	791470
wide struct	flamework2	decode	2	7	796173
wide struct	flamework2	decode	2	8	791224
wide struct	flamework2	decode	2	9	792987
wide struct	blink	encode	1	1	1381440
wide struct	blink	encode	1	2	1378769
wide struct	blink	encode	1	3	1391998
wide struct	blink	encode	1	4	1383562
wide struct	blink	encode	1	5	1385433
wide struct	blink	encode	1	6	1390458
wide struct	blink	encode	1	7	1370127
wide struct	blink	encode	1	8	1393436
wide struct	blink	encode	1	9	1369896
wide struct	blink	encode	2	1	1291104
wide struct	blink	encode	2	2	1383652
wide struct	blink	encode	2	3	1398996
wide struct	blink	encode	2	4	1383135
wide struct	blink	encode	2	5	1375526
wide struct	blink	encode	2	6	1365603
wide struct	blink	encode	2	7	1369612
wide struct	blink	encode	2	8	1382039
wide struct	blink	encode	2	9	1376013
wide struct	blink	decode	1	1	466165
wide struct	blink	decode	1	2	470808
wide struct	blink	decode	1	3	469212
wide struct	blink	decode	1	4	463689
wide struct	blink	decode	1	5	476201
wide struct	blink	decode	1	6	468997
wide struct	blink	decode	1	7	474237
wide struct	blink	decode	1	8	476972
wide struct	blink	decode	1	9	479195
wide struct	blink	decode	2	1	515174
wide struct	blink	decode	2	2	516746
wide struct	blink	decode	2	3	527392
wide struct	blink	decode	2	4	515618
wide struct	blink	decode	2	5	526978
wide struct	blink	decode	2	6	521483
wide struct	blink	decode	2	7	519247
wide struct	blink	decode	2	8	515267
wide struct	blink	decode	2	9	520423
large array	surge	encode	1	1	305913
large array	surge	encode	1	2	306149
large array	surge	encode	1	3	304777
large array	surge	encode	1	4	302931
large array	surge	encode	1	5	307317
large array	surge	encode	1	6	305449
large array	surge	encode	1	7	292409
large array	surge	encode	1	8	288671
large array	surge	encode	1	9	304295
large array	surge	encode	2	1	304945
large array	surge	encode	2	2	299513
large array	surge	encode	2	3	308107
large array	surge	encode	2	4	308131
large array	surge	encode	2	5	303558
large array	surge	encode	2	6	303613
large array	surge	encode	2	7	308515
large array	surge	encode	2	8	302274
large array	surge	encode	2	9	300525
large array	surge	decode	1	1	123037
large array	surge	decode	1	2	119253
large array	surge	decode	1	3	107834
large array	surge	decode	1	4	117392
large array	surge	decode	1	5	119733
large array	surge	decode	1	6	119057
large array	surge	decode	1	7	113797
large array	surge	decode	1	8	119782
large array	surge	decode	1	9	121186
large array	surge	decode	2	1	123743
large array	surge	decode	2	2	120806
large array	surge	decode	2	3	119267
large array	surge	decode	2	4	120461
large array	surge	decode	2	5	118901
large array	surge	decode	2	6	122168
large array	surge	decode	2	7	121319
large array	surge	decode	2	8	123489
large array	surge	decode	2	9	120952
large array	fbs	encode	1	1	69947
large array	fbs	encode	1	2	70480
large array	fbs	encode	1	3	70349
large array	fbs	encode	1	4	70997
large array	fbs	encode	1	5	71256
large array	fbs	encode	1	6	70370
large array	fbs	encode	1	7	70235
large array	fbs	encode	1	8	69904
large array	fbs	encode	1	9	71058
large array	fbs	encode	2	1	72346
large array	fbs	encode	2	2	71847
large array	fbs	encode	2	3	70456
large array	fbs	encode	2	4	70925
large array	fbs	encode	2	5	72091
large array	fbs	encode	2	6	72096
large array	fbs	encode	2	7	71221
large array	fbs	encode	2	8	71586
large array	fbs	encode	2	9	71399
large array	fbs	decode	1	1	43957
large array	fbs	decode	1	2	44687
large array	fbs	decode	1	3	40763
large array	fbs	decode	1	4	43908
large array	fbs	decode	1	5	44697
large array	fbs	decode	1	6	44797
large array	fbs	decode	1	7	43887
large array	fbs	decode	1	8	43744
large array	fbs	decode	1	9	44578
large array	fbs	decode	2	1	43601
large array	fbs	decode	2	2	43917
large array	fbs	decode	2	3	44015
large array	fbs	decode	2	4	43465
large array	fbs	decode	2	5	44008
large array	fbs	decode	2	6	43690
large array	fbs	decode	2	7	44074
large array	fbs	decode	2	8	43653
large array	fbs	decode	2	9	44196
large array	serio	encode	1	1	7966
large array	serio	encode	1	2	7866
large array	serio	encode	1	3	7856
large array	serio	encode	1	4	7866
large array	serio	encode	1	5	7850
large array	serio	encode	1	6	7877
large array	serio	encode	1	7	7909
large array	serio	encode	1	8	7870
large array	serio	encode	1	9	7888
large array	serio	encode	2	1	8057
large array	serio	encode	2	2	8026
large array	serio	encode	2	3	8100
large array	serio	encode	2	4	8080
large array	serio	encode	2	5	8052
large array	serio	encode	2	6	8045
large array	serio	encode	2	7	8097
large array	serio	encode	2	8	7976
large array	serio	encode	2	9	8055
large array	serio	decode	1	1	25843
large array	serio	decode	1	2	26124
large array	serio	decode	1	3	25398
large array	serio	decode	1	4	26465
large array	serio	decode	1	5	26104
large array	serio	decode	1	6	25889
large array	serio	decode	1	7	25978
large array	serio	decode	1	8	25979
large array	serio	decode	1	9	26191
large array	serio	decode	2	1	26171
large array	serio	decode	2	2	26148
large array	serio	decode	2	3	26246
large array	serio	decode	2	4	26033
large array	serio	decode	2	5	26107
large array	serio	decode	2	6	26180
large array	serio	decode	2	7	26201
large array	serio	decode	2	8	26132
large array	serio	decode	2	9	26020
large array	flamework2	encode	1	1	257390
large array	flamework2	encode	1	2	256660
large array	flamework2	encode	1	3	257248
large array	flamework2	encode	1	4	251801
large array	flamework2	encode	1	5	251842
large array	flamework2	encode	1	6	251437
large array	flamework2	encode	1	7	243033
large array	flamework2	encode	1	8	252375
large array	flamework2	encode	1	9	258807
large array	flamework2	encode	2	1	251789
large array	flamework2	encode	2	2	255519
large array	flamework2	encode	2	3	249344
large array	flamework2	encode	2	4	257644
large array	flamework2	encode	2	5	249921
large array	flamework2	encode	2	6	233738
large array	flamework2	encode	2	7	254921
large array	flamework2	encode	2	8	247287
large array	flamework2	encode	2	9	252951
large array	flamework2	decode	1	1	118479
large array	flamework2	decode	1	2	117486
large array	flamework2	decode	1	3	104268
large array	flamework2	decode	1	4	112321
large array	flamework2	decode	1	5	115397
large array	flamework2	decode	1	6	117336
large array	flamework2	decode	1	7	113837
large array	flamework2	decode	1	8	117462
large array	flamework2	decode	1	9	118568
large array	flamework2	decode	2	1	118410
large array	flamework2	decode	2	2	118568
large array	flamework2	decode	2	3	117385
large array	flamework2	decode	2	4	119302
large array	flamework2	decode	2	5	116894
large array	flamework2	decode	2	6	118487
large array	flamework2	decode	2	7	116428
large array	flamework2	decode	2	8	118667
large array	flamework2	decode	2	9	118957
large array	blink	encode	1	1	138687
large array	blink	encode	1	2	137369
large array	blink	encode	1	3	137421
large array	blink	encode	1	4	137567
large array	blink	encode	1	5	139640
large array	blink	encode	1	6	137894
large array	blink	encode	1	7	129515
large array	blink	encode	1	8	137693
large array	blink	encode	1	9	136950
large array	blink	encode	2	1	134764
large array	blink	encode	2	2	135716
large array	blink	encode	2	3	133737
large array	blink	encode	2	4	137157
large array	blink	encode	2	5	134819
large array	blink	encode	2	6	124006
large array	blink	encode	2	7	133914
large array	blink	encode	2	8	134299
large array	blink	encode	2	9	134999
large array	blink	decode	1	1	78863
large array	blink	decode	1	2	77484
large array	blink	decode	1	3	71626
large array	blink	decode	1	4	80179
large array	blink	decode	1	5	79395
large array	blink	decode	1	6	78597
large array	blink	decode	1	7	76170
large array	blink	decode	1	8	77050
large array	blink	decode	1	9	78360
large array	blink	decode	2	1	79361
large array	blink	decode	2	2	78637
large array	blink	decode	2	3	78664
large array	blink	decode	2	4	79064
large array	blink	decode	2	5	78887
large array	blink	decode	2	6	79339
large array	blink	decode	2	7	78134
large array	blink	decode	2	8	78747
large array	blink	decode	2	9	79453
nested arrays	surge	encode	1	1	893706
nested arrays	surge	encode	1	2	879646
nested arrays	surge	encode	1	3	891122
nested arrays	surge	encode	1	4	880489
nested arrays	surge	encode	1	5	888071
nested arrays	surge	encode	1	6	881173
nested arrays	surge	encode	1	7	896425
nested arrays	surge	encode	1	8	882203
nested arrays	surge	encode	1	9	888106
nested arrays	surge	encode	2	1	950917
nested arrays	surge	encode	2	2	957756
nested arrays	surge	encode	2	3	940587
nested arrays	surge	encode	2	4	955948
nested arrays	surge	encode	2	5	947790
nested arrays	surge	encode	2	6	940546
nested arrays	surge	encode	2	7	939419
nested arrays	surge	encode	2	8	950636
nested arrays	surge	encode	2	9	944736
nested arrays	surge	decode	1	1	334150
nested arrays	surge	decode	1	2	327255
nested arrays	surge	decode	1	3	314890
nested arrays	surge	decode	1	4	320574
nested arrays	surge	decode	1	5	323608
nested arrays	surge	decode	1	6	324491
nested arrays	surge	decode	1	7	324054
nested arrays	surge	decode	1	8	329745
nested arrays	surge	decode	1	9	298407
nested arrays	surge	decode	2	1	329513
nested arrays	surge	decode	2	2	317653
nested arrays	surge	decode	2	3	331311
nested arrays	surge	decode	2	4	326610
nested arrays	surge	decode	2	5	324916
nested arrays	surge	decode	2	6	321614
nested arrays	surge	decode	2	7	313432
nested arrays	surge	decode	2	8	293679
nested arrays	surge	decode	2	9	325751
nested arrays	fbs	encode	1	1	269614
nested arrays	fbs	encode	1	2	271158
nested arrays	fbs	encode	1	3	270802
nested arrays	fbs	encode	1	4	269585
nested arrays	fbs	encode	1	5	268517
nested arrays	fbs	encode	1	6	268307
nested arrays	fbs	encode	1	7	270623
nested arrays	fbs	encode	1	8	268359
nested arrays	fbs	encode	1	9	268943
nested arrays	fbs	encode	2	1	267042
nested arrays	fbs	encode	2	2	263132
nested arrays	fbs	encode	2	3	266451
nested arrays	fbs	encode	2	4	265264
nested arrays	fbs	encode	2	5	266849
nested arrays	fbs	encode	2	6	263479
nested arrays	fbs	encode	2	7	266839
nested arrays	fbs	encode	2	8	267047
nested arrays	fbs	encode	2	9	263749
nested arrays	fbs	decode	1	1	162648
nested arrays	fbs	decode	1	2	162222
nested arrays	fbs	decode	1	3	163411
nested arrays	fbs	decode	1	4	160330
nested arrays	fbs	decode	1	5	162469
nested arrays	fbs	decode	1	6	162037
nested arrays	fbs	decode	1	7	159922
nested arrays	fbs	decode	1	8	163635
nested arrays	fbs	decode	1	9	150270
nested arrays	fbs	decode	2	1	162571
nested arrays	fbs	decode	2	2	160392
nested arrays	fbs	decode	2	3	160898
nested arrays	fbs	decode	2	4	163078
nested arrays	fbs	decode	2	5	161209
nested arrays	fbs	decode	2	6	162718
nested arrays	fbs	decode	2	7	159855
nested arrays	fbs	decode	2	8	154245
nested arrays	fbs	decode	2	9	160767
nested arrays	serio	encode	1	1	35413
nested arrays	serio	encode	1	2	35124
nested arrays	serio	encode	1	3	34990
nested arrays	serio	encode	1	4	35666
nested arrays	serio	encode	1	5	35258
nested arrays	serio	encode	1	6	35869
nested arrays	serio	encode	1	7	35186
nested arrays	serio	encode	1	8	35531
nested arrays	serio	encode	1	9	35066
nested arrays	serio	encode	2	1	35861
nested arrays	serio	encode	2	2	35742
nested arrays	serio	encode	2	3	35747
nested arrays	serio	encode	2	4	35617
nested arrays	serio	encode	2	5	35856
nested arrays	serio	encode	2	6	35682
nested arrays	serio	encode	2	7	35545
nested arrays	serio	encode	2	8	35691
nested arrays	serio	encode	2	9	35809
nested arrays	serio	decode	1	1	77295
nested arrays	serio	decode	1	2	77957
nested arrays	serio	decode	1	3	78133
nested arrays	serio	decode	1	4	78249
nested arrays	serio	decode	1	5	76546
nested arrays	serio	decode	1	6	78052
nested arrays	serio	decode	1	7	77780
nested arrays	serio	decode	1	8	77505
nested arrays	serio	decode	1	9	75894
nested arrays	serio	decode	2	1	77546
nested arrays	serio	decode	2	2	77848
nested arrays	serio	decode	2	3	77424
nested arrays	serio	decode	2	4	76915
nested arrays	serio	decode	2	5	77677
nested arrays	serio	decode	2	6	77733
nested arrays	serio	decode	2	7	76320
nested arrays	serio	decode	2	8	77821
nested arrays	serio	decode	2	9	77700
nested arrays	flamework2	encode	1	1	849247
nested arrays	flamework2	encode	1	2	853498
nested arrays	flamework2	encode	1	3	827855
nested arrays	flamework2	encode	1	4	850323
nested arrays	flamework2	encode	1	5	799968
nested arrays	flamework2	encode	1	6	843199
nested arrays	flamework2	encode	1	7	809582
nested arrays	flamework2	encode	1	8	853762
nested arrays	flamework2	encode	1	9	847284
nested arrays	flamework2	encode	2	1	854101
nested arrays	flamework2	encode	2	2	851443
nested arrays	flamework2	encode	2	3	843490
nested arrays	flamework2	encode	2	4	840914
nested arrays	flamework2	encode	2	5	828499
nested arrays	flamework2	encode	2	6	853604
nested arrays	flamework2	encode	2	7	852755
nested arrays	flamework2	encode	2	8	849547
nested arrays	flamework2	encode	2	9	856355
nested arrays	flamework2	decode	1	1	289186
nested arrays	flamework2	decode	1	2	286005
nested arrays	flamework2	decode	1	3	286853
nested arrays	flamework2	decode	1	4	287387
nested arrays	flamework2	decode	1	5	287873
nested arrays	flamework2	decode	1	6	284319
nested arrays	flamework2	decode	1	7	286294
nested arrays	flamework2	decode	1	8	288677
nested arrays	flamework2	decode	1	9	281115
nested arrays	flamework2	decode	2	1	286478
nested arrays	flamework2	decode	2	2	280785
nested arrays	flamework2	decode	2	3	282182
nested arrays	flamework2	decode	2	4	286327
nested arrays	flamework2	decode	2	5	290042
nested arrays	flamework2	decode	2	6	289561
nested arrays	flamework2	decode	2	7	263086
nested arrays	flamework2	decode	2	8	285251
nested arrays	flamework2	decode	2	9	286193
nested arrays	blink	encode	1	1	443697
nested arrays	blink	encode	1	2	454803
nested arrays	blink	encode	1	3	448196
nested arrays	blink	encode	1	4	444886
nested arrays	blink	encode	1	5	459545
nested arrays	blink	encode	1	6	448391
nested arrays	blink	encode	1	7	453408
nested arrays	blink	encode	1	8	449790
nested arrays	blink	encode	1	9	456137
nested arrays	blink	encode	2	1	440200
nested arrays	blink	encode	2	2	460450
nested arrays	blink	encode	2	3	449365
nested arrays	blink	encode	2	4	449565
nested arrays	blink	encode	2	5	449247
nested arrays	blink	encode	2	6	450800
nested arrays	blink	encode	2	7	450974
nested arrays	blink	encode	2	8	448245
nested arrays	blink	encode	2	9	450758
nested arrays	blink	decode	1	1	257117
nested arrays	blink	decode	1	2	251978
nested arrays	blink	decode	1	3	252468
nested arrays	blink	decode	1	4	252467
nested arrays	blink	decode	1	5	254721
nested arrays	blink	decode	1	6	206997
nested arrays	blink	decode	1	7	252446
nested arrays	blink	decode	1	8	252794
nested arrays	blink	decode	1	9	250526
nested arrays	blink	decode	2	1	246381
nested arrays	blink	decode	2	2	249054
nested arrays	blink	decode	2	3	251027
nested arrays	blink	decode	2	4	254033
nested arrays	blink	decode	2	5	248641
nested arrays	blink	decode	2	6	251022
nested arrays	blink	decode	2	7	231126
nested arrays	blink	decode	2	8	248338
nested arrays	blink	decode	2	9	248182
nested arrays	baseline	encode	1	1	874126
nested arrays	baseline	encode	1	2	867960
nested arrays	baseline	encode	1	3	872085
nested arrays	baseline	encode	1	4	852396
nested arrays	baseline	encode	1	5	890365
nested arrays	baseline	encode	1	6	867216
nested arrays	baseline	encode	1	7	879770
nested arrays	baseline	encode	1	8	870439
nested arrays	baseline	encode	1	9	885889
nested arrays	baseline	encode	2	1	758417
nested arrays	baseline	encode	2	2	754658
nested arrays	baseline	encode	2	3	759868
nested arrays	baseline	encode	2	4	760965
nested arrays	baseline	encode	2	5	762501
nested arrays	baseline	encode	2	6	765381
nested arrays	baseline	encode	2	7	752976
nested arrays	baseline	encode	2	8	759711
nested arrays	baseline	encode	2	9	759018
nested arrays	baseline	decode	1	1	326277
nested arrays	baseline	decode	1	2	331773
nested arrays	baseline	decode	1	3	318769
nested arrays	baseline	decode	1	4	318431
nested arrays	baseline	decode	1	5	330111
nested arrays	baseline	decode	1	6	260969
nested arrays	baseline	decode	1	7	323923
nested arrays	baseline	decode	1	8	326538
nested arrays	baseline	decode	1	9	314573
nested arrays	baseline	decode	2	1	325435
nested arrays	baseline	decode	2	2	328735
nested arrays	baseline	decode	2	3	328632
nested arrays	baseline	decode	2	4	330208
nested arrays	baseline	decode	2	5	327263
nested arrays	baseline	decode	2	6	326284
nested arrays	baseline	decode	2	7	290790
nested arrays	baseline	decode	2	8	320612
nested arrays	baseline	decode	2	9	332613
tuples	surge	encode	1	1	1438840
tuples	surge	encode	1	2	1443168
tuples	surge	encode	1	3	1444442
tuples	surge	encode	1	4	1428273
tuples	surge	encode	1	5	1456562
tuples	surge	encode	1	6	1466794
tuples	surge	encode	1	7	1428319
tuples	surge	encode	1	8	1435638
tuples	surge	encode	1	9	1419332
tuples	surge	encode	2	1	1434089
tuples	surge	encode	2	2	1424660
tuples	surge	encode	2	3	1356894
tuples	surge	encode	2	4	1425823
tuples	surge	encode	2	5	1424456
tuples	surge	encode	2	6	1443963
tuples	surge	encode	2	7	1438380
tuples	surge	encode	2	8	1425515
tuples	surge	encode	2	9	1446175
tuples	surge	decode	1	1	297099
tuples	surge	decode	1	2	298438
tuples	surge	decode	1	3	301552
tuples	surge	decode	1	4	290425
tuples	surge	decode	1	5	300167
tuples	surge	decode	1	6	296186
tuples	surge	decode	1	7	301023
tuples	surge	decode	1	8	294750
tuples	surge	decode	1	9	293432
tuples	surge	decode	2	1	296026
tuples	surge	decode	2	2	303653
tuples	surge	decode	2	3	307000
tuples	surge	decode	2	4	293649
tuples	surge	decode	2	5	298441
tuples	surge	decode	2	6	302476
tuples	surge	decode	2	7	305737
tuples	surge	decode	2	8	290378
tuples	surge	decode	2	9	306153
tuples	fbs	encode	1	1	281106
tuples	fbs	encode	1	2	285672
tuples	fbs	encode	1	3	283681
tuples	fbs	encode	1	4	279874
tuples	fbs	encode	1	5	281562
tuples	fbs	encode	1	6	283453
tuples	fbs	encode	1	7	283006
tuples	fbs	encode	1	8	281058
tuples	fbs	encode	1	9	282333
tuples	fbs	encode	2	1	294108
tuples	fbs	encode	2	2	291666
tuples	fbs	encode	2	3	287141
tuples	fbs	encode	2	4	289638
tuples	fbs	encode	2	5	289909
tuples	fbs	encode	2	6	295239
tuples	fbs	encode	2	7	294731
tuples	fbs	encode	2	8	298844
tuples	fbs	encode	2	9	297583
tuples	fbs	decode	1	1	135008
tuples	fbs	decode	1	2	132188
tuples	fbs	decode	1	3	136210
tuples	fbs	decode	1	4	136054
tuples	fbs	decode	1	5	136224
tuples	fbs	decode	1	6	135764
tuples	fbs	decode	1	7	135973
tuples	fbs	decode	1	8	135511
tuples	fbs	decode	1	9	135081
tuples	fbs	decode	2	1	137017
tuples	fbs	decode	2	2	136284
tuples	fbs	decode	2	3	134460
tuples	fbs	decode	2	4	135743
tuples	fbs	decode	2	5	137084
tuples	fbs	decode	2	6	137259
tuples	fbs	decode	2	7	135907
tuples	fbs	decode	2	8	137588
tuples	fbs	decode	2	9	134929
tuples	serio	encode	1	1	33481
tuples	serio	encode	1	2	33489
tuples	serio	encode	1	3	33658
tuples	serio	encode	1	4	33112
tuples	serio	encode	1	5	33189
tuples	serio	encode	1	6	33138
tuples	serio	encode	1	7	33383
tuples	serio	encode	1	8	33168
tuples	serio	encode	1	9	33848
tuples	serio	encode	2	1	33707
tuples	serio	encode	2	2	33755
tuples	serio	encode	2	3	33430
tuples	serio	encode	2	4	33586
tuples	serio	encode	2	5	33817
tuples	serio	encode	2	6	33536
tuples	serio	encode	2	7	33762
tuples	serio	encode	2	8	33503
tuples	serio	encode	2	9	32948
tuples	serio	decode	1	1	57725
tuples	serio	decode	1	2	57062
tuples	serio	decode	1	3	58279
tuples	serio	decode	1	4	57865
tuples	serio	decode	1	5	57385
tuples	serio	decode	1	6	58006
tuples	serio	decode	1	7	57857
tuples	serio	decode	1	8	57349
tuples	serio	decode	1	9	57952
tuples	serio	decode	2	1	57878
tuples	serio	decode	2	2	58640
tuples	serio	decode	2	3	58007
tuples	serio	decode	2	4	58478
tuples	serio	decode	2	5	56970
tuples	serio	decode	2	6	57815
tuples	serio	decode	2	7	58188
tuples	serio	decode	2	8	58316
tuples	serio	decode	2	9	58282
tuples	flamework2	encode	1	1	1326186
tuples	flamework2	encode	1	2	1332385
tuples	flamework2	encode	1	3	1328262
tuples	flamework2	encode	1	4	1354969
tuples	flamework2	encode	1	5	1344736
tuples	flamework2	encode	1	6	1357179
tuples	flamework2	encode	1	7	1364156
tuples	flamework2	encode	1	8	1352107
tuples	flamework2	encode	1	9	1348697
tuples	flamework2	encode	2	1	1356253
tuples	flamework2	encode	2	2	1266167
tuples	flamework2	encode	2	3	1350037
tuples	flamework2	encode	2	4	1316934
tuples	flamework2	encode	2	5	1330781
tuples	flamework2	encode	2	6	1340079
tuples	flamework2	encode	2	7	1348562
tuples	flamework2	encode	2	8	1349941
tuples	flamework2	encode	2	9	1349541
tuples	flamework2	decode	1	1	273441
tuples	flamework2	decode	1	2	293548
tuples	flamework2	decode	1	3	287202
tuples	flamework2	decode	1	4	288631
tuples	flamework2	decode	1	5	299195
tuples	flamework2	decode	1	6	287601
tuples	flamework2	decode	1	7	292672
tuples	flamework2	decode	1	8	301185
tuples	flamework2	decode	1	9	291234
tuples	flamework2	decode	2	1	294800
tuples	flamework2	decode	2	2	284315
tuples	flamework2	decode	2	3	293855
tuples	flamework2	decode	2	4	287750
tuples	flamework2	decode	2	5	295294
tuples	flamework2	decode	2	6	297451
tuples	flamework2	decode	2	7	288120
tuples	flamework2	decode	2	8	301133
tuples	flamework2	decode	2	9	287418
tuples	baseline	encode	1	1	1452438
tuples	baseline	encode	1	2	1433676
tuples	baseline	encode	1	3	1422486
tuples	baseline	encode	1	4	1420362
tuples	baseline	encode	1	5	1438577
tuples	baseline	encode	1	6	1437756
tuples	baseline	encode	1	7	1434950
tuples	baseline	encode	1	8	1439665
tuples	baseline	encode	1	9	1464621
tuples	baseline	encode	2	1	1477977
tuples	baseline	encode	2	2	1367762
tuples	baseline	encode	2	3	1474395
tuples	baseline	encode	2	4	1440553
tuples	baseline	encode	2	5	1469938
tuples	baseline	encode	2	6	1465157
tuples	baseline	encode	2	7	1452923
tuples	baseline	encode	2	8	1446155
tuples	baseline	encode	2	9	1474249
tuples	baseline	decode	1	1	292273
tuples	baseline	decode	1	2	297101
tuples	baseline	decode	1	3	293416
tuples	baseline	decode	1	4	297645
tuples	baseline	decode	1	5	296604
tuples	baseline	decode	1	6	289826
tuples	baseline	decode	1	7	304301
tuples	baseline	decode	1	8	302134
tuples	baseline	decode	1	9	299041
tuples	baseline	decode	2	1	291886
tuples	baseline	decode	2	2	304982
tuples	baseline	decode	2	3	301081
tuples	baseline	decode	2	4	300737
tuples	baseline	decode	2	5	298349
tuples	baseline	decode	2	6	295709
tuples	baseline	decode	2	7	306916
tuples	baseline	decode	2	8	294884
tuples	baseline	decode	2	9	308716
large record	surge	encode	1	1	161322
large record	surge	encode	1	2	162539
large record	surge	encode	1	3	164617
large record	surge	encode	1	4	163478
large record	surge	encode	1	5	160281
large record	surge	encode	1	6	160397
large record	surge	encode	1	7	163377
large record	surge	encode	1	8	160445
large record	surge	encode	1	9	158323
large record	surge	encode	2	1	164191
large record	surge	encode	2	2	165122
large record	surge	encode	2	3	161651
large record	surge	encode	2	4	165964
large record	surge	encode	2	5	164710
large record	surge	encode	2	6	164347
large record	surge	encode	2	7	166909
large record	surge	encode	2	8	163614
large record	surge	encode	2	9	164162
large record	surge	decode	1	1	76076
large record	surge	decode	1	2	77858
large record	surge	decode	1	3	76898
large record	surge	decode	1	4	76709
large record	surge	decode	1	5	73585
large record	surge	decode	1	6	76707
large record	surge	decode	1	7	76885
large record	surge	decode	1	8	77435
large record	surge	decode	1	9	76709
large record	surge	decode	2	1	71748
large record	surge	decode	2	2	77450
large record	surge	decode	2	3	77185
large record	surge	decode	2	4	72387
large record	surge	decode	2	5	73623
large record	surge	decode	2	6	72883
large record	surge	decode	2	7	72814
large record	surge	decode	2	8	77722
large record	surge	decode	2	9	77305
large record	fbs	encode	1	1	95998
large record	fbs	encode	1	2	94125
large record	fbs	encode	1	3	93270
large record	fbs	encode	1	4	94559
large record	fbs	encode	1	5	93904
large record	fbs	encode	1	6	95904
large record	fbs	encode	1	7	94757
large record	fbs	encode	1	8	94303
large record	fbs	encode	1	9	94559
large record	fbs	encode	2	1	95009
large record	fbs	encode	2	2	95112
large record	fbs	encode	2	3	94479
large record	fbs	encode	2	4	93738
large record	fbs	encode	2	5	94427
large record	fbs	encode	2	6	94249
large record	fbs	encode	2	7	94617
large record	fbs	encode	2	8	94968
large record	fbs	encode	2	9	95704
large record	fbs	decode	1	1	55081
large record	fbs	decode	1	2	55384
large record	fbs	decode	1	3	55290
large record	fbs	decode	1	4	54227
large record	fbs	decode	1	5	55491
large record	fbs	decode	1	6	55189
large record	fbs	decode	1	7	55802
large record	fbs	decode	1	8	55478
large record	fbs	decode	1	9	55041
large record	fbs	decode	2	1	52674
large record	fbs	decode	2	2	55468
large record	fbs	decode	2	3	55965
large record	fbs	decode	2	4	52355
large record	fbs	decode	2	5	52379
large record	fbs	decode	2	6	51572
large record	fbs	decode	2	7	52209
large record	fbs	decode	2	8	55809
large record	fbs	decode	2	9	54581
large record	serio	encode	1	1	12202
large record	serio	encode	1	2	12270
large record	serio	encode	1	3	11969
large record	serio	encode	1	4	12057
large record	serio	encode	1	5	12164
large record	serio	encode	1	6	12088
large record	serio	encode	1	7	12150
large record	serio	encode	1	8	12019
large record	serio	encode	1	9	12082
large record	serio	encode	2	1	12183
large record	serio	encode	2	2	12120
large record	serio	encode	2	3	12159
large record	serio	encode	2	4	12088
large record	serio	encode	2	5	12070
large record	serio	encode	2	6	12137
large record	serio	encode	2	7	12073
large record	serio	encode	2	8	12208
large record	serio	encode	2	9	12163
large record	serio	decode	1	1	24656
large record	serio	decode	1	2	24614
large record	serio	decode	1	3	24778
large record	serio	decode	1	4	24325
large record	serio	decode	1	5	24696
large record	serio	decode	1	6	24676
large record	serio	decode	1	7	24556
large record	serio	decode	1	8	24595
large record	serio	decode	1	9	24661
large record	serio	decode	2	1	24141
large record	serio	decode	2	2	24894
large record	serio	decode	2	3	24971
large record	serio	decode	2	4	24129
large record	serio	decode	2	5	24473
large record	serio	decode	2	6	24168
large record	serio	decode	2	7	24170
large record	serio	decode	2	8	24784
large record	serio	decode	2	9	24156
large record	flamework2	encode	1	1	116333
large record	flamework2	encode	1	2	117877
large record	flamework2	encode	1	3	116893
large record	flamework2	encode	1	4	117979
large record	flamework2	encode	1	5	81712
large record	flamework2	encode	1	6	118282
large record	flamework2	encode	1	7	117619
large record	flamework2	encode	1	8	118581
large record	flamework2	encode	1	9	116278
large record	flamework2	encode	2	1	118471
large record	flamework2	encode	2	2	120404
large record	flamework2	encode	2	3	117419
large record	flamework2	encode	2	4	117462
large record	flamework2	encode	2	5	118369
large record	flamework2	encode	2	6	118183
large record	flamework2	encode	2	7	119798
large record	flamework2	encode	2	8	119499
large record	flamework2	encode	2	9	118675
large record	flamework2	decode	1	1	63845
large record	flamework2	decode	1	2	64505
large record	flamework2	decode	1	3	64361
large record	flamework2	decode	1	4	62405
large record	flamework2	decode	1	5	64676
large record	flamework2	decode	1	6	64925
large record	flamework2	decode	1	7	64026
large record	flamework2	decode	1	8	65281
large record	flamework2	decode	1	9	64704
large record	flamework2	decode	2	1	61157
large record	flamework2	decode	2	2	64566
large record	flamework2	decode	2	3	64541
large record	flamework2	decode	2	4	61222
large record	flamework2	decode	2	5	64798
large record	flamework2	decode	2	6	61241
large record	flamework2	decode	2	7	61249
large record	flamework2	decode	2	8	65538
large record	flamework2	decode	2	9	61026
large record	blink	encode	1	1	64512
large record	blink	encode	1	2	64653
large record	blink	encode	1	3	62883
large record	blink	encode	1	4	63711
large record	blink	encode	1	5	67208
large record	blink	encode	1	6	62154
large record	blink	encode	1	7	63671
large record	blink	encode	1	8	62310
large record	blink	encode	1	9	61549
large record	blink	encode	2	1	62231
large record	blink	encode	2	2	62488
large record	blink	encode	2	3	62737
large record	blink	encode	2	4	62467
large record	blink	encode	2	5	62404
large record	blink	encode	2	6	62771
large record	blink	encode	2	7	62155
large record	blink	encode	2	8	63032
large record	blink	encode	2	9	62253
large record	blink	decode	1	1	70944
large record	blink	decode	1	2	71069
large record	blink	decode	1	3	72346
large record	blink	decode	1	4	67468
large record	blink	decode	1	5	70377
large record	blink	decode	1	6	71942
large record	blink	decode	1	7	71792
large record	blink	decode	1	8	70966
large record	blink	decode	1	9	71901
large record	blink	decode	2	1	68533
large record	blink	decode	2	2	72768
large record	blink	decode	2	3	67858
large record	blink	decode	2	4	68650
large record	blink	decode	2	5	67578
large record	blink	decode	2	6	67056
large record	blink	decode	2	7	67116
large record	blink	decode	2	8	72815
large record	blink	decode	2	9	67775
string-heavy	surge	encode	1	1	302236
string-heavy	surge	encode	1	2	303999
string-heavy	surge	encode	1	3	303426
string-heavy	surge	encode	1	4	308409
string-heavy	surge	encode	1	5	314921
string-heavy	surge	encode	1	6	302748
string-heavy	surge	encode	1	7	309457
string-heavy	surge	encode	1	8	304743
string-heavy	surge	encode	1	9	297592
string-heavy	surge	encode	2	1	304349
string-heavy	surge	encode	2	2	300343
string-heavy	surge	encode	2	3	303648
string-heavy	surge	encode	2	4	302079
string-heavy	surge	encode	2	5	308293
string-heavy	surge	encode	2	6	308558
string-heavy	surge	encode	2	7	309055
string-heavy	surge	encode	2	8	303423
string-heavy	surge	encode	2	9	307370
string-heavy	surge	decode	1	1	220693
string-heavy	surge	decode	1	2	219838
string-heavy	surge	decode	1	3	222116
string-heavy	surge	decode	1	4	220224
string-heavy	surge	decode	1	5	221511
string-heavy	surge	decode	1	6	221171
string-heavy	surge	decode	1	7	220303
string-heavy	surge	decode	1	8	220069
string-heavy	surge	decode	1	9	220687
string-heavy	surge	decode	2	1	212181
string-heavy	surge	decode	2	2	221132
string-heavy	surge	decode	2	3	219061
string-heavy	surge	decode	2	4	221238
string-heavy	surge	decode	2	5	222779
string-heavy	surge	decode	2	6	220845
string-heavy	surge	decode	2	7	220623
string-heavy	surge	decode	2	8	222387
string-heavy	surge	decode	2	9	221323
string-heavy	fbs	encode	1	1	205172
string-heavy	fbs	encode	1	2	205038
string-heavy	fbs	encode	1	3	207382
string-heavy	fbs	encode	1	4	203628
string-heavy	fbs	encode	1	5	205157
string-heavy	fbs	encode	1	6	205493
string-heavy	fbs	encode	1	7	204711
string-heavy	fbs	encode	1	8	204333
string-heavy	fbs	encode	1	9	205804
string-heavy	fbs	encode	2	1	204769
string-heavy	fbs	encode	2	2	207125
string-heavy	fbs	encode	2	3	205996
string-heavy	fbs	encode	2	4	203158
string-heavy	fbs	encode	2	5	202296
string-heavy	fbs	encode	2	6	202798
string-heavy	fbs	encode	2	7	202395
string-heavy	fbs	encode	2	8	206614
string-heavy	fbs	encode	2	9	203430
string-heavy	fbs	decode	1	1	175704
string-heavy	fbs	decode	1	2	175176
string-heavy	fbs	decode	1	3	172738
string-heavy	fbs	decode	1	4	175701
string-heavy	fbs	decode	1	5	175374
string-heavy	fbs	decode	1	6	175524
string-heavy	fbs	decode	1	7	175789
string-heavy	fbs	decode	1	8	174865
string-heavy	fbs	decode	1	9	175741
string-heavy	fbs	decode	2	1	168252
string-heavy	fbs	decode	2	2	175480
string-heavy	fbs	decode	2	3	175539
string-heavy	fbs	decode	2	4	175703
string-heavy	fbs	decode	2	5	175166
string-heavy	fbs	decode	2	6	174271
string-heavy	fbs	decode	2	7	174993
string-heavy	fbs	decode	2	8	175590
string-heavy	fbs	decode	2	9	175035
string-heavy	serio	encode	1	1	32028
string-heavy	serio	encode	1	2	32081
string-heavy	serio	encode	1	3	31944
string-heavy	serio	encode	1	4	32234
string-heavy	serio	encode	1	5	32343
string-heavy	serio	encode	1	6	32060
string-heavy	serio	encode	1	7	32257
string-heavy	serio	encode	1	8	31925
string-heavy	serio	encode	1	9	32496
string-heavy	serio	encode	2	1	32131
string-heavy	serio	encode	2	2	31909
string-heavy	serio	encode	2	3	32157
string-heavy	serio	encode	2	4	31828
string-heavy	serio	encode	2	5	31951
string-heavy	serio	encode	2	6	32089
string-heavy	serio	encode	2	7	32295
string-heavy	serio	encode	2	8	31806
string-heavy	serio	encode	2	9	31766
string-heavy	serio	decode	1	1	58112
string-heavy	serio	decode	1	2	57566
string-heavy	serio	decode	1	3	57862
string-heavy	serio	decode	1	4	58000
string-heavy	serio	decode	1	5	58015
string-heavy	serio	decode	1	6	58881
string-heavy	serio	decode	1	7	58825
string-heavy	serio	decode	1	8	58876
string-heavy	serio	decode	1	9	59014
string-heavy	serio	decode	2	1	57295
string-heavy	serio	decode	2	2	57888
string-heavy	serio	decode	2	3	58425
string-heavy	serio	decode	2	4	59054
string-heavy	serio	decode	2	5	59306
string-heavy	serio	decode	2	6	59521
string-heavy	serio	decode	2	7	58602
string-heavy	serio	decode	2	8	58174
string-heavy	serio	decode	2	9	57772
string-heavy	flamework2	encode	1	1	233482
string-heavy	flamework2	encode	1	2	230365
string-heavy	flamework2	encode	1	3	224996
string-heavy	flamework2	encode	1	4	229311
string-heavy	flamework2	encode	1	5	228532
string-heavy	flamework2	encode	1	6	226552
string-heavy	flamework2	encode	1	7	230926
string-heavy	flamework2	encode	1	8	228607
string-heavy	flamework2	encode	1	9	230423
string-heavy	flamework2	encode	2	1	227873
string-heavy	flamework2	encode	2	2	228474
string-heavy	flamework2	encode	2	3	229286
string-heavy	flamework2	encode	2	4	230215
string-heavy	flamework2	encode	2	5	231526
string-heavy	flamework2	encode	2	6	228882
string-heavy	flamework2	encode	2	7	232734
string-heavy	flamework2	encode	2	8	231660
string-heavy	flamework2	encode	2	9	231979
string-heavy	flamework2	decode	1	1	159600
string-heavy	flamework2	decode	1	2	159648
string-heavy	flamework2	decode	1	3	159656
string-heavy	flamework2	decode	1	4	158905
string-heavy	flamework2	decode	1	5	158718
string-heavy	flamework2	decode	1	6	158699
string-heavy	flamework2	decode	1	7	157628
string-heavy	flamework2	decode	1	8	156140
string-heavy	flamework2	decode	1	9	156870
string-heavy	flamework2	decode	2	1	152661
string-heavy	flamework2	decode	2	2	159988
string-heavy	flamework2	decode	2	3	159503
string-heavy	flamework2	decode	2	4	158480
string-heavy	flamework2	decode	2	5	156941
string-heavy	flamework2	decode	2	6	156202
string-heavy	flamework2	decode	2	7	158900
string-heavy	flamework2	decode	2	8	160341
string-heavy	flamework2	decode	2	9	161686
string-heavy	blink	encode	1	1	119696
string-heavy	blink	encode	1	2	125711
string-heavy	blink	encode	1	3	124255
string-heavy	blink	encode	1	4	120305
string-heavy	blink	encode	1	5	124668
string-heavy	blink	encode	1	6	124307
string-heavy	blink	encode	1	7	121056
string-heavy	blink	encode	1	8	121940
string-heavy	blink	encode	1	9	121857
string-heavy	blink	encode	2	1	122429
string-heavy	blink	encode	2	2	120883
string-heavy	blink	encode	2	3	120584
string-heavy	blink	encode	2	4	119767
string-heavy	blink	encode	2	5	119929
string-heavy	blink	encode	2	6	118847
string-heavy	blink	encode	2	7	123442
string-heavy	blink	encode	2	8	119605
string-heavy	blink	encode	2	9	120845
string-heavy	blink	decode	1	1	229612
string-heavy	blink	decode	1	2	229411
string-heavy	blink	decode	1	3	230768
string-heavy	blink	decode	1	4	231135
string-heavy	blink	decode	1	5	229552
string-heavy	blink	decode	1	6	229048
string-heavy	blink	decode	1	7	228727
string-heavy	blink	decode	1	8	227271
string-heavy	blink	decode	1	9	229614
string-heavy	blink	decode	2	1	229614
string-heavy	blink	decode	2	2	230367
string-heavy	blink	decode	2	3	232067
string-heavy	blink	decode	2	4	230812
string-heavy	blink	decode	2	5	229289
string-heavy	blink	decode	2	6	231147
string-heavy	blink	decode	2	7	228847
string-heavy	blink	decode	2	8	231522
string-heavy	blink	decode	2	9	231161
leaderboard	surge	encode	1	1	501497
leaderboard	surge	encode	1	2	494307
leaderboard	surge	encode	1	3	491860
leaderboard	surge	encode	1	4	491372
leaderboard	surge	encode	1	5	488812
leaderboard	surge	encode	1	6	489084
leaderboard	surge	encode	1	7	499210
leaderboard	surge	encode	1	8	493546
leaderboard	surge	encode	1	9	493224
leaderboard	surge	encode	2	1	488952
leaderboard	surge	encode	2	2	484570
leaderboard	surge	encode	2	3	485515
leaderboard	surge	encode	2	4	489610
leaderboard	surge	encode	2	5	463480
leaderboard	surge	encode	2	6	484967
leaderboard	surge	encode	2	7	482183
leaderboard	surge	encode	2	8	478298
leaderboard	surge	encode	2	9	489821
leaderboard	surge	decode	1	1	168907
leaderboard	surge	decode	1	2	166691
leaderboard	surge	decode	1	3	159440
leaderboard	surge	decode	1	4	165494
leaderboard	surge	decode	1	5	170594
leaderboard	surge	decode	1	6	164548
leaderboard	surge	decode	1	7	164770
leaderboard	surge	decode	1	8	168631
leaderboard	surge	decode	1	9	165413
leaderboard	surge	decode	2	1	155254
leaderboard	surge	decode	2	2	167184
leaderboard	surge	decode	2	3	170982
leaderboard	surge	decode	2	4	166611
leaderboard	surge	decode	2	5	168135
leaderboard	surge	decode	2	6	165974
leaderboard	surge	decode	2	7	168342
leaderboard	surge	decode	2	8	167172
leaderboard	surge	decode	2	9	169422
leaderboard	fbs	encode	1	1	173009
leaderboard	fbs	encode	1	2	173525
leaderboard	fbs	encode	1	3	174297
leaderboard	fbs	encode	1	4	174426
leaderboard	fbs	encode	1	5	173628
leaderboard	fbs	encode	1	6	176938
leaderboard	fbs	encode	1	7	172841
leaderboard	fbs	encode	1	8	174379
leaderboard	fbs	encode	1	9	174696
leaderboard	fbs	encode	2	1	174130
leaderboard	fbs	encode	2	2	174987
leaderboard	fbs	encode	2	3	175648
leaderboard	fbs	encode	2	4	174531
leaderboard	fbs	encode	2	5	172561
leaderboard	fbs	encode	2	6	173420
leaderboard	fbs	encode	2	7	174876
leaderboard	fbs	encode	2	8	173559
leaderboard	fbs	encode	2	9	175308
leaderboard	fbs	decode	1	1	98521
leaderboard	fbs	decode	1	2	96812
leaderboard	fbs	decode	1	3	94553
leaderboard	fbs	decode	1	4	96854
leaderboard	fbs	decode	1	5	95687
leaderboard	fbs	decode	1	6	97003
leaderboard	fbs	decode	1	7	98030
leaderboard	fbs	decode	1	8	97362
leaderboard	fbs	decode	1	9	96618
leaderboard	fbs	decode	2	1	91096
leaderboard	fbs	decode	2	2	95811
leaderboard	fbs	decode	2	3	97104
leaderboard	fbs	decode	2	4	97460
leaderboard	fbs	decode	2	5	97553
leaderboard	fbs	decode	2	6	97198
leaderboard	fbs	decode	2	7	96714
leaderboard	fbs	decode	2	8	88104
leaderboard	fbs	decode	2	9	96126
leaderboard	serio	encode	1	1	27077
leaderboard	serio	encode	1	2	27237
leaderboard	serio	encode	1	3	27302
leaderboard	serio	encode	1	4	27283
leaderboard	serio	encode	1	5	25432
leaderboard	serio	encode	1	6	26792
leaderboard	serio	encode	1	7	26236
leaderboard	serio	encode	1	8	26957
leaderboard	serio	encode	1	9	26915
leaderboard	serio	encode	2	1	27088
leaderboard	serio	encode	2	2	26770
leaderboard	serio	encode	2	3	27058
leaderboard	serio	encode	2	4	27180
leaderboard	serio	encode	2	5	26934
leaderboard	serio	encode	2	6	26994
leaderboard	serio	encode	2	7	27023
leaderboard	serio	encode	2	8	27262
leaderboard	serio	encode	2	9	27342
leaderboard	serio	decode	1	1	43514
leaderboard	serio	decode	1	2	43683
leaderboard	serio	decode	1	3	43909
leaderboard	serio	decode	1	4	43969
leaderboard	serio	decode	1	5	43454
leaderboard	serio	decode	1	6	43760
leaderboard	serio	decode	1	7	43213
leaderboard	serio	decode	1	8	43489
leaderboard	serio	decode	1	9	43842
leaderboard	serio	decode	2	1	43389
leaderboard	serio	decode	2	2	43184
leaderboard	serio	decode	2	3	43698
leaderboard	serio	decode	2	4	43352
leaderboard	serio	decode	2	5	43560
leaderboard	serio	decode	2	6	43774
leaderboard	serio	decode	2	7	43539
leaderboard	serio	decode	2	8	42810
leaderboard	serio	decode	2	9	43181
leaderboard	flamework2	encode	1	1	299388
leaderboard	flamework2	encode	1	2	295964
leaderboard	flamework2	encode	1	3	298285
leaderboard	flamework2	encode	1	4	304416
leaderboard	flamework2	encode	1	5	302216
leaderboard	flamework2	encode	1	6	301916
leaderboard	flamework2	encode	1	7	290516
leaderboard	flamework2	encode	1	8	301239
leaderboard	flamework2	encode	1	9	305184
leaderboard	flamework2	encode	2	1	297763
leaderboard	flamework2	encode	2	2	298039
leaderboard	flamework2	encode	2	3	296980
leaderboard	flamework2	encode	2	4	294099
leaderboard	flamework2	encode	2	5	298891
leaderboard	flamework2	encode	2	6	296554
leaderboard	flamework2	encode	2	7	296429
leaderboard	flamework2	encode	2	8	297215
leaderboard	flamework2	encode	2	9	299591
leaderboard	flamework2	decode	1	1	137585
leaderboard	flamework2	decode	1	2	138558
leaderboard	flamework2	decode	1	3	140094
leaderboard	flamework2	decode	1	4	138727
leaderboard	flamework2	decode	1	5	137655
leaderboard	flamework2	decode	1	6	135146
leaderboard	flamework2	decode	1	7	137474
leaderboard	flamework2	decode	1	8	137461
leaderboard	flamework2	decode	1	9	137309
leaderboard	flamework2	decode	2	1	138716
leaderboard	flamework2	decode	2	2	136897
leaderboard	flamework2	decode	2	3	137367
leaderboard	flamework2	decode	2	4	136762
leaderboard	flamework2	decode	2	5	139709
leaderboard	flamework2	decode	2	6	138224
leaderboard	flamework2	decode	2	7	136785
leaderboard	flamework2	decode	2	8	136447
leaderboard	flamework2	decode	2	9	133591
leaderboard	blink	encode	1	1	206869
leaderboard	blink	encode	1	2	207335
leaderboard	blink	encode	1	3	207118
leaderboard	blink	encode	1	4	207369
leaderboard	blink	encode	1	5	202376
leaderboard	blink	encode	1	6	207554
leaderboard	blink	encode	1	7	210142
leaderboard	blink	encode	1	8	211855
leaderboard	blink	encode	1	9	213071
leaderboard	blink	encode	2	1	201658
leaderboard	blink	encode	2	2	202335
leaderboard	blink	encode	2	3	206093
leaderboard	blink	encode	2	4	190334
leaderboard	blink	encode	2	5	201747
leaderboard	blink	encode	2	6	202215
leaderboard	blink	encode	2	7	201841
leaderboard	blink	encode	2	8	204718
leaderboard	blink	encode	2	9	199389
leaderboard	blink	decode	1	1	97895
leaderboard	blink	decode	1	2	97239
leaderboard	blink	decode	1	3	95865
leaderboard	blink	decode	1	4	97356
leaderboard	blink	decode	1	5	96448
leaderboard	blink	decode	1	6	98734
leaderboard	blink	decode	1	7	98397
leaderboard	blink	decode	1	8	98408
leaderboard	blink	decode	1	9	98045
leaderboard	blink	decode	2	1	96364
leaderboard	blink	decode	2	2	98093
leaderboard	blink	decode	2	3	99264
leaderboard	blink	decode	2	4	99535
leaderboard	blink	decode	2	5	97244
leaderboard	blink	decode	2	6	97633
leaderboard	blink	decode	2	7	100196
leaderboard	blink	decode	2	8	96417
leaderboard	blink	decode	2	9	97955
leaderboard	baseline	encode	1	1	495506
leaderboard	baseline	encode	1	2	499162
leaderboard	baseline	encode	1	3	501569
leaderboard	baseline	encode	1	4	501719
leaderboard	baseline	encode	1	5	500327
leaderboard	baseline	encode	1	6	491185
leaderboard	baseline	encode	1	7	498023
leaderboard	baseline	encode	1	8	501371
leaderboard	baseline	encode	1	9	500322
leaderboard	baseline	encode	2	1	501760
leaderboard	baseline	encode	2	2	499294
leaderboard	baseline	encode	2	3	498944
leaderboard	baseline	encode	2	4	482137
leaderboard	baseline	encode	2	5	505161
leaderboard	baseline	encode	2	6	503362
leaderboard	baseline	encode	2	7	492852
leaderboard	baseline	encode	2	8	503453
leaderboard	baseline	encode	2	9	498301
leaderboard	baseline	decode	1	1	167157
leaderboard	baseline	decode	1	2	160502
leaderboard	baseline	decode	1	3	163601
leaderboard	baseline	decode	1	4	160848
leaderboard	baseline	decode	1	5	165416
leaderboard	baseline	decode	1	6	164793
leaderboard	baseline	decode	1	7	162237
leaderboard	baseline	decode	1	8	166911
leaderboard	baseline	decode	1	9	162729
leaderboard	baseline	decode	2	1	167091
leaderboard	baseline	decode	2	2	163824
leaderboard	baseline	decode	2	3	159409
leaderboard	baseline	decode	2	4	165679
leaderboard	baseline	decode	2	5	165310
leaderboard	baseline	decode	2	6	162411
leaderboard	baseline	decode	2	7	160419
leaderboard	baseline	decode	2	8	161202
leaderboard	baseline	decode	2	9	163705
enum-heavy	surge	encode	1	1	1223440
enum-heavy	surge	encode	1	2	1224686
enum-heavy	surge	encode	1	3	1206241
enum-heavy	surge	encode	1	4	1221232
enum-heavy	surge	encode	1	5	1229180
enum-heavy	surge	encode	1	6	1213451
enum-heavy	surge	encode	1	7	1210998
enum-heavy	surge	encode	1	8	1207339
enum-heavy	surge	encode	1	9	1227286
enum-heavy	surge	encode	2	1	1208384
enum-heavy	surge	encode	2	2	1214914
enum-heavy	surge	encode	2	3	1217015
enum-heavy	surge	encode	2	4	1201200
enum-heavy	surge	encode	2	5	1189613
enum-heavy	surge	encode	2	6	1215185
enum-heavy	surge	encode	2	7	1210477
enum-heavy	surge	encode	2	8	1199990
enum-heavy	surge	encode	2	9	1212573
enum-heavy	surge	decode	1	1	813928
enum-heavy	surge	decode	1	2	817381
enum-heavy	surge	decode	1	3	827829
enum-heavy	surge	decode	1	4	822332
enum-heavy	surge	decode	1	5	811501
enum-heavy	surge	decode	1	6	830024
enum-heavy	surge	decode	1	7	737591
enum-heavy	surge	decode	1	8	831815
enum-heavy	surge	decode	1	9	814719
enum-heavy	surge	decode	2	1	827390
enum-heavy	surge	decode	2	2	818268
enum-heavy	surge	decode	2	3	832017
enum-heavy	surge	decode	2	4	831332
enum-heavy	surge	decode	2	5	813786
enum-heavy	surge	decode	2	6	832646
enum-heavy	surge	decode	2	7	829481
enum-heavy	surge	decode	2	8	845919
enum-heavy	surge	decode	2	9	817317
enum-heavy	fbs	encode	1	1	85020
enum-heavy	fbs	encode	1	2	85427
enum-heavy	fbs	encode	1	3	85335
enum-heavy	fbs	encode	1	4	84657
enum-heavy	fbs	encode	1	5	85712
enum-heavy	fbs	encode	1	6	85360
enum-heavy	fbs	encode	1	7	85083
enum-heavy	fbs	encode	1	8	85682
enum-heavy	fbs	encode	1	9	84967
enum-heavy	fbs	encode	2	1	86173
enum-heavy	fbs	encode	2	2	84247
enum-heavy	fbs	encode	2	3	85110
enum-heavy	fbs	encode	2	4	86242
enum-heavy	fbs	encode	2	5	85997
enum-heavy	fbs	encode	2	6	84766
enum-heavy	fbs	encode	2	7	84594
enum-heavy	fbs	encode	2	8	85195
enum-heavy	fbs	encode	2	9	84230
enum-heavy	fbs	decode	1	1	280504
enum-heavy	fbs	decode	1	2	281571
enum-heavy	fbs	decode	1	3	276455
enum-heavy	fbs	decode	1	4	281104
enum-heavy	fbs	decode	1	5	278709
enum-heavy	fbs	decode	1	6	281300
enum-heavy	fbs	decode	1	7	269828
enum-heavy	fbs	decode	1	8	280553
enum-heavy	fbs	decode	1	9	283293
enum-heavy	fbs	decode	2	1	277893
enum-heavy	fbs	decode	2	2	280638
enum-heavy	fbs	decode	2	3	283258
enum-heavy	fbs	decode	2	4	280978
enum-heavy	fbs	decode	2	5	282408
enum-heavy	fbs	decode	2	6	280544
enum-heavy	fbs	decode	2	7	278267
enum-heavy	fbs	decode	2	8	279548
enum-heavy	fbs	decode	2	9	280038
enum-heavy	serio	encode	1	1	42213
enum-heavy	serio	encode	1	2	42432
enum-heavy	serio	encode	1	3	42535
enum-heavy	serio	encode	1	4	42417
enum-heavy	serio	encode	1	5	42163
enum-heavy	serio	encode	1	6	42192
enum-heavy	serio	encode	1	7	42471
enum-heavy	serio	encode	1	8	42246
enum-heavy	serio	encode	1	9	42625
enum-heavy	serio	encode	2	1	42443
enum-heavy	serio	encode	2	2	42499
enum-heavy	serio	encode	2	3	42278
enum-heavy	serio	encode	2	4	42392
enum-heavy	serio	encode	2	5	42422
enum-heavy	serio	encode	2	6	42349
enum-heavy	serio	encode	2	7	42367
enum-heavy	serio	encode	2	8	42376
enum-heavy	serio	encode	2	9	42388
enum-heavy	serio	decode	1	1	109256
enum-heavy	serio	decode	1	2	109969
enum-heavy	serio	decode	1	3	109140
enum-heavy	serio	decode	1	4	110782
enum-heavy	serio	decode	1	5	109516
enum-heavy	serio	decode	1	6	108729
enum-heavy	serio	decode	1	7	107470
enum-heavy	serio	decode	1	8	108586
enum-heavy	serio	decode	1	9	110958
enum-heavy	serio	decode	2	1	109179
enum-heavy	serio	decode	2	2	109803
enum-heavy	serio	decode	2	3	110808
enum-heavy	serio	decode	2	4	109089
enum-heavy	serio	decode	2	5	109916
enum-heavy	serio	decode	2	6	109101
enum-heavy	serio	decode	2	7	107764
enum-heavy	serio	decode	2	8	110182
enum-heavy	serio	decode	2	9	109870
enum-heavy	flamework2	encode	1	1	544503
enum-heavy	flamework2	encode	1	2	546662
enum-heavy	flamework2	encode	1	3	543501
enum-heavy	flamework2	encode	1	4	533160
enum-heavy	flamework2	encode	1	5	541636
enum-heavy	flamework2	encode	1	6	549853
enum-heavy	flamework2	encode	1	7	550670
enum-heavy	flamework2	encode	1	8	542165
enum-heavy	flamework2	encode	1	9	542199
enum-heavy	flamework2	encode	2	1	555347
enum-heavy	flamework2	encode	2	2	553760
enum-heavy	flamework2	encode	2	3	550674
enum-heavy	flamework2	encode	2	4	550297
enum-heavy	flamework2	encode	2	5	541577
enum-heavy	flamework2	encode	2	6	555263
enum-heavy	flamework2	encode	2	7	552475
enum-heavy	flamework2	encode	2	8	556207
enum-heavy	flamework2	encode	2	9	545353
enum-heavy	flamework2	decode	1	1	548287
enum-heavy	flamework2	decode	1	2	545870
enum-heavy	flamework2	decode	1	3	549428
enum-heavy	flamework2	decode	1	4	542421
enum-heavy	flamework2	decode	1	5	544617
enum-heavy	flamework2	decode	1	6	518032
enum-heavy	flamework2	decode	1	7	526074
enum-heavy	flamework2	decode	1	8	551325
enum-heavy	flamework2	decode	1	9	542040
enum-heavy	flamework2	decode	2	1	549252
enum-heavy	flamework2	decode	2	2	547938
enum-heavy	flamework2	decode	2	3	542438
enum-heavy	flamework2	decode	2	4	558685
enum-heavy	flamework2	decode	2	5	554102
enum-heavy	flamework2	decode	2	6	555989
enum-heavy	flamework2	decode	2	7	537640
enum-heavy	flamework2	decode	2	8	550777
enum-heavy	flamework2	decode	2	9	551960
tagged union	surge	encode	1	1	372054
tagged union	surge	encode	1	2	359841
tagged union	surge	encode	1	3	369569
tagged union	surge	encode	1	4	379817
tagged union	surge	encode	1	5	369611
tagged union	surge	encode	1	6	374329
tagged union	surge	encode	1	7	374222
tagged union	surge	encode	1	8	373371
tagged union	surge	encode	1	9	371911
tagged union	surge	encode	2	1	371054
tagged union	surge	encode	2	2	371959
tagged union	surge	encode	2	3	374369
tagged union	surge	encode	2	4	373960
tagged union	surge	encode	2	5	373203
tagged union	surge	encode	2	6	371916
tagged union	surge	encode	2	7	373680
tagged union	surge	encode	2	8	378737
tagged union	surge	encode	2	9	372994
tagged union	surge	decode	1	1	104756
tagged union	surge	decode	1	2	100923
tagged union	surge	decode	1	3	99406
tagged union	surge	decode	1	4	101577
tagged union	surge	decode	1	5	104572
tagged union	surge	decode	1	6	101619
tagged union	surge	decode	1	7	104056
tagged union	surge	decode	1	8	103387
tagged union	surge	decode	1	9	101775
tagged union	surge	decode	2	1	99770
tagged union	surge	decode	2	2	104519
tagged union	surge	decode	2	3	101125
tagged union	surge	decode	2	4	103412
tagged union	surge	decode	2	5	102591
tagged union	surge	decode	2	6	103620
tagged union	surge	decode	2	7	101174
tagged union	surge	decode	2	8	101670
tagged union	surge	decode	2	9	102144
tagged union	fbs	encode	1	1	89648
tagged union	fbs	encode	1	2	88916
tagged union	fbs	encode	1	3	89996
tagged union	fbs	encode	1	4	88623
tagged union	fbs	encode	1	5	89563
tagged union	fbs	encode	1	6	88860
tagged union	fbs	encode	1	7	88208
tagged union	fbs	encode	1	8	89256
tagged union	fbs	encode	1	9	87855
tagged union	fbs	encode	2	1	87798
tagged union	fbs	encode	2	2	90128
tagged union	fbs	encode	2	3	88074
tagged union	fbs	encode	2	4	90318
tagged union	fbs	encode	2	5	89923
tagged union	fbs	encode	2	6	88418
tagged union	fbs	encode	2	7	87862
tagged union	fbs	encode	2	8	88491
tagged union	fbs	encode	2	9	88857
tagged union	fbs	decode	1	1	45821
tagged union	fbs	decode	1	2	45983
tagged union	fbs	decode	1	3	45827
tagged union	fbs	decode	1	4	45544
tagged union	fbs	decode	1	5	45865
tagged union	fbs	decode	1	6	46404
tagged union	fbs	decode	1	7	45748
tagged union	fbs	decode	1	8	45820
tagged union	fbs	decode	1	9	46207
tagged union	fbs	decode	2	1	46808
tagged union	fbs	decode	2	2	45419
tagged union	fbs	decode	2	3	45869
tagged union	fbs	decode	2	4	45623
tagged union	fbs	decode	2	5	45345
tagged union	fbs	decode	2	6	45584
tagged union	fbs	decode	2	7	45670
tagged union	fbs	decode	2	8	46000
tagged union	fbs	decode	2	9	45955
tagged union	serio	encode	1	1	13709
tagged union	serio	encode	1	2	13566
tagged union	serio	encode	1	3	13706
tagged union	serio	encode	1	4	13776
tagged union	serio	encode	1	5	13837
tagged union	serio	encode	1	6	13647
tagged union	serio	encode	1	7	13730
tagged union	serio	encode	1	8	13697
tagged union	serio	encode	1	9	13789
tagged union	serio	encode	2	1	13561
tagged union	serio	encode	2	2	13608
tagged union	serio	encode	2	3	13798
tagged union	serio	encode	2	4	13746
tagged union	serio	encode	2	5	13735
tagged union	serio	encode	2	6	13877
tagged union	serio	encode	2	7	13746
tagged union	serio	encode	2	8	13837
tagged union	serio	encode	2	9	13752
tagged union	serio	decode	1	1	20319
tagged union	serio	decode	1	2	20141
tagged union	serio	decode	1	3	20209
tagged union	serio	decode	1	4	20285
tagged union	serio	decode	1	5	20192
tagged union	serio	decode	1	6	20397
tagged union	serio	decode	1	7	20505
tagged union	serio	decode	1	8	20448
tagged union	serio	decode	1	9	20266
tagged union	serio	decode	2	1	20321
tagged union	serio	decode	2	2	20067
tagged union	serio	decode	2	3	20028
tagged union	serio	decode	2	4	20237
tagged union	serio	decode	2	5	20386
tagged union	serio	decode	2	6	20382
tagged union	serio	decode	2	7	20374
tagged union	serio	decode	2	8	20181
tagged union	serio	decode	2	9	20077
tagged union	flamework2	encode	1	1	203231
tagged union	flamework2	encode	1	2	197166
tagged union	flamework2	encode	1	3	204621
tagged union	flamework2	encode	1	4	204812
tagged union	flamework2	encode	1	5	207903
tagged union	flamework2	encode	1	6	206903
tagged union	flamework2	encode	1	7	207342
tagged union	flamework2	encode	1	8	203709
tagged union	flamework2	encode	1	9	203966
tagged union	flamework2	encode	2	1	206650
tagged union	flamework2	encode	2	2	204804
tagged union	flamework2	encode	2	3	203086
tagged union	flamework2	encode	2	4	201525
tagged union	flamework2	encode	2	5	203499
tagged union	flamework2	encode	2	6	205305
tagged union	flamework2	encode	2	7	203998
tagged union	flamework2	encode	2	8	200328
tagged union	flamework2	encode	2	9	198380
tagged union	flamework2	decode	1	1	90839
tagged union	flamework2	decode	1	2	92405
tagged union	flamework2	decode	1	3	89065
tagged union	flamework2	decode	1	4	89731
tagged union	flamework2	decode	1	5	89716
tagged union	flamework2	decode	1	6	88607
tagged union	flamework2	decode	1	7	89744
tagged union	flamework2	decode	1	8	88704
tagged union	flamework2	decode	1	9	89118
tagged union	flamework2	decode	2	1	88492
tagged union	flamework2	decode	2	2	89883
tagged union	flamework2	decode	2	3	70255
tagged union	flamework2	decode	2	4	88647
tagged union	flamework2	decode	2	5	89713
tagged union	flamework2	decode	2	6	90359
tagged union	flamework2	decode	2	7	91070
tagged union	flamework2	decode	2	8	89964
tagged union	flamework2	decode	2	9	90429
tagged union	blink	encode	1	1	141091
tagged union	blink	encode	1	2	133476
tagged union	blink	encode	1	3	140109
tagged union	blink	encode	1	4	137152
tagged union	blink	encode	1	5	142460
tagged union	blink	encode	1	6	139443
tagged union	blink	encode	1	7	142358
tagged union	blink	encode	1	8	141396
tagged union	blink	encode	1	9	143121
tagged union	blink	encode	2	1	136697
tagged union	blink	encode	2	2	138184
tagged union	blink	encode	2	3	139724
tagged union	blink	encode	2	4	137580
tagged union	blink	encode	2	5	139367
tagged union	blink	encode	2	6	138336
tagged union	blink	encode	2	7	136952
tagged union	blink	encode	2	8	135082
tagged union	blink	encode	2	9	138230
tagged union	blink	decode	1	1	59257
tagged union	blink	decode	1	2	58298
tagged union	blink	decode	1	3	59087
tagged union	blink	decode	1	4	58703
tagged union	blink	decode	1	5	58993
tagged union	blink	decode	1	6	58664
tagged union	blink	decode	1	7	58646
tagged union	blink	decode	1	8	59114
tagged union	blink	decode	1	9	59546
tagged union	blink	decode	2	1	59540
tagged union	blink	decode	2	2	58931
tagged union	blink	decode	2	3	50966
tagged union	blink	decode	2	4	58772
tagged union	blink	decode	2	5	58916
tagged union	blink	decode	2	6	58342
tagged union	blink	decode	2	7	56603
tagged union	blink	decode	2	8	57254
tagged union	blink	decode	2	9	58461
tagged union	baseline	encode	1	1	378032
tagged union	baseline	encode	1	2	362347
tagged union	baseline	encode	1	3	367714
tagged union	baseline	encode	1	4	379221
tagged union	baseline	encode	1	5	373930
tagged union	baseline	encode	1	6	379580
tagged union	baseline	encode	1	7	369785
tagged union	baseline	encode	1	8	377000
tagged union	baseline	encode	1	9	373165
tagged union	baseline	encode	2	1	377354
tagged union	baseline	encode	2	2	379119
tagged union	baseline	encode	2	3	379325
tagged union	baseline	encode	2	4	373720
tagged union	baseline	encode	2	5	379732
tagged union	baseline	encode	2	6	375015
tagged union	baseline	encode	2	7	382542
tagged union	baseline	encode	2	8	379716
tagged union	baseline	encode	2	9	378592
tagged union	baseline	decode	1	1	104419
tagged union	baseline	decode	1	2	103631
tagged union	baseline	decode	1	3	102287
tagged union	baseline	decode	1	4	102422
tagged union	baseline	decode	1	5	103532
tagged union	baseline	decode	1	6	99347
tagged union	baseline	decode	1	7	103543
tagged union	baseline	decode	1	8	102227
tagged union	baseline	decode	1	9	104592
tagged union	baseline	decode	2	1	103058
tagged union	baseline	decode	2	2	103216
tagged union	baseline	decode	2	3	100966
tagged union	baseline	decode	2	4	101967
tagged union	baseline	decode	2	5	99974
tagged union	baseline	decode	2	6	103333
tagged union	baseline	decode	2	7	103417
tagged union	baseline	decode	2	8	102127
tagged union	baseline	decode	2	9	102186
guarded union	surge	encode	1	1	670483
guarded union	surge	encode	1	2	673911
guarded union	surge	encode	1	3	676131
guarded union	surge	encode	1	4	675634
guarded union	surge	encode	1	5	668343
guarded union	surge	encode	1	6	670226
guarded union	surge	encode	1	7	668084
guarded union	surge	encode	1	8	678348
guarded union	surge	encode	1	9	671908
guarded union	surge	encode	2	1	652694
guarded union	surge	encode	2	2	655358
guarded union	surge	encode	2	3	659210
guarded union	surge	encode	2	4	650629
guarded union	surge	encode	2	5	654570
guarded union	surge	encode	2	6	659866
guarded union	surge	encode	2	7	653070
guarded union	surge	encode	2	8	637703
guarded union	surge	encode	2	9	641253
guarded union	surge	decode	1	1	480997
guarded union	surge	decode	1	2	472490
guarded union	surge	decode	1	3	471945
guarded union	surge	decode	1	4	475915
guarded union	surge	decode	1	5	469263
guarded union	surge	decode	1	6	475840
guarded union	surge	decode	1	7	468804
guarded union	surge	decode	1	8	480931
guarded union	surge	decode	1	9	471511
guarded union	surge	decode	2	1	475638
guarded union	surge	decode	2	2	450649
guarded union	surge	decode	2	3	463443
guarded union	surge	decode	2	4	477277
guarded union	surge	decode	2	5	478154
guarded union	surge	decode	2	6	472962
guarded union	surge	decode	2	7	474773
guarded union	surge	decode	2	8	476104
guarded union	surge	decode	2	9	475364
guarded union	fbs	encode	1	1	73594
guarded union	fbs	encode	1	2	73418
guarded union	fbs	encode	1	3	73706
guarded union	fbs	encode	1	4	74192
guarded union	fbs	encode	1	5	73794
guarded union	fbs	encode	1	6	73370
guarded union	fbs	encode	1	7	73297
guarded union	fbs	encode	1	8	73657
guarded union	fbs	encode	1	9	73884
guarded union	fbs	encode	2	1	76557
guarded union	fbs	encode	2	2	75406
guarded union	fbs	encode	2	3	75695
guarded union	fbs	encode	2	4	76990
guarded union	fbs	encode	2	5	77183
guarded union	fbs	encode	2	6	75192
guarded union	fbs	encode	2	7	76097
guarded union	fbs	encode	2	8	75843
guarded union	fbs	encode	2	9	77297
guarded union	fbs	decode	1	1	159762
guarded union	fbs	decode	1	2	160149
guarded union	fbs	decode	1	3	161841
guarded union	fbs	decode	1	4	162382
guarded union	fbs	decode	1	5	162213
guarded union	fbs	decode	1	6	162496
guarded union	fbs	decode	1	7	158074
guarded union	fbs	decode	1	8	160126
guarded union	fbs	decode	1	9	163727
guarded union	fbs	decode	2	1	160386
guarded union	fbs	decode	2	2	156108
guarded union	fbs	decode	2	3	158680
guarded union	fbs	decode	2	4	160937
guarded union	fbs	decode	2	5	159375
guarded union	fbs	decode	2	6	158993
guarded union	fbs	decode	2	7	161291
guarded union	fbs	decode	2	8	158924
guarded union	fbs	decode	2	9	157752
guarded union	serio	encode	1	1	20276
guarded union	serio	encode	1	2	20315
guarded union	serio	encode	1	3	20235
guarded union	serio	encode	1	4	20457
guarded union	serio	encode	1	5	20094
guarded union	serio	encode	1	6	20317
guarded union	serio	encode	1	7	20371
guarded union	serio	encode	1	8	20307
guarded union	serio	encode	1	9	20205
guarded union	serio	encode	2	1	20388
guarded union	serio	encode	2	2	20391
guarded union	serio	encode	2	3	20313
guarded union	serio	encode	2	4	20403
guarded union	serio	encode	2	5	20377
guarded union	serio	encode	2	6	20382
guarded union	serio	encode	2	7	20340
guarded union	serio	encode	2	8	20329
guarded union	serio	encode	2	9	20217
guarded union	serio	decode	1	1	47014
guarded union	serio	decode	1	2	46763
guarded union	serio	decode	1	3	46596
guarded union	serio	decode	1	4	46428
guarded union	serio	decode	1	5	46601
guarded union	serio	decode	1	6	46509
guarded union	serio	decode	1	7	46549
guarded union	serio	decode	1	8	46563
guarded union	serio	decode	1	9	46274
guarded union	serio	decode	2	1	43862
guarded union	serio	decode	2	2	43729
guarded union	serio	decode	2	3	44155
guarded union	serio	decode	2	4	43942
guarded union	serio	decode	2	5	44132
guarded union	serio	decode	2	6	44533
guarded union	serio	decode	2	7	43387
guarded union	serio	decode	2	8	44303
guarded union	serio	decode	2	9	43505
guarded union	flamework2	encode	1	1	509128
guarded union	flamework2	encode	1	2	505922
guarded union	flamework2	encode	1	3	508583
guarded union	flamework2	encode	1	4	516185
guarded union	flamework2	encode	1	5	510417
guarded union	flamework2	encode	1	6	517756
guarded union	flamework2	encode	1	7	511900
guarded union	flamework2	encode	1	8	502081
guarded union	flamework2	encode	1	9	514975
guarded union	flamework2	encode	2	1	505979
guarded union	flamework2	encode	2	2	501077
guarded union	flamework2	encode	2	3	504793
guarded union	flamework2	encode	2	4	494863
guarded union	flamework2	encode	2	5	505728
guarded union	flamework2	encode	2	6	509426
guarded union	flamework2	encode	2	7	495433
guarded union	flamework2	encode	2	8	492203
guarded union	flamework2	encode	2	9	491302
guarded union	flamework2	decode	1	1	420300
guarded union	flamework2	decode	1	2	427257
guarded union	flamework2	decode	1	3	421198
guarded union	flamework2	decode	1	4	424801
guarded union	flamework2	decode	1	5	422377
guarded union	flamework2	decode	1	6	425985
guarded union	flamework2	decode	1	7	428433
guarded union	flamework2	decode	1	8	423000
guarded union	flamework2	decode	1	9	425085
guarded union	flamework2	decode	2	1	418637
guarded union	flamework2	decode	2	2	403678
guarded union	flamework2	decode	2	3	423504
guarded union	flamework2	decode	2	4	421092
guarded union	flamework2	decode	2	5	421680
guarded union	flamework2	decode	2	6	422707
guarded union	flamework2	decode	2	7	426209
guarded union	flamework2	decode	2	8	415364
guarded union	flamework2	decode	2	9	425673
tree	surge	encode	1	1	496979
tree	surge	encode	1	2	498703
tree	surge	encode	1	3	492034
tree	surge	encode	1	4	498592
tree	surge	encode	1	5	496533
tree	surge	encode	1	6	494741
tree	surge	encode	1	7	494404
tree	surge	encode	1	8	496806
tree	surge	encode	1	9	496132
tree	surge	encode	2	1	484220
tree	surge	encode	2	2	483202
tree	surge	encode	2	3	485177
tree	surge	encode	2	4	480434
tree	surge	encode	2	5	481646
tree	surge	encode	2	6	487423
tree	surge	encode	2	7	486223
tree	surge	encode	2	8	480548
tree	surge	encode	2	9	484182
tree	surge	decode	1	1	102310
tree	surge	decode	1	2	101249
tree	surge	decode	1	3	100435
tree	surge	decode	1	4	99562
tree	surge	decode	1	5	95872
tree	surge	decode	1	6	99925
tree	surge	decode	1	7	98198
tree	surge	decode	1	8	101134
tree	surge	decode	1	9	102193
tree	surge	decode	2	1	101145
tree	surge	decode	2	2	99899
tree	surge	decode	2	3	101265
tree	surge	decode	2	4	99811
tree	surge	decode	2	5	102352
tree	surge	decode	2	6	101651
tree	surge	decode	2	7	99809
tree	surge	decode	2	8	99574
tree	surge	decode	2	9	98671
tree	flamework2	encode	1	1	292324
tree	flamework2	encode	1	2	286269
tree	flamework2	encode	1	3	286814
tree	flamework2	encode	1	4	287686
tree	flamework2	encode	1	5	284686
tree	flamework2	encode	1	6	287589
tree	flamework2	encode	1	7	287129
tree	flamework2	encode	1	8	287091
tree	flamework2	encode	1	9	289329
tree	flamework2	encode	2	1	289669
tree	flamework2	encode	2	2	289388
tree	flamework2	encode	2	3	289955
tree	flamework2	encode	2	4	293496
tree	flamework2	encode	2	5	286811
tree	flamework2	encode	2	6	290636
tree	flamework2	encode	2	7	291737
tree	flamework2	encode	2	8	290637
tree	flamework2	encode	2	9	288851
tree	flamework2	decode	1	1	87175
tree	flamework2	decode	1	2	88636
tree	flamework2	decode	1	3	87920
tree	flamework2	decode	1	4	89081
tree	flamework2	decode	1	5	70340
tree	flamework2	decode	1	6	86732
tree	flamework2	decode	1	7	88600
tree	flamework2	decode	1	8	87320
tree	flamework2	decode	1	9	87105
tree	flamework2	decode	2	1	88867
tree	flamework2	decode	2	2	88266
tree	flamework2	decode	2	3	88496
tree	flamework2	decode	2	4	88125
tree	flamework2	decode	2	5	88440
tree	flamework2	decode	2	6	87683
tree	flamework2	decode	2	7	88716
tree	flamework2	decode	2	8	89711
tree	flamework2	decode	2	9	88187
tree	baseline	encode	1	1	468153
tree	baseline	encode	1	2	476067
tree	baseline	encode	1	3	478048
tree	baseline	encode	1	4	474569
tree	baseline	encode	1	5	475946
tree	baseline	encode	1	6	473565
tree	baseline	encode	1	7	477070
tree	baseline	encode	1	8	477682
tree	baseline	encode	1	9	473111
tree	baseline	encode	2	1	474102
tree	baseline	encode	2	2	476117
tree	baseline	encode	2	3	470851
tree	baseline	encode	2	4	476807
tree	baseline	encode	2	5	478196
tree	baseline	encode	2	6	472879
tree	baseline	encode	2	7	473185
tree	baseline	encode	2	8	474368
tree	baseline	encode	2	9	473911
tree	baseline	decode	1	1	102759
tree	baseline	decode	1	2	105320
tree	baseline	decode	1	3	105160
tree	baseline	decode	1	4	104505
tree	baseline	decode	1	5	88351
tree	baseline	decode	1	6	105877
tree	baseline	decode	1	7	102465
tree	baseline	decode	1	8	103530
tree	baseline	decode	1	9	106547
tree	baseline	decode	2	1	103859
tree	baseline	decode	2	2	101973
tree	baseline	decode	2	3	104067
tree	baseline	decode	2	4	102432
tree	baseline	decode	2	5	103643
tree	baseline	decode	2	6	104566
tree	baseline	decode	2	7	104206
tree	baseline	decode	2	8	105523
tree	baseline	decode	2	9	104830
instance references	surge	encode	1	1	1002493
instance references	surge	encode	1	2	1002345
instance references	surge	encode	1	3	1018592
instance references	surge	encode	1	4	1012574
instance references	surge	encode	1	5	998747
instance references	surge	encode	1	6	988576
instance references	surge	encode	1	7	1000334
instance references	surge	encode	1	8	1011022
instance references	surge	encode	1	9	1009968
instance references	surge	encode	2	1	1029851
instance references	surge	encode	2	2	1044796
instance references	surge	encode	2	3	1039382
instance references	surge	encode	2	4	1027418
instance references	surge	encode	2	5	1024712
instance references	surge	encode	2	6	1022681
instance references	surge	encode	2	7	1027648
instance references	surge	encode	2	8	1033909
instance references	surge	encode	2	9	1015765
instance references	surge	decode	1	1	278577
instance references	surge	decode	1	2	278268
instance references	surge	decode	1	3	279525
instance references	surge	decode	1	4	274545
instance references	surge	decode	1	5	253738
instance references	surge	decode	1	6	282091
instance references	surge	decode	1	7	283845
instance references	surge	decode	1	8	284249
instance references	surge	decode	1	9	281260
instance references	surge	decode	2	1	281797
instance references	surge	decode	2	2	278820
instance references	surge	decode	2	3	280269
instance references	surge	decode	2	4	282246
instance references	surge	decode	2	5	276342
instance references	surge	decode	2	6	279932
instance references	surge	decode	2	7	281127
instance references	surge	decode	2	8	275661
instance references	surge	decode	2	9	278115
instance references	fbs	encode	1	1	256831
instance references	fbs	encode	1	2	255835
instance references	fbs	encode	1	3	256913
instance references	fbs	encode	1	4	256204
instance references	fbs	encode	1	5	258061
instance references	fbs	encode	1	6	254190
instance references	fbs	encode	1	7	257840
instance references	fbs	encode	1	8	257175
instance references	fbs	encode	1	9	253317
instance references	fbs	encode	2	1	252645
instance references	fbs	encode	2	2	248812
instance references	fbs	encode	2	3	252805
instance references	fbs	encode	2	4	256486
instance references	fbs	encode	2	5	251487
instance references	fbs	encode	2	6	251646
instance references	fbs	encode	2	7	253202
instance references	fbs	encode	2	8	250573
instance references	fbs	encode	2	9	252906
instance references	fbs	decode	1	1	151747
instance references	fbs	decode	1	2	152857
instance references	fbs	decode	1	3	150098
instance references	fbs	decode	1	4	151036
instance references	fbs	decode	1	5	140139
instance references	fbs	decode	1	6	150770
instance references	fbs	decode	1	7	148010
instance references	fbs	decode	1	8	150522
instance references	fbs	decode	1	9	147380
instance references	fbs	decode	2	1	152429
instance references	fbs	decode	2	2	151132
instance references	fbs	decode	2	3	150110
instance references	fbs	decode	2	4	151178
instance references	fbs	decode	2	5	151974
instance references	fbs	decode	2	6	152023
instance references	fbs	decode	2	7	149463
instance references	fbs	decode	2	8	151517
instance references	fbs	decode	2	9	150207
instance references	serio	encode	1	1	48557
instance references	serio	encode	1	2	48113
instance references	serio	encode	1	3	48640
instance references	serio	encode	1	4	47622
instance references	serio	encode	1	5	47840
instance references	serio	encode	1	6	48838
instance references	serio	encode	1	7	48161
instance references	serio	encode	1	8	47912
instance references	serio	encode	1	9	47581
instance references	serio	encode	2	1	48412
instance references	serio	encode	2	2	48113
instance references	serio	encode	2	3	48785
instance references	serio	encode	2	4	48206
instance references	serio	encode	2	5	49085
instance references	serio	encode	2	6	48504
instance references	serio	encode	2	7	48734
instance references	serio	encode	2	8	48912
instance references	serio	encode	2	9	49139
instance references	serio	decode	1	1	58733
instance references	serio	decode	1	2	59562
instance references	serio	decode	1	3	59222
instance references	serio	decode	1	4	58816
instance references	serio	decode	1	5	57460
instance references	serio	decode	1	6	57699
instance references	serio	decode	1	7	57806
instance references	serio	decode	1	8	59826
instance references	serio	decode	1	9	59322
instance references	serio	decode	2	1	58837
instance references	serio	decode	2	2	57969
instance references	serio	decode	2	3	59736
instance references	serio	decode	2	4	58683
instance references	serio	decode	2	5	59289
instance references	serio	decode	2	6	57776
instance references	serio	decode	2	7	59318
instance references	serio	decode	2	8	58546
instance references	serio	decode	2	9	59078
instance references	flamework2	encode	1	1	638051
instance references	flamework2	encode	1	2	625807
instance references	flamework2	encode	1	3	633796
instance references	flamework2	encode	1	4	641900
instance references	flamework2	encode	1	5	639879
instance references	flamework2	encode	1	6	637361
instance references	flamework2	encode	1	7	637315
instance references	flamework2	encode	1	8	637463
instance references	flamework2	encode	1	9	595030
instance references	flamework2	encode	2	1	629210
instance references	flamework2	encode	2	2	636207
instance references	flamework2	encode	2	3	628518
instance references	flamework2	encode	2	4	623558
instance references	flamework2	encode	2	5	628672
instance references	flamework2	encode	2	6	637016
instance references	flamework2	encode	2	7	630600
instance references	flamework2	encode	2	8	628593
instance references	flamework2	encode	2	9	625889
instance references	flamework2	decode	1	1	276940
instance references	flamework2	decode	1	2	277886
instance references	flamework2	decode	1	3	281448
instance references	flamework2	decode	1	4	244620
instance references	flamework2	decode	1	5	264526
instance references	flamework2	decode	1	6	284801
instance references	flamework2	decode	1	7	283634
instance references	flamework2	decode	1	8	272388
instance references	flamework2	decode	1	9	277439
instance references	flamework2	decode	2	1	284063
instance references	flamework2	decode	2	2	283423
instance references	flamework2	decode	2	3	282615
instance references	flamework2	decode	2	4	277101
instance references	flamework2	decode	2	5	284619
instance references	flamework2	decode	2	6	278462
instance references	flamework2	decode	2	7	279499
instance references	flamework2	decode	2	8	274782
instance references	flamework2	decode	2	9	274897
instance references	baseline	encode	1	1	970289
instance references	baseline	encode	1	2	961313
instance references	baseline	encode	1	3	971764
instance references	baseline	encode	1	4	963937
instance references	baseline	encode	1	5	969827
instance references	baseline	encode	1	6	970149
instance references	baseline	encode	1	7	979880
instance references	baseline	encode	1	8	972195
instance references	baseline	encode	1	9	888199
instance references	baseline	encode	2	1	978275
instance references	baseline	encode	2	2	974002
instance references	baseline	encode	2	3	977782
instance references	baseline	encode	2	4	992996
instance references	baseline	encode	2	5	982463
instance references	baseline	encode	2	6	982298
instance references	baseline	encode	2	7	974406
instance references	baseline	encode	2	8	987594
instance references	baseline	encode	2	9	973849
instance references	baseline	decode	1	1	291849
instance references	baseline	decode	1	2	287033
instance references	baseline	decode	1	3	290547
instance references	baseline	decode	1	4	260690
instance references	baseline	decode	1	5	283925
instance references	baseline	decode	1	6	282937
instance references	baseline	decode	1	7	283290
instance references	baseline	decode	1	8	291094
instance references	baseline	decode	1	9	284697
instance references	baseline	decode	2	1	284817
instance references	baseline	decode	2	2	284751
instance references	baseline	decode	2	3	284972
instance references	baseline	decode	2	4	287307
instance references	baseline	decode	2	5	283494
instance references	baseline	decode	2	6	293490
instance references	baseline	decode	2	7	290244
instance references	baseline	decode	2	8	289815
instance references	baseline	decode	2	9	288727
toggles (unpacked)	surge	encode	1	1	4580762
toggles (unpacked)	surge	encode	1	2	4582545
toggles (unpacked)	surge	encode	1	3	4554488
toggles (unpacked)	surge	encode	1	4	4597568
toggles (unpacked)	surge	encode	1	5	4465946
toggles (unpacked)	surge	encode	1	6	4516945
toggles (unpacked)	surge	encode	1	7	4545820
toggles (unpacked)	surge	encode	1	8	4515893
toggles (unpacked)	surge	encode	1	9	4533394
toggles (unpacked)	surge	encode	2	1	3979505
toggles (unpacked)	surge	encode	2	2	4613503
toggles (unpacked)	surge	encode	2	3	4567477
toggles (unpacked)	surge	encode	2	4	4524258
toggles (unpacked)	surge	encode	2	5	4536502
toggles (unpacked)	surge	encode	2	6	4592900
toggles (unpacked)	surge	encode	2	7	4509660
toggles (unpacked)	surge	encode	2	8	4519028
toggles (unpacked)	surge	encode	2	9	4540169
toggles (unpacked)	surge	decode	1	1	3085561
toggles (unpacked)	surge	decode	1	2	3067106
toggles (unpacked)	surge	decode	1	3	3043214
toggles (unpacked)	surge	decode	1	4	3026979
toggles (unpacked)	surge	decode	1	5	3028739
toggles (unpacked)	surge	decode	1	6	3047282
toggles (unpacked)	surge	decode	1	7	3055870
toggles (unpacked)	surge	decode	1	8	3071998
toggles (unpacked)	surge	decode	1	9	3080452
toggles (unpacked)	surge	decode	2	1	3070655
toggles (unpacked)	surge	decode	2	2	3080544
toggles (unpacked)	surge	decode	2	3	3110573
toggles (unpacked)	surge	decode	2	4	3034798
toggles (unpacked)	surge	decode	2	5	3128642
toggles (unpacked)	surge	decode	2	6	2987606
toggles (unpacked)	surge	decode	2	7	3095066
toggles (unpacked)	surge	decode	2	8	3166013
toggles (unpacked)	surge	decode	2	9	3015819
toggles (unpacked)	fbs	encode	1	1	1540415
toggles (unpacked)	fbs	encode	1	2	1551883
toggles (unpacked)	fbs	encode	1	3	1549300
toggles (unpacked)	fbs	encode	1	4	1549411
toggles (unpacked)	fbs	encode	1	5	1536697
toggles (unpacked)	fbs	encode	1	6	1557164
toggles (unpacked)	fbs	encode	1	7	1523849
toggles (unpacked)	fbs	encode	1	8	1545222
toggles (unpacked)	fbs	encode	1	9	1544528
toggles (unpacked)	fbs	encode	2	1	1497957
toggles (unpacked)	fbs	encode	2	2	1557341
toggles (unpacked)	fbs	encode	2	3	1548136
toggles (unpacked)	fbs	encode	2	4	1572377
toggles (unpacked)	fbs	encode	2	5	1562688
toggles (unpacked)	fbs	encode	2	6	1553034
toggles (unpacked)	fbs	encode	2	7	1568063
toggles (unpacked)	fbs	encode	2	8	1563790
toggles (unpacked)	fbs	encode	2	9	1581203
toggles (unpacked)	fbs	decode	1	1	1599785
toggles (unpacked)	fbs	decode	1	2	1577718
toggles (unpacked)	fbs	decode	1	3	1606479
toggles (unpacked)	fbs	decode	1	4	1585697
toggles (unpacked)	fbs	decode	1	5	1589812
toggles (unpacked)	fbs	decode	1	6	1584880
toggles (unpacked)	fbs	decode	1	7	1576297
toggles (unpacked)	fbs	decode	1	8	1579996
toggles (unpacked)	fbs	decode	1	9	1572537
toggles (unpacked)	fbs	decode	2	1	1632578
toggles (unpacked)	fbs	decode	2	2	1618033
toggles (unpacked)	fbs	decode	2	3	1620313
toggles (unpacked)	fbs	decode	2	4	1587108
toggles (unpacked)	fbs	decode	2	5	1599475
toggles (unpacked)	fbs	decode	2	6	1604826
toggles (unpacked)	fbs	decode	2	7	1593225
toggles (unpacked)	fbs	decode	2	8	1590965
toggles (unpacked)	fbs	decode	2	9	1634011
toggles (unpacked)	serio	encode	1	1	418482
toggles (unpacked)	serio	encode	1	2	407432
toggles (unpacked)	serio	encode	1	3	419412
toggles (unpacked)	serio	encode	1	4	413737
toggles (unpacked)	serio	encode	1	5	401907
toggles (unpacked)	serio	encode	1	6	415174
toggles (unpacked)	serio	encode	1	7	421914
toggles (unpacked)	serio	encode	1	8	402422
toggles (unpacked)	serio	encode	1	9	414607
toggles (unpacked)	serio	encode	2	1	407674
toggles (unpacked)	serio	encode	2	2	411182
toggles (unpacked)	serio	encode	2	3	420369
toggles (unpacked)	serio	encode	2	4	420423
toggles (unpacked)	serio	encode	2	5	417677
toggles (unpacked)	serio	encode	2	6	412685
toggles (unpacked)	serio	encode	2	7	409711
toggles (unpacked)	serio	encode	2	8	422368
toggles (unpacked)	serio	encode	2	9	417262
toggles (unpacked)	serio	decode	1	1	660499
toggles (unpacked)	serio	decode	1	2	661935
toggles (unpacked)	serio	decode	1	3	657375
toggles (unpacked)	serio	decode	1	4	653747
toggles (unpacked)	serio	decode	1	5	666579
toggles (unpacked)	serio	decode	1	6	656475
toggles (unpacked)	serio	decode	1	7	664155
toggles (unpacked)	serio	decode	1	8	654689
toggles (unpacked)	serio	decode	1	9	656513
toggles (unpacked)	serio	decode	2	1	654266
toggles (unpacked)	serio	decode	2	2	665883
toggles (unpacked)	serio	decode	2	3	651676
toggles (unpacked)	serio	decode	2	4	662638
toggles (unpacked)	serio	decode	2	5	654981
toggles (unpacked)	serio	decode	2	6	654878
toggles (unpacked)	serio	decode	2	7	661790
toggles (unpacked)	serio	decode	2	8	652773
toggles (unpacked)	serio	decode	2	9	664618
toggles (unpacked)	flamework2	encode	1	1	3518009
toggles (unpacked)	flamework2	encode	1	2	3612646
toggles (unpacked)	flamework2	encode	1	3	3542898
toggles (unpacked)	flamework2	encode	1	4	3578344
toggles (unpacked)	flamework2	encode	1	5	3600000
toggles (unpacked)	flamework2	encode	1	6	3554778
toggles (unpacked)	flamework2	encode	1	7	3573844
toggles (unpacked)	flamework2	encode	1	8	3612883
toggles (unpacked)	flamework2	encode	1	9	3584676
toggles (unpacked)	flamework2	encode	2	1	3793397
toggles (unpacked)	flamework2	encode	2	2	3823177
toggles (unpacked)	flamework2	encode	2	3	3812307
toggles (unpacked)	flamework2	encode	2	4	3804930
toggles (unpacked)	flamework2	encode	2	5	3788286
toggles (unpacked)	flamework2	encode	2	6	3831224
toggles (unpacked)	flamework2	encode	2	7	3787871
toggles (unpacked)	flamework2	encode	2	8	3768475
toggles (unpacked)	flamework2	encode	2	9	3749091
toggles (unpacked)	flamework2	decode	1	1	3048671
toggles (unpacked)	flamework2	decode	1	2	3095097
toggles (unpacked)	flamework2	decode	1	3	3023170
toggles (unpacked)	flamework2	decode	1	4	3059867
toggles (unpacked)	flamework2	decode	1	5	3046001
toggles (unpacked)	flamework2	decode	1	6	3022919
toggles (unpacked)	flamework2	decode	1	7	3066959
toggles (unpacked)	flamework2	decode	1	8	3028396
toggles (unpacked)	flamework2	decode	1	9	3028390
toggles (unpacked)	flamework2	decode	2	1	3095790
toggles (unpacked)	flamework2	decode	2	2	3020337
toggles (unpacked)	flamework2	decode	2	3	3056148
toggles (unpacked)	flamework2	decode	2	4	3092818
toggles (unpacked)	flamework2	decode	2	5	3043656
toggles (unpacked)	flamework2	decode	2	6	3001200
toggles (unpacked)	flamework2	decode	2	7	3070272
toggles (unpacked)	flamework2	decode	2	8	3037391
toggles (unpacked)	flamework2	decode	2	9	2965359
toggles (unpacked)	blink	encode	1	1	2257040
toggles (unpacked)	blink	encode	1	2	2223692
toggles (unpacked)	blink	encode	1	3	2204507
toggles (unpacked)	blink	encode	1	4	2251062
toggles (unpacked)	blink	encode	1	5	2263461
toggles (unpacked)	blink	encode	1	6	2235178
toggles (unpacked)	blink	encode	1	7	2263892
toggles (unpacked)	blink	encode	1	8	2264125
toggles (unpacked)	blink	encode	1	9	2267286
toggles (unpacked)	blink	encode	2	1	2258321
toggles (unpacked)	blink	encode	2	2	2232030
toggles (unpacked)	blink	encode	2	3	2250883
toggles (unpacked)	blink	encode	2	4	2238669
toggles (unpacked)	blink	encode	2	5	2238961
toggles (unpacked)	blink	encode	2	6	2251055
toggles (unpacked)	blink	encode	2	7	2256637
toggles (unpacked)	blink	encode	2	8	2244152
toggles (unpacked)	blink	encode	2	9	2244497
toggles (unpacked)	blink	decode	1	1	1847075
toggles (unpacked)	blink	decode	1	2	1847304
toggles (unpacked)	blink	decode	1	3	1852086
toggles (unpacked)	blink	decode	1	4	1876966
toggles (unpacked)	blink	decode	1	5	1863288
toggles (unpacked)	blink	decode	1	6	1873113
toggles (unpacked)	blink	decode	1	7	1864889
toggles (unpacked)	blink	decode	1	8	1857162
toggles (unpacked)	blink	decode	1	9	1876943
toggles (unpacked)	blink	decode	2	1	1822337
toggles (unpacked)	blink	decode	2	2	1842459
toggles (unpacked)	blink	decode	2	3	1841037
toggles (unpacked)	blink	decode	2	4	1834262
toggles (unpacked)	blink	decode	2	5	1833392
toggles (unpacked)	blink	decode	2	6	1832279
toggles (unpacked)	blink	decode	2	7	1828175
toggles (unpacked)	blink	decode	2	8	1821726
toggles (unpacked)	blink	decode	2	9	1826186
toggles (packed)	surge	encode	1	1	4804270
toggles (packed)	surge	encode	1	2	4724667
toggles (packed)	surge	encode	1	3	4716755
toggles (packed)	surge	encode	1	4	4786782
toggles (packed)	surge	encode	1	5	4821933
toggles (packed)	surge	encode	1	6	4717788
toggles (packed)	surge	encode	1	7	4797860
toggles (packed)	surge	encode	1	8	4708517
toggles (packed)	surge	encode	1	9	4750112
toggles (packed)	surge	encode	2	1	4766735
toggles (packed)	surge	encode	2	2	4737093
toggles (packed)	surge	encode	2	3	4828470
toggles (packed)	surge	encode	2	4	4716165
toggles (packed)	surge	encode	2	5	4724424
toggles (packed)	surge	encode	2	6	4745735
toggles (packed)	surge	encode	2	7	4623756
toggles (packed)	surge	encode	2	8	4482791
toggles (packed)	surge	encode	2	9	4740840
toggles (packed)	surge	decode	1	1	3351414
toggles (packed)	surge	decode	1	2	3348888
toggles (packed)	surge	decode	1	3	3378206
toggles (packed)	surge	decode	1	4	3409662
toggles (packed)	surge	decode	1	5	3333045
toggles (packed)	surge	decode	1	6	3310201
toggles (packed)	surge	decode	1	7	3401548
toggles (packed)	surge	decode	1	8	3400641
toggles (packed)	surge	decode	1	9	3408388
toggles (packed)	surge	decode	2	1	3084847
toggles (packed)	surge	decode	2	2	3026279
toggles (packed)	surge	decode	2	3	3400109
toggles (packed)	surge	decode	2	4	3383748
toggles (packed)	surge	decode	2	5	3337996
toggles (packed)	surge	decode	2	6	3324209
toggles (packed)	surge	decode	2	7	3350079
toggles (packed)	surge	decode	2	8	3328308
toggles (packed)	surge	decode	2	9	3275790
toggles (packed)	fbs	encode	1	1	1376728
toggles (packed)	fbs	encode	1	2	1376940
toggles (packed)	fbs	encode	1	3	1381006
toggles (packed)	fbs	encode	1	4	1374573
toggles (packed)	fbs	encode	1	5	1379373
toggles (packed)	fbs	encode	1	6	1372877
toggles (packed)	fbs	encode	1	7	1378310
toggles (packed)	fbs	encode	1	8	1370339
toggles (packed)	fbs	encode	1	9	1364970
toggles (packed)	fbs	encode	2	1	1358120
toggles (packed)	fbs	encode	2	2	1388991
toggles (packed)	fbs	encode	2	3	1378260
toggles (packed)	fbs	encode	2	4	1377056
toggles (packed)	fbs	encode	2	5	1357443
toggles (packed)	fbs	encode	2	6	1393170
toggles (packed)	fbs	encode	2	7	1337794
toggles (packed)	fbs	encode	2	8	1357077
toggles (packed)	fbs	encode	2	9	1378930
toggles (packed)	fbs	decode	1	1	1299766
toggles (packed)	fbs	decode	1	2	1272938
toggles (packed)	fbs	decode	1	3	1269931
toggles (packed)	fbs	decode	1	4	1298584
toggles (packed)	fbs	decode	1	5	1292034
toggles (packed)	fbs	decode	1	6	1273734
toggles (packed)	fbs	decode	1	7	1273622
toggles (packed)	fbs	decode	1	8	1275065
toggles (packed)	fbs	decode	1	9	1276862
toggles (packed)	fbs	decode	2	1	1253001
toggles (packed)	fbs	decode	2	2	1264921
toggles (packed)	fbs	decode	2	3	1286398
toggles (packed)	fbs	decode	2	4	1286931
toggles (packed)	fbs	decode	2	5	1302424
toggles (packed)	fbs	decode	2	6	1286053
toggles (packed)	fbs	decode	2	7	1291831
toggles (packed)	fbs	decode	2	8	1304233
toggles (packed)	fbs	decode	2	9	1280514
toggles (packed)	serio	encode	1	1	345797
toggles (packed)	serio	encode	1	2	346089
toggles (packed)	serio	encode	1	3	339818
toggles (packed)	serio	encode	1	4	342294
toggles (packed)	serio	encode	1	5	343951
toggles (packed)	serio	encode	1	6	338716
toggles (packed)	serio	encode	1	7	346427
toggles (packed)	serio	encode	1	8	336289
toggles (packed)	serio	encode	1	9	344626
toggles (packed)	serio	encode	2	1	346713
toggles (packed)	serio	encode	2	2	338448
toggles (packed)	serio	encode	2	3	347957
toggles (packed)	serio	encode	2	4	349595
toggles (packed)	serio	encode	2	5	347435
toggles (packed)	serio	encode	2	6	343070
toggles (packed)	serio	encode	2	7	343029
toggles (packed)	serio	encode	2	8	347121
toggles (packed)	serio	encode	2	9	349834
toggles (packed)	serio	decode	1	1	450296
toggles (packed)	serio	decode	1	2	450899
toggles (packed)	serio	decode	1	3	451832
toggles (packed)	serio	decode	1	4	454101
toggles (packed)	serio	decode	1	5	453742
toggles (packed)	serio	decode	1	6	447140
toggles (packed)	serio	decode	1	7	448243
toggles (packed)	serio	decode	1	8	447829
toggles (packed)	serio	decode	1	9	451201
toggles (packed)	serio	decode	2	1	433547
toggles (packed)	serio	decode	2	2	443290
toggles (packed)	serio	decode	2	3	441786
toggles (packed)	serio	decode	2	4	442597
toggles (packed)	serio	decode	2	5	445800
toggles (packed)	serio	decode	2	6	442058
toggles (packed)	serio	decode	2	7	448108
toggles (packed)	serio	decode	2	8	443443
toggles (packed)	serio	decode	2	9	451343
toggles (packed)	baseline	encode	1	1	4861080
toggles (packed)	baseline	encode	1	2	4933545
toggles (packed)	baseline	encode	1	3	4931856
toggles (packed)	baseline	encode	1	4	4822346
toggles (packed)	baseline	encode	1	5	4867915
toggles (packed)	baseline	encode	1	6	4981379
toggles (packed)	baseline	encode	1	7	4897025
toggles (packed)	baseline	encode	1	8	4861292
toggles (packed)	baseline	encode	1	9	4944342
toggles (packed)	baseline	encode	2	1	4952069
toggles (packed)	baseline	encode	2	2	4965783
toggles (packed)	baseline	encode	2	3	4906960
toggles (packed)	baseline	encode	2	4	4888932
toggles (packed)	baseline	encode	2	5	4960412
toggles (packed)	baseline	encode	2	6	4882610
toggles (packed)	baseline	encode	2	7	4652819
toggles (packed)	baseline	encode	2	8	4922271
toggles (packed)	baseline	encode	2	9	4870159
toggles (packed)	baseline	decode	1	1	3371022
toggles (packed)	baseline	decode	1	2	3366571
toggles (packed)	baseline	decode	1	3	3223886
toggles (packed)	baseline	decode	1	4	3291146
toggles (packed)	baseline	decode	1	5	3375482
toggles (packed)	baseline	decode	1	6	3414612
toggles (packed)	baseline	decode	1	7	3386487
toggles (packed)	baseline	decode	1	8	3284356
toggles (packed)	baseline	decode	1	9	3350093
toggles (packed)	baseline	decode	2	1	2993823
toggles (packed)	baseline	decode	2	2	3313819
toggles (packed)	baseline	decode	2	3	3179925
toggles (packed)	baseline	decode	2	4	3381712
toggles (packed)	baseline	decode	2	5	3355646
toggles (packed)	baseline	decode	2	6	3379831
toggles (packed)	baseline	decode	2	7	3318589
toggles (packed)	baseline	decode	2	8	3363498
toggles (packed)	baseline	decode	2	9	3338149
CFrame array	surge	encode	1	1	277815
CFrame array	surge	encode	1	2	276251
CFrame array	surge	encode	1	3	274541
CFrame array	surge	encode	1	4	272872
CFrame array	surge	encode	1	5	273096
CFrame array	surge	encode	1	6	272906
CFrame array	surge	encode	1	7	274354
CFrame array	surge	encode	1	8	272360
CFrame array	surge	encode	1	9	272118
CFrame array	surge	encode	2	1	276939
CFrame array	surge	encode	2	2	275164
CFrame array	surge	encode	2	3	276415
CFrame array	surge	encode	2	4	270478
CFrame array	surge	encode	2	5	275624
CFrame array	surge	encode	2	6	273767
CFrame array	surge	encode	2	7	272923
CFrame array	surge	encode	2	8	273980
CFrame array	surge	encode	2	9	272004
CFrame array	surge	decode	1	1	238384
CFrame array	surge	decode	1	2	237933
CFrame array	surge	decode	1	3	237374
CFrame array	surge	decode	1	4	237436
CFrame array	surge	decode	1	5	235368
CFrame array	surge	decode	1	6	235548
CFrame array	surge	decode	1	7	240616
CFrame array	surge	decode	1	8	239997
CFrame array	surge	decode	1	9	233280
CFrame array	surge	decode	2	1	235705
CFrame array	surge	decode	2	2	238532
CFrame array	surge	decode	2	3	239515
CFrame array	surge	decode	2	4	241939
CFrame array	surge	decode	2	5	237103
CFrame array	surge	decode	2	6	236663
CFrame array	surge	decode	2	7	239972
CFrame array	surge	decode	2	8	237892
CFrame array	surge	decode	2	9	237976
CFrame array	fbs	encode	1	1	212511
CFrame array	fbs	encode	1	2	207478
CFrame array	fbs	encode	1	3	208512
CFrame array	fbs	encode	1	4	209096
CFrame array	fbs	encode	1	5	207497
CFrame array	fbs	encode	1	6	210591
CFrame array	fbs	encode	1	7	208525
CFrame array	fbs	encode	1	8	209978
CFrame array	fbs	encode	1	9	208684
CFrame array	fbs	encode	2	1	210549
CFrame array	fbs	encode	2	2	210587
CFrame array	fbs	encode	2	3	210346
CFrame array	fbs	encode	2	4	209314
CFrame array	fbs	encode	2	5	210311
CFrame array	fbs	encode	2	6	208900
CFrame array	fbs	encode	2	7	211092
CFrame array	fbs	encode	2	8	211651
CFrame array	fbs	encode	2	9	209443
CFrame array	fbs	decode	1	1	123734
CFrame array	fbs	decode	1	2	123605
CFrame array	fbs	decode	1	3	122972
CFrame array	fbs	decode	1	4	123876
CFrame array	fbs	decode	1	5	122503
CFrame array	fbs	decode	1	6	122529
CFrame array	fbs	decode	1	7	123761
CFrame array	fbs	decode	1	8	116711
CFrame array	fbs	decode	1	9	121957
CFrame array	fbs	decode	2	1	123900
CFrame array	fbs	decode	2	2	122987
CFrame array	fbs	decode	2	3	119998
CFrame array	fbs	decode	2	4	120729
CFrame array	fbs	decode	2	5	122321
CFrame array	fbs	decode	2	6	123239
CFrame array	fbs	decode	2	7	121906
CFrame array	fbs	decode	2	8	123066
CFrame array	fbs	decode	2	9	123691
CFrame array	serio	encode	1	1	17407
CFrame array	serio	encode	1	2	17435
CFrame array	serio	encode	1	3	17439
CFrame array	serio	encode	1	4	17459
CFrame array	serio	encode	1	5	17730
CFrame array	serio	encode	1	6	17783
CFrame array	serio	encode	1	7	17604
CFrame array	serio	encode	1	8	17756
CFrame array	serio	encode	1	9	17394
CFrame array	serio	encode	2	1	17622
CFrame array	serio	encode	2	2	17635
CFrame array	serio	encode	2	3	17612
CFrame array	serio	encode	2	4	17900
CFrame array	serio	encode	2	5	17886
CFrame array	serio	encode	2	6	17721
CFrame array	serio	encode	2	7	17683
CFrame array	serio	encode	2	8	17731
CFrame array	serio	encode	2	9	17950
CFrame array	serio	decode	1	1	31765
CFrame array	serio	decode	1	2	31507
CFrame array	serio	decode	1	3	32080
CFrame array	serio	decode	1	4	31972
CFrame array	serio	decode	1	5	31941
CFrame array	serio	decode	1	6	31941
CFrame array	serio	decode	1	7	31676
CFrame array	serio	decode	1	8	31292
CFrame array	serio	decode	1	9	31813
CFrame array	serio	decode	2	1	31976
CFrame array	serio	decode	2	2	32254
CFrame array	serio	decode	2	3	31946
CFrame array	serio	decode	2	4	31295
CFrame array	serio	decode	2	5	31878
CFrame array	serio	decode	2	6	32125
CFrame array	serio	decode	2	7	32165
CFrame array	serio	decode	2	8	32060
CFrame array	serio	decode	2	9	32069
CFrame array	flamework2	encode	1	1	301040
CFrame array	flamework2	encode	1	2	302515
CFrame array	flamework2	encode	1	3	302298
CFrame array	flamework2	encode	1	4	302184
CFrame array	flamework2	encode	1	5	297360
CFrame array	flamework2	encode	1	6	303750
CFrame array	flamework2	encode	1	7	296931
CFrame array	flamework2	encode	1	8	297783
CFrame array	flamework2	encode	1	9	302363
CFrame array	flamework2	encode	2	1	307021
CFrame array	flamework2	encode	2	2	309731
CFrame array	flamework2	encode	2	3	307030
CFrame array	flamework2	encode	2	4	302005
CFrame array	flamework2	encode	2	5	307865
CFrame array	flamework2	encode	2	6	304710
CFrame array	flamework2	encode	2	7	302665
CFrame array	flamework2	encode	2	8	311191
CFrame array	flamework2	encode	2	9	303434
CFrame array	flamework2	decode	1	1	295580
CFrame array	flamework2	decode	1	2	300356
CFrame array	flamework2	decode	1	3	294854
CFrame array	flamework2	decode	1	4	295034
CFrame array	flamework2	decode	1	5	296311
CFrame array	flamework2	decode	1	6	297920
CFrame array	flamework2	decode	1	7	293520
CFrame array	flamework2	decode	1	8	276192
CFrame array	flamework2	decode	1	9	291913
CFrame array	flamework2	decode	2	1	291133
CFrame array	flamework2	decode	2	2	293673
CFrame array	flamework2	decode	2	3	287698
CFrame array	flamework2	decode	2	4	286847
CFrame array	flamework2	decode	2	5	287146
CFrame array	flamework2	decode	2	6	282109
CFrame array	flamework2	decode	2	7	298629
CFrame array	flamework2	decode	2	8	296389
CFrame array	flamework2	decode	2	9	289853
CFrame array	blink	encode	1	1	222425
CFrame array	blink	encode	1	2	222359
CFrame array	blink	encode	1	3	223984
CFrame array	blink	encode	1	4	222160
CFrame array	blink	encode	1	5	222420
CFrame array	blink	encode	1	6	219626
CFrame array	blink	encode	1	7	218713
CFrame array	blink	encode	1	8	222432
CFrame array	blink	encode	1	9	223631
CFrame array	blink	encode	2	1	222244
CFrame array	blink	encode	2	2	219438
CFrame array	blink	encode	2	3	216233
CFrame array	blink	encode	2	4	223795
CFrame array	blink	encode	2	5	221152
CFrame array	blink	encode	2	6	219804
CFrame array	blink	encode	2	7	219548
CFrame array	blink	encode	2	8	215613
CFrame array	blink	encode	2	9	221074
CFrame array	blink	decode	1	1	111101
CFrame array	blink	decode	1	2	111957
CFrame array	blink	decode	1	3	111050
CFrame array	blink	decode	1	4	111958
CFrame array	blink	decode	1	5	112489
CFrame array	blink	decode	1	6	110708
CFrame array	blink	decode	1	7	109855
CFrame array	blink	decode	1	8	103148
CFrame array	blink	decode	1	9	112077
CFrame array	blink	decode	2	1	111116
CFrame array	blink	decode	2	2	111952
CFrame array	blink	decode	2	3	112314
CFrame array	blink	decode	2	4	111660
CFrame array	blink	decode	2	5	112499
CFrame array	blink	decode	2	6	109389
CFrame array	blink	decode	2	7	112432
CFrame array	blink	decode	2	8	111469
CFrame array	blink	decode	2	9	112256
CFrame array	baseline	encode	1	1	277889
CFrame array	baseline	encode	1	2	275509
CFrame array	baseline	encode	1	3	275888
CFrame array	baseline	encode	1	4	277468
CFrame array	baseline	encode	1	5	277997
CFrame array	baseline	encode	1	6	273731
CFrame array	baseline	encode	1	7	272470
CFrame array	baseline	encode	1	8	273707
CFrame array	baseline	encode	1	9	273659
CFrame array	baseline	encode	2	1	273892
CFrame array	baseline	encode	2	2	270614
CFrame array	baseline	encode	2	3	275246
CFrame array	baseline	encode	2	4	275864
CFrame array	baseline	encode	2	5	274330
CFrame array	baseline	encode	2	6	273611
CFrame array	baseline	encode	2	7	272424
CFrame array	baseline	encode	2	8	277474
CFrame array	baseline	encode	2	9	275596
CFrame array	baseline	decode	1	1	252300
CFrame array	baseline	decode	1	2	253587
CFrame array	baseline	decode	1	3	252427
CFrame array	baseline	decode	1	4	254250
CFrame array	baseline	decode	1	5	249592
CFrame array	baseline	decode	1	6	249679
CFrame array	baseline	decode	1	7	252286
CFrame array	baseline	decode	1	8	239882
CFrame array	baseline	decode	1	9	252447
CFrame array	baseline	decode	2	1	252382
CFrame array	baseline	decode	2	2	250752
CFrame array	baseline	decode	2	3	251048
CFrame array	baseline	decode	2	4	249990
CFrame array	baseline	decode	2	5	252576
CFrame array	baseline	decode	2	6	248286
CFrame array	baseline	decode	2	7	249407
CFrame array	baseline	decode	2	8	252994
CFrame array	baseline	decode	2	9	252012
CFrame array (packed, axis-aligned)	surge	encode	1	1	189339
CFrame array (packed, axis-aligned)	surge	encode	1	2	189713
CFrame array (packed, axis-aligned)	surge	encode	1	3	188378
CFrame array (packed, axis-aligned)	surge	encode	1	4	188388
CFrame array (packed, axis-aligned)	surge	encode	1	5	188787
CFrame array (packed, axis-aligned)	surge	encode	1	6	187095
CFrame array (packed, axis-aligned)	surge	encode	1	7	186716
CFrame array (packed, axis-aligned)	surge	encode	1	8	189766
CFrame array (packed, axis-aligned)	surge	encode	1	9	188393
CFrame array (packed, axis-aligned)	surge	encode	2	1	190576
CFrame array (packed, axis-aligned)	surge	encode	2	2	191096
CFrame array (packed, axis-aligned)	surge	encode	2	3	189857
CFrame array (packed, axis-aligned)	surge	encode	2	4	189006
CFrame array (packed, axis-aligned)	surge	encode	2	5	190120
CFrame array (packed, axis-aligned)	surge	encode	2	6	190134
CFrame array (packed, axis-aligned)	surge	encode	2	7	188735
CFrame array (packed, axis-aligned)	surge	encode	2	8	189146
CFrame array (packed, axis-aligned)	surge	encode	2	9	186818
CFrame array (packed, axis-aligned)	surge	decode	1	1	278340
CFrame array (packed, axis-aligned)	surge	decode	1	2	283760
CFrame array (packed, axis-aligned)	surge	decode	1	3	285966
CFrame array (packed, axis-aligned)	surge	decode	1	4	283113
CFrame array (packed, axis-aligned)	surge	decode	1	5	282785
CFrame array (packed, axis-aligned)	surge	decode	1	6	282461
CFrame array (packed, axis-aligned)	surge	decode	1	7	286748
CFrame array (packed, axis-aligned)	surge	decode	1	8	282103
CFrame array (packed, axis-aligned)	surge	decode	1	9	282100
CFrame array (packed, axis-aligned)	surge	decode	2	1	281179
CFrame array (packed, axis-aligned)	surge	decode	2	2	286204
CFrame array (packed, axis-aligned)	surge	decode	2	3	279246
CFrame array (packed, axis-aligned)	surge	decode	2	4	283302
CFrame array (packed, axis-aligned)	surge	decode	2	5	285691
CFrame array (packed, axis-aligned)	surge	decode	2	6	285606
CFrame array (packed, axis-aligned)	surge	decode	2	7	284091
CFrame array (packed, axis-aligned)	surge	decode	2	8	281578
CFrame array (packed, axis-aligned)	surge	decode	2	9	288633
CFrame array (packed, axis-aligned)	fbs	encode	1	1	33577
CFrame array (packed, axis-aligned)	fbs	encode	1	2	33158
CFrame array (packed, axis-aligned)	fbs	encode	1	3	33470
CFrame array (packed, axis-aligned)	fbs	encode	1	4	32837
CFrame array (packed, axis-aligned)	fbs	encode	1	5	32231
CFrame array (packed, axis-aligned)	fbs	encode	1	6	33462
CFrame array (packed, axis-aligned)	fbs	encode	1	7	33154
CFrame array (packed, axis-aligned)	fbs	encode	1	8	32953
CFrame array (packed, axis-aligned)	fbs	encode	1	9	33366
CFrame array (packed, axis-aligned)	fbs	encode	2	1	33362
CFrame array (packed, axis-aligned)	fbs	encode	2	2	32516
CFrame array (packed, axis-aligned)	fbs	encode	2	3	33186
CFrame array (packed, axis-aligned)	fbs	encode	2	4	32927
CFrame array (packed, axis-aligned)	fbs	encode	2	5	32557
CFrame array (packed, axis-aligned)	fbs	encode	2	6	32850
CFrame array (packed, axis-aligned)	fbs	encode	2	7	32990
CFrame array (packed, axis-aligned)	fbs	encode	2	8	33324
CFrame array (packed, axis-aligned)	fbs	encode	2	9	33708
CFrame array (packed, axis-aligned)	fbs	decode	1	1	114058
CFrame array (packed, axis-aligned)	fbs	decode	1	2	115220
CFrame array (packed, axis-aligned)	fbs	decode	1	3	113450
CFrame array (packed, axis-aligned)	fbs	decode	1	4	113837
CFrame array (packed, axis-aligned)	fbs	decode	1	5	113629
CFrame array (packed, axis-aligned)	fbs	decode	1	6	113504
CFrame array (packed, axis-aligned)	fbs	decode	1	7	114610
CFrame array (packed, axis-aligned)	fbs	decode	1	8	114363
CFrame array (packed, axis-aligned)	fbs	decode	1	9	114684
CFrame array (packed, axis-aligned)	fbs	decode	2	1	113169
CFrame array (packed, axis-aligned)	fbs	decode	2	2	113548
CFrame array (packed, axis-aligned)	fbs	decode	2	3	114048
CFrame array (packed, axis-aligned)	fbs	decode	2	4	114286
CFrame array (packed, axis-aligned)	fbs	decode	2	5	114161
CFrame array (packed, axis-aligned)	fbs	decode	2	6	114663
CFrame array (packed, axis-aligned)	fbs	decode	2	7	114539
CFrame array (packed, axis-aligned)	fbs	decode	2	8	113479
CFrame array (packed, axis-aligned)	fbs	decode	2	9	114216
CFrame array (packed, axis-aligned)	serio	encode	1	1	5492
CFrame array (packed, axis-aligned)	serio	encode	1	2	5421
CFrame array (packed, axis-aligned)	serio	encode	1	3	5526
CFrame array (packed, axis-aligned)	serio	encode	1	4	5477
CFrame array (packed, axis-aligned)	serio	encode	1	5	5551
CFrame array (packed, axis-aligned)	serio	encode	1	6	5500
CFrame array (packed, axis-aligned)	serio	encode	1	7	5616
CFrame array (packed, axis-aligned)	serio	encode	1	8	5605
CFrame array (packed, axis-aligned)	serio	encode	1	9	5543
CFrame array (packed, axis-aligned)	serio	encode	2	1	5522
CFrame array (packed, axis-aligned)	serio	encode	2	2	5610
CFrame array (packed, axis-aligned)	serio	encode	2	3	5552
CFrame array (packed, axis-aligned)	serio	encode	2	4	5604
CFrame array (packed, axis-aligned)	serio	encode	2	5	5635
CFrame array (packed, axis-aligned)	serio	encode	2	6	5562
CFrame array (packed, axis-aligned)	serio	encode	2	7	5541
CFrame array (packed, axis-aligned)	serio	encode	2	8	5512
CFrame array (packed, axis-aligned)	serio	encode	2	9	5528
CFrame array (packed, axis-aligned)	serio	decode	1	1	28028
CFrame array (packed, axis-aligned)	serio	decode	1	2	27464
CFrame array (packed, axis-aligned)	serio	decode	1	3	27922
CFrame array (packed, axis-aligned)	serio	decode	1	4	27919
CFrame array (packed, axis-aligned)	serio	decode	1	5	28226
CFrame array (packed, axis-aligned)	serio	decode	1	6	27855
CFrame array (packed, axis-aligned)	serio	decode	1	7	27476
CFrame array (packed, axis-aligned)	serio	decode	1	8	28039
CFrame array (packed, axis-aligned)	serio	decode	1	9	27420
CFrame array (packed, axis-aligned)	serio	decode	2	1	27627
CFrame array (packed, axis-aligned)	serio	decode	2	2	27907
CFrame array (packed, axis-aligned)	serio	decode	2	3	27696
CFrame array (packed, axis-aligned)	serio	decode	2	4	27033
CFrame array (packed, axis-aligned)	serio	decode	2	5	27159
CFrame array (packed, axis-aligned)	serio	decode	2	6	27634
CFrame array (packed, axis-aligned)	serio	decode	2	7	27765
CFrame array (packed, axis-aligned)	serio	decode	2	8	27240
CFrame array (packed, axis-aligned)	serio	decode	2	9	27791
CFrame array (packed, arbitrary)	surge	encode	1	1	144514
CFrame array (packed, arbitrary)	surge	encode	1	2	144777
CFrame array (packed, arbitrary)	surge	encode	1	3	144165
CFrame array (packed, arbitrary)	surge	encode	1	4	143919
CFrame array (packed, arbitrary)	surge	encode	1	5	143461
CFrame array (packed, arbitrary)	surge	encode	1	6	143896
CFrame array (packed, arbitrary)	surge	encode	1	7	144173
CFrame array (packed, arbitrary)	surge	encode	1	8	144299
CFrame array (packed, arbitrary)	surge	encode	1	9	142832
CFrame array (packed, arbitrary)	surge	encode	2	1	136127
CFrame array (packed, arbitrary)	surge	encode	2	2	136041
CFrame array (packed, arbitrary)	surge	encode	2	3	137566
CFrame array (packed, arbitrary)	surge	encode	2	4	140015
CFrame array (packed, arbitrary)	surge	encode	2	5	139962
CFrame array (packed, arbitrary)	surge	encode	2	6	139441
CFrame array (packed, arbitrary)	surge	encode	2	7	140890
CFrame array (packed, arbitrary)	surge	encode	2	8	141254
CFrame array (packed, arbitrary)	surge	encode	2	9	141117
CFrame array (packed, arbitrary)	surge	decode	1	1	124138
CFrame array (packed, arbitrary)	surge	decode	1	2	120326
CFrame array (packed, arbitrary)	surge	decode	1	3	121449
CFrame array (packed, arbitrary)	surge	decode	1	4	120472
CFrame array (packed, arbitrary)	surge	decode	1	5	120938
CFrame array (packed, arbitrary)	surge	decode	1	6	121991
CFrame array (packed, arbitrary)	surge	decode	1	7	121867
CFrame array (packed, arbitrary)	surge	decode	1	8	121677
CFrame array (packed, arbitrary)	surge	decode	1	9	120286
CFrame array (packed, arbitrary)	surge	decode	2	1	122829
CFrame array (packed, arbitrary)	surge	decode	2	2	119862
CFrame array (packed, arbitrary)	surge	decode	2	3	121893
CFrame array (packed, arbitrary)	surge	decode	2	4	121242
CFrame array (packed, arbitrary)	surge	decode	2	5	120953
CFrame array (packed, arbitrary)	surge	decode	2	6	122253
CFrame array (packed, arbitrary)	surge	decode	2	7	118872
CFrame array (packed, arbitrary)	surge	decode	2	8	122668
CFrame array (packed, arbitrary)	surge	decode	2	9	120585
CFrame array (packed, arbitrary)	fbs	encode	1	1	31229
CFrame array (packed, arbitrary)	fbs	encode	1	2	31037
CFrame array (packed, arbitrary)	fbs	encode	1	3	30807
CFrame array (packed, arbitrary)	fbs	encode	1	4	31101
CFrame array (packed, arbitrary)	fbs	encode	1	5	31187
CFrame array (packed, arbitrary)	fbs	encode	1	6	31246
CFrame array (packed, arbitrary)	fbs	encode	1	7	31486
CFrame array (packed, arbitrary)	fbs	encode	1	8	31217
CFrame array (packed, arbitrary)	fbs	encode	1	9	31391
CFrame array (packed, arbitrary)	fbs	encode	2	1	31611
CFrame array (packed, arbitrary)	fbs	encode	2	2	31448
CFrame array (packed, arbitrary)	fbs	encode	2	3	30961
CFrame array (packed, arbitrary)	fbs	encode	2	4	31633
CFrame array (packed, arbitrary)	fbs	encode	2	5	31744
CFrame array (packed, arbitrary)	fbs	encode	2	6	31496
CFrame array (packed, arbitrary)	fbs	encode	2	7	31466
CFrame array (packed, arbitrary)	fbs	encode	2	8	31181
CFrame array (packed, arbitrary)	fbs	encode	2	9	31437
CFrame array (packed, arbitrary)	fbs	decode	1	1	113138
CFrame array (packed, arbitrary)	fbs	decode	1	2	112081
CFrame array (packed, arbitrary)	fbs	decode	1	3	111493
CFrame array (packed, arbitrary)	fbs	decode	1	4	112819
CFrame array (packed, arbitrary)	fbs	decode	1	5	112051
CFrame array (packed, arbitrary)	fbs	decode	1	6	113737
CFrame array (packed, arbitrary)	fbs	decode	1	7	112872
CFrame array (packed, arbitrary)	fbs	decode	1	8	112026
CFrame array (packed, arbitrary)	fbs	decode	1	9	113034
CFrame array (packed, arbitrary)	fbs	decode	2	1	111834
CFrame array (packed, arbitrary)	fbs	decode	2	2	112984
CFrame array (packed, arbitrary)	fbs	decode	2	3	113183
CFrame array (packed, arbitrary)	fbs	decode	2	4	113446
CFrame array (packed, arbitrary)	fbs	decode	2	5	113116
CFrame array (packed, arbitrary)	fbs	decode	2	6	112837
CFrame array (packed, arbitrary)	fbs	decode	2	7	112898
CFrame array (packed, arbitrary)	fbs	decode	2	8	113040
CFrame array (packed, arbitrary)	fbs	decode	2	9	112459
CFrame array (packed, arbitrary)	serio	encode	1	1	5457
CFrame array (packed, arbitrary)	serio	encode	1	2	5491
CFrame array (packed, arbitrary)	serio	encode	1	3	5439
CFrame array (packed, arbitrary)	serio	encode	1	4	5504
CFrame array (packed, arbitrary)	serio	encode	1	5	5468
CFrame array (packed, arbitrary)	serio	encode	1	6	5435
CFrame array (packed, arbitrary)	serio	encode	1	7	5427
CFrame array (packed, arbitrary)	serio	encode	1	8	5445
CFrame array (packed, arbitrary)	serio	encode	1	9	5509
CFrame array (packed, arbitrary)	serio	encode	2	1	5453
CFrame array (packed, arbitrary)	serio	encode	2	2	5573
CFrame array (packed, arbitrary)	serio	encode	2	3	5417
CFrame array (packed, arbitrary)	serio	encode	2	4	5457
CFrame array (packed, arbitrary)	serio	encode	2	5	5470
CFrame array (packed, arbitrary)	serio	encode	2	6	5440
CFrame array (packed, arbitrary)	serio	encode	2	7	5477
CFrame array (packed, arbitrary)	serio	encode	2	8	5531
CFrame array (packed, arbitrary)	serio	encode	2	9	5448
CFrame array (packed, arbitrary)	serio	decode	1	1	27867
CFrame array (packed, arbitrary)	serio	decode	1	2	28297
CFrame array (packed, arbitrary)	serio	decode	1	3	27850
CFrame array (packed, arbitrary)	serio	decode	1	4	28032
CFrame array (packed, arbitrary)	serio	decode	1	5	27917
CFrame array (packed, arbitrary)	serio	decode	1	6	27643
CFrame array (packed, arbitrary)	serio	decode	1	7	27813
CFrame array (packed, arbitrary)	serio	decode	1	8	28016
CFrame array (packed, arbitrary)	serio	decode	1	9	28314
CFrame array (packed, arbitrary)	serio	decode	2	1	27761
CFrame array (packed, arbitrary)	serio	decode	2	2	27896
CFrame array (packed, arbitrary)	serio	decode	2	3	27759
CFrame array (packed, arbitrary)	serio	decode	2	4	27824
CFrame array (packed, arbitrary)	serio	decode	2	5	27452
CFrame array (packed, arbitrary)	serio	decode	2	6	27808
CFrame array (packed, arbitrary)	serio	decode	2	7	27995
CFrame array (packed, arbitrary)	serio	decode	2	8	27877
CFrame array (packed, arbitrary)	serio	decode	2	9	27843
Blink: Booleans	surge	encode	1	1	212974
Blink: Booleans	surge	encode	1	2	212026
Blink: Booleans	surge	encode	1	3	210467
Blink: Booleans	surge	encode	1	4	213394
Blink: Booleans	surge	encode	1	5	212048
Blink: Booleans	surge	encode	1	6	211494
Blink: Booleans	surge	encode	1	7	211900
Blink: Booleans	surge	encode	1	8	211613
Blink: Booleans	surge	encode	1	9	213282
Blink: Booleans	surge	encode	2	1	215180
Blink: Booleans	surge	encode	2	2	209899
Blink: Booleans	surge	encode	2	3	214397
Blink: Booleans	surge	encode	2	4	213856
Blink: Booleans	surge	encode	2	5	203864
Blink: Booleans	surge	encode	2	6	207314
Blink: Booleans	surge	encode	2	7	208223
Blink: Booleans	surge	encode	2	8	217937
Blink: Booleans	surge	encode	2	9	214778
Blink: Booleans	surge	decode	1	1	119965
Blink: Booleans	surge	decode	1	2	121123
Blink: Booleans	surge	decode	1	3	119468
Blink: Booleans	surge	decode	1	4	115464
Blink: Booleans	surge	decode	1	5	115877
Blink: Booleans	surge	decode	1	6	117305
Blink: Booleans	surge	decode	1	7	118223
Blink: Booleans	surge	decode	1	8	115019
Blink: Booleans	surge	decode	1	9	118594
Blink: Booleans	surge	decode	2	1	119603
Blink: Booleans	surge	decode	2	2	111137
Blink: Booleans	surge	decode	2	3	111842
Blink: Booleans	surge	decode	2	4	117413
Blink: Booleans	surge	decode	2	5	118600
Blink: Booleans	surge	decode	2	6	118711
Blink: Booleans	surge	decode	2	7	119397
Blink: Booleans	surge	decode	2	8	117639
Blink: Booleans	surge	decode	2	9	119258
Blink: Booleans	fbs	encode	1	1	52831
Blink: Booleans	fbs	encode	1	2	53468
Blink: Booleans	fbs	encode	1	3	52943
Blink: Booleans	fbs	encode	1	4	53234
Blink: Booleans	fbs	encode	1	5	52495
Blink: Booleans	fbs	encode	1	6	53357
Blink: Booleans	fbs	encode	1	7	53801
Blink: Booleans	fbs	encode	1	8	53438
Blink: Booleans	fbs	encode	1	9	53752
Blink: Booleans	fbs	encode	2	1	53927
Blink: Booleans	fbs	encode	2	2	53353
Blink: Booleans	fbs	encode	2	3	53898
Blink: Booleans	fbs	encode	2	4	53258
Blink: Booleans	fbs	encode	2	5	53057
Blink: Booleans	fbs	encode	2	6	53291
Blink: Booleans	fbs	encode	2	7	52075
Blink: Booleans	fbs	encode	2	8	53087
Blink: Booleans	fbs	encode	2	9	53425
Blink: Booleans	fbs	decode	1	1	41040
Blink: Booleans	fbs	decode	1	2	40277
Blink: Booleans	fbs	decode	1	3	40921
Blink: Booleans	fbs	decode	1	4	41100
Blink: Booleans	fbs	decode	1	5	41115
Blink: Booleans	fbs	decode	1	6	41202
Blink: Booleans	fbs	decode	1	7	41174
Blink: Booleans	fbs	decode	1	8	41024
Blink: Booleans	fbs	decode	1	9	41078
Blink: Booleans	fbs	decode	2	1	41425
Blink: Booleans	fbs	decode	2	2	39511
Blink: Booleans	fbs	decode	2	3	41102
Blink: Booleans	fbs	decode	2	4	40699
Blink: Booleans	fbs	decode	2	5	41491
Blink: Booleans	fbs	decode	2	6	41237
Blink: Booleans	fbs	decode	2	7	40440
Blink: Booleans	fbs	decode	2	8	41062
Blink: Booleans	fbs	decode	2	9	41405
Blink: Booleans	serio	encode	1	1	10394
Blink: Booleans	serio	encode	1	2	10362
Blink: Booleans	serio	encode	1	3	10424
Blink: Booleans	serio	encode	1	4	10411
Blink: Booleans	serio	encode	1	5	10389
Blink: Booleans	serio	encode	1	6	10376
Blink: Booleans	serio	encode	1	7	10327
Blink: Booleans	serio	encode	1	8	10352
Blink: Booleans	serio	encode	1	9	10365
Blink: Booleans	serio	encode	2	1	10429
Blink: Booleans	serio	encode	2	2	10397
Blink: Booleans	serio	encode	2	3	10398
Blink: Booleans	serio	encode	2	4	10375
Blink: Booleans	serio	encode	2	5	10495
Blink: Booleans	serio	encode	2	6	10341
Blink: Booleans	serio	encode	2	7	10364
Blink: Booleans	serio	encode	2	8	10394
Blink: Booleans	serio	encode	2	9	10355
Blink: Booleans	serio	decode	1	1	12546
Blink: Booleans	serio	decode	1	2	12598
Blink: Booleans	serio	decode	1	3	12602
Blink: Booleans	serio	decode	1	4	12660
Blink: Booleans	serio	decode	1	5	12524
Blink: Booleans	serio	decode	1	6	12628
Blink: Booleans	serio	decode	1	7	12576
Blink: Booleans	serio	decode	1	8	12652
Blink: Booleans	serio	decode	1	9	12548
Blink: Booleans	serio	decode	2	1	12675
Blink: Booleans	serio	decode	2	2	12465
Blink: Booleans	serio	decode	2	3	12638
Blink: Booleans	serio	decode	2	4	12740
Blink: Booleans	serio	decode	2	5	12569
Blink: Booleans	serio	decode	2	6	12685
Blink: Booleans	serio	decode	2	7	12676
Blink: Booleans	serio	decode	2	8	12636
Blink: Booleans	serio	decode	2	9	12725
Blink: Booleans	flamework2	encode	1	1	150599
Blink: Booleans	flamework2	encode	1	2	146416
Blink: Booleans	flamework2	encode	1	3	150280
Blink: Booleans	flamework2	encode	1	4	152711
Blink: Booleans	flamework2	encode	1	5	149739
Blink: Booleans	flamework2	encode	1	6	149588
Blink: Booleans	flamework2	encode	1	7	149147
Blink: Booleans	flamework2	encode	1	8	148674
Blink: Booleans	flamework2	encode	1	9	150162
Blink: Booleans	flamework2	encode	2	1	95985
Blink: Booleans	flamework2	encode	2	2	94779
Blink: Booleans	flamework2	encode	2	3	96517
Blink: Booleans	flamework2	encode	2	4	96524
Blink: Booleans	flamework2	encode	2	5	96904
Blink: Booleans	flamework2	encode	2	6	95398
Blink: Booleans	flamework2	encode	2	7	96340
Blink: Booleans	flamework2	encode	2	8	95298
Blink: Booleans	flamework2	encode	2	9	96645
Blink: Booleans	flamework2	decode	1	1	120870
Blink: Booleans	flamework2	decode	1	2	117422
Blink: Booleans	flamework2	decode	1	3	119147
Blink: Booleans	flamework2	decode	1	4	116205
Blink: Booleans	flamework2	decode	1	5	117953
Blink: Booleans	flamework2	decode	1	6	117202
Blink: Booleans	flamework2	decode	1	7	119063
Blink: Booleans	flamework2	decode	1	8	118132
Blink: Booleans	flamework2	decode	1	9	118818
Blink: Booleans	flamework2	decode	2	1	118710
Blink: Booleans	flamework2	decode	2	2	107276
Blink: Booleans	flamework2	decode	2	3	113466
Blink: Booleans	flamework2	decode	2	4	119353
Blink: Booleans	flamework2	decode	2	5	114930
Blink: Booleans	flamework2	decode	2	6	118379
Blink: Booleans	flamework2	decode	2	7	117385
Blink: Booleans	flamework2	decode	2	8	117818
Blink: Booleans	flamework2	decode	2	9	116229
Blink: Booleans	blink	encode	1	1	120540
Blink: Booleans	blink	encode	1	2	114676
Blink: Booleans	blink	encode	1	3	122488
Blink: Booleans	blink	encode	1	4	120730
Blink: Booleans	blink	encode	1	5	120794
Blink: Booleans	blink	encode	1	6	120423
Blink: Booleans	blink	encode	1	7	121005
Blink: Booleans	blink	encode	1	8	120364
Blink: Booleans	blink	encode	1	9	118932
Blink: Booleans	blink	encode	2	1	105802
Blink: Booleans	blink	encode	2	2	106057
Blink: Booleans	blink	encode	2	3	105173
Blink: Booleans	blink	encode	2	4	104915
Blink: Booleans	blink	encode	2	5	105003
Blink: Booleans	blink	encode	2	6	104455
Blink: Booleans	blink	encode	2	7	104173
Blink: Booleans	blink	encode	2	8	104647
Blink: Booleans	blink	encode	2	9	105754
Blink: Booleans	blink	decode	1	1	75623
Blink: Booleans	blink	decode	1	2	76986
Blink: Booleans	blink	decode	1	3	75671
Blink: Booleans	blink	decode	1	4	77369
Blink: Booleans	blink	decode	1	5	77181
Blink: Booleans	blink	decode	1	6	77311
Blink: Booleans	blink	decode	1	7	77090
Blink: Booleans	blink	decode	1	8	76228
Blink: Booleans	blink	decode	1	9	76916
Blink: Booleans	blink	decode	2	1	76824
Blink: Booleans	blink	decode	2	2	70683
Blink: Booleans	blink	decode	2	3	77216
Blink: Booleans	blink	decode	2	4	77061
Blink: Booleans	blink	decode	2	5	77438
Blink: Booleans	blink	decode	2	6	77290
Blink: Booleans	blink	decode	2	7	77298
Blink: Booleans	blink	decode	2	8	77475
Blink: Booleans	blink	decode	2	9	77326
Blink: Entities	surge	encode	1	1	545435
Blink: Entities	surge	encode	1	2	545999
Blink: Entities	surge	encode	1	3	550285
Blink: Entities	surge	encode	1	4	548698
Blink: Entities	surge	encode	1	5	549249
Blink: Entities	surge	encode	1	6	552038
Blink: Entities	surge	encode	1	7	551649
Blink: Entities	surge	encode	1	8	550054
Blink: Entities	surge	encode	1	9	552666
Blink: Entities	surge	encode	2	1	542444
Blink: Entities	surge	encode	2	2	544759
Blink: Entities	surge	encode	2	3	544795
Blink: Entities	surge	encode	2	4	546827
Blink: Entities	surge	encode	2	5	542969
Blink: Entities	surge	encode	2	6	546011
Blink: Entities	surge	encode	2	7	544274
Blink: Entities	surge	encode	2	8	544992
Blink: Entities	surge	encode	2	9	546632
Blink: Entities	surge	decode	1	1	69237
Blink: Entities	surge	decode	1	2	68384
Blink: Entities	surge	decode	1	3	66102
Blink: Entities	surge	decode	1	4	68555
Blink: Entities	surge	decode	1	5	68766
Blink: Entities	surge	decode	1	6	68977
Blink: Entities	surge	decode	1	7	67319
Blink: Entities	surge	decode	1	8	67080
Blink: Entities	surge	decode	1	9	58310
Blink: Entities	surge	decode	2	1	69274
Blink: Entities	surge	decode	2	2	68080
Blink: Entities	surge	decode	2	3	68544
Blink: Entities	surge	decode	2	4	67485
Blink: Entities	surge	decode	2	5	66036
Blink: Entities	surge	decode	2	6	67949
Blink: Entities	surge	decode	2	7	64764
Blink: Entities	surge	decode	2	8	67844
Blink: Entities	surge	decode	2	9	66995
Blink: Entities	fbs	encode	1	1	81392
Blink: Entities	fbs	encode	1	2	81556
Blink: Entities	fbs	encode	1	3	80863
Blink: Entities	fbs	encode	1	4	80587
Blink: Entities	fbs	encode	1	5	80264
Blink: Entities	fbs	encode	1	6	80963
Blink: Entities	fbs	encode	1	7	82234
Blink: Entities	fbs	encode	1	8	79881
Blink: Entities	fbs	encode	1	9	80388
Blink: Entities	fbs	encode	2	1	80176
Blink: Entities	fbs	encode	2	2	79221
Blink: Entities	fbs	encode	2	3	78793
Blink: Entities	fbs	encode	2	4	79810
Blink: Entities	fbs	encode	2	5	80348
Blink: Entities	fbs	encode	2	6	80745
Blink: Entities	fbs	encode	2	7	80199
Blink: Entities	fbs	encode	2	8	79436
Blink: Entities	fbs	encode	2	9	80301
Blink: Entities	fbs	decode	1	1	37202
Blink: Entities	fbs	decode	1	2	37744
Blink: Entities	fbs	decode	1	3	37416
Blink: Entities	fbs	decode	1	4	36785
Blink: Entities	fbs	decode	1	5	36753
Blink: Entities	fbs	decode	1	6	36923
Blink: Entities	fbs	decode	1	7	37064
Blink: Entities	fbs	decode	1	8	37036
Blink: Entities	fbs	decode	1	9	34040
Blink: Entities	fbs	decode	2	1	37371
Blink: Entities	fbs	decode	2	2	36690
Blink: Entities	fbs	decode	2	3	37442
Blink: Entities	fbs	decode	2	4	37013
Blink: Entities	fbs	decode	2	5	37399
Blink: Entities	fbs	decode	2	6	36905
Blink: Entities	fbs	decode	2	7	38128
Blink: Entities	fbs	decode	2	8	36931
Blink: Entities	fbs	decode	2	9	37320
Blink: Entities	serio	encode	1	1	11064
Blink: Entities	serio	encode	1	2	11040
Blink: Entities	serio	encode	1	3	11115
Blink: Entities	serio	encode	1	4	11138
Blink: Entities	serio	encode	1	5	11049
Blink: Entities	serio	encode	1	6	11016
Blink: Entities	serio	encode	1	7	11054
Blink: Entities	serio	encode	1	8	11091
Blink: Entities	serio	encode	1	9	11143
Blink: Entities	serio	encode	2	1	11178
Blink: Entities	serio	encode	2	2	11218
Blink: Entities	serio	encode	2	3	11199
Blink: Entities	serio	encode	2	4	11233
Blink: Entities	serio	encode	2	5	11184
Blink: Entities	serio	encode	2	6	11237
Blink: Entities	serio	encode	2	7	11213
Blink: Entities	serio	encode	2	8	11163
Blink: Entities	serio	encode	2	9	11188
Blink: Entities	serio	decode	1	1	22427
Blink: Entities	serio	decode	1	2	22476
Blink: Entities	serio	decode	1	3	22208
Blink: Entities	serio	decode	1	4	22248
Blink: Entities	serio	decode	1	5	22235
Blink: Entities	serio	decode	1	6	22419
Blink: Entities	serio	decode	1	7	22123
Blink: Entities	serio	decode	1	8	22172
Blink: Entities	serio	decode	1	9	21467
Blink: Entities	serio	decode	2	1	22576
Blink: Entities	serio	decode	2	2	22029
Blink: Entities	serio	decode	2	3	22292
Blink: Entities	serio	decode	2	4	22309
Blink: Entities	serio	decode	2	5	22406
Blink: Entities	serio	decode	2	6	22270
Blink: Entities	serio	decode	2	7	22080
Blink: Entities	serio	decode	2	8	22342
Blink: Entities	serio	decode	2	9	22102
Blink: Entities	flamework2	encode	1	1	501904
Blink: Entities	flamework2	encode	1	2	498356
Blink: Entities	flamework2	encode	1	3	491643
Blink: Entities	flamework2	encode	1	4	500962
Blink: Entities	flamework2	encode	1	5	487437
Blink: Entities	flamework2	encode	1	6	500860
Blink: Entities	flamework2	encode	1	7	499481
Blink: Entities	flamework2	encode	1	8	497881
Blink: Entities	flamework2	encode	1	9	500807
Blink: Entities	flamework2	encode	2	1	501863
Blink: Entities	flamework2	encode	2	2	499726
Blink: Entities	flamework2	encode	2	3	494142
Blink: Entities	flamework2	encode	2	4	495563
Blink: Entities	flamework2	encode	2	5	497380
Blink: Entities	flamework2	encode	2	6	492934
Blink: Entities	flamework2	encode	2	7	503673
Blink: Entities	flamework2	encode	2	8	498460
Blink: Entities	flamework2	encode	2	9	496041
Blink: Entities	flamework2	decode	1	1	66819
Blink: Entities	flamework2	decode	1	2	66337
Blink: Entities	flamework2	decode	1	3	67989
Blink: Entities	flamework2	decode	1	4	69473
Blink: Entities	flamework2	decode	1	5	68791
Blink: Entities	flamework2	decode	1	6	67914
Blink: Entities	flamework2	decode	1	7	69533
Blink: Entities	flamework2	decode	1	8	67444
Blink: Entities	flamework2	decode	1	9	58688
Blink: Entities	flamework2	decode	2	1	67992
Blink: Entities	flamework2	decode	2	2	67875
Blink: Entities	flamework2	decode	2	3	67161
Blink: Entities	flamework2	decode	2	4	68388
Blink: Entities	flamework2	decode	2	5	69537
Blink: Entities	flamework2	decode	2	6	68636
Blink: Entities	flamework2	decode	2	7	68031
Blink: Entities	flamework2	decode	2	8	67533
Blink: Entities	flamework2	decode	2	9	67121
Blink: Entities	blink	encode	1	1	312885
Blink: Entities	blink	encode	1	2	315936
Blink: Entities	blink	encode	1	3	315989
Blink: Entities	blink	encode	1	4	313612
Blink: Entities	blink	encode	1	5	318571
Blink: Entities	blink	encode	1	6	312952
Blink: Entities	blink	encode	1	7	311310
Blink: Entities	blink	encode	1	8	315239
Blink: Entities	blink	encode	1	9	312951
Blink: Entities	blink	encode	2	1	317017
Blink: Entities	blink	encode	2	2	319925
Blink: Entities	blink	encode	2	3	321446
Blink: Entities	blink	encode	2	4	316126
Blink: Entities	blink	encode	2	5	316220
Blink: Entities	blink	encode	2	6	319218
Blink: Entities	blink	encode	2	7	316309
Blink: Entities	blink	encode	2	8	316090
Blink: Entities	blink	encode	2	9	318401
Blink: Entities	blink	decode	1	1	39296
Blink: Entities	blink	decode	1	2	39178
Blink: Entities	blink	decode	1	3	38721
Blink: Entities	blink	decode	1	4	38524
Blink: Entities	blink	decode	1	5	38380
Blink: Entities	blink	decode	1	6	38586
Blink: Entities	blink	decode	1	7	39138
Blink: Entities	blink	decode	1	8	35903
Blink: Entities	blink	decode	1	9	38059
Blink: Entities	blink	decode	2	1	38414
Blink: Entities	blink	decode	2	2	38152
Blink: Entities	blink	decode	2	3	38667
Blink: Entities	blink	decode	2	4	39294
Blink: Entities	blink	decode	2	5	38515
Blink: Entities	blink	decode	2	6	38922
Blink: Entities	blink	decode	2	7	39203
Blink: Entities	blink	decode	2	8	38748
Blink: Entities	blink	decode	2	9	39377
