# Trials behind speed.md. Written by `mise run bench:speed`; do not edit by hand.
# Date: 2026-10-07
# Roblox: 0.741.19.7411056
# Machine: 12th Gen Intel(R) Core(TM) i9-12900KF, 16 threads, win32 10.0.26200
# Runs: 2, back to back
# surge: ee30e4a
# rbxts-transformer-surge: 062199a
# roblox-ts: 3.0.0
# @rbxts/flamework-binary-serializer: 0.7.0
# @rbxts/serio: 1.2.7
# Blink: 0.18.8
# Method: 9 trials per cell, each at least 0.2 seconds of calls after 0.1 seconds of warm-up calls, timed in chunks of 250 calls so that the yields between chunks are not in the time; within a row the libraries take turns, one trial each, and 3 idle frames separate one row from the next
fixture	library	half	run	trial	rate
small flat struct	surge	encode	1	1	6223395
small flat struct	surge	encode	1	2	6110614
small flat struct	surge	encode	1	3	5984665
small flat struct	surge	encode	1	4	6034363
small flat struct	surge	encode	1	5	5642427
small flat struct	surge	encode	1	6	5663782
small flat struct	surge	encode	1	7	5751008
small flat struct	surge	encode	1	8	6077278
small flat struct	surge	encode	1	9	5988337
small flat struct	surge	encode	2	1	6176132
small flat struct	surge	encode	2	2	6061171
small flat struct	surge	encode	2	3	5362042
small flat struct	surge	encode	2	4	5827185
small flat struct	surge	encode	2	5	6080833
small flat struct	surge	encode	2	6	6074535
small flat struct	surge	encode	2	7	6077357
small flat struct	surge	encode	2	8	6129776
small flat struct	surge	encode	2	9	6132405
small flat struct	surge	decode	1	1	5698354
small flat struct	surge	decode	1	2	5658037
small flat struct	surge	decode	1	3	5622040
small flat struct	surge	decode	1	4	5831363
small flat struct	surge	decode	1	5	5907391
small flat struct	surge	decode	1	6	5890737
small flat struct	surge	decode	1	7	5904913
small flat struct	surge	decode	1	8	5804010
small flat struct	surge	decode	1	9	5921120
small flat struct	surge	decode	2	1	5738041
small flat struct	surge	decode	2	2	5697303
small flat struct	surge	decode	2	3	5664663
small flat struct	surge	decode	2	4	5646061
small flat struct	surge	decode	2	5	5851086
small flat struct	surge	decode	2	6	5788605
small flat struct	surge	decode	2	7	5679094
small flat struct	surge	decode	2	8	5802227
small flat struct	surge	decode	2	9	5076164
small flat struct	fbs	encode	1	1	2508653
small flat struct	fbs	encode	1	2	2530348
small flat struct	fbs	encode	1	3	2518128
small flat struct	fbs	encode	1	4	2516559
small flat struct	fbs	encode	1	5	2362103
small flat struct	fbs	encode	1	6	2409730
small flat struct	fbs	encode	1	7	2500885
small flat struct	fbs	encode	1	8	2495449
small flat struct	fbs	encode	1	9	2474953
small flat struct	fbs	encode	2	1	2507333
small flat struct	fbs	encode	2	2	2542411
small flat struct	fbs	encode	2	3	2369864
small flat struct	fbs	encode	2	4	2487000
small flat struct	fbs	encode	2	5	2507251
small flat struct	fbs	encode	2	6	2525932
small flat struct	fbs	encode	2	7	2408416
small flat struct	fbs	encode	2	8	2515634
small flat struct	fbs	encode	2	9	2507603
small flat struct	fbs	decode	1	1	3482782
small flat struct	fbs	decode	1	2	3514559
small flat struct	fbs	decode	1	3	3470493
small flat struct	fbs	decode	1	4	3406521
small flat struct	fbs	decode	1	5	3418646
small flat struct	fbs	decode	1	6	3407467
small flat struct	fbs	decode	1	7	3411292
small flat struct	fbs	decode	1	8	3387305
small flat struct	fbs	decode	1	9	3425020
small flat struct	fbs	decode	2	1	3443363
small flat struct	fbs	decode	2	2	3422136
small flat struct	fbs	decode	2	3	3457761
small flat struct	fbs	decode	2	4	3477886
small flat struct	fbs	decode	2	5	3401168
small flat struct	fbs	decode	2	6	3439916
small flat struct	fbs	decode	2	7	3480467
small flat struct	fbs	decode	2	8	3447040
small flat struct	fbs	decode	2	9	3217407
small flat struct	serio	encode	1	1	849334
small flat struct	serio	encode	1	2	829478
small flat struct	serio	encode	1	3	837958
small flat struct	serio	encode	1	4	834648
small flat struct	serio	encode	1	5	826785
small flat struct	serio	encode	1	6	830348
small flat struct	serio	encode	1	7	844791
small flat struct	serio	encode	1	8	838046
small flat struct	serio	encode	1	9	843807
small flat struct	serio	encode	2	1	842776
small flat struct	serio	encode	2	2	839521
small flat struct	serio	encode	2	3	845423
small flat struct	serio	encode	2	4	832221
small flat struct	serio	encode	2	5	848016
small flat struct	serio	encode	2	6	847432
small flat struct	serio	encode	2	7	853382
small flat struct	serio	encode	2	8	846912
small flat struct	serio	encode	2	9	846343
small flat struct	serio	decode	1	1	1648706
small flat struct	serio	decode	1	2	1647196
small flat struct	serio	decode	1	3	1659066
small flat struct	serio	decode	1	4	1659820
small flat struct	serio	decode	1	5	1648096
small flat struct	serio	decode	1	6	1666815
small flat struct	serio	decode	1	7	1677372
small flat struct	serio	decode	1	8	1647156
small flat struct	serio	decode	1	9	1621788
small flat struct	serio	decode	2	1	1619676
small flat struct	serio	decode	2	2	1642154
small flat struct	serio	decode	2	3	1618315
small flat struct	serio	decode	2	4	1639851
small flat struct	serio	decode	2	5	1635785
small flat struct	serio	decode	2	6	1663722
small flat struct	serio	decode	2	7	1609931
small flat struct	serio	decode	2	8	1607503
small flat struct	serio	decode	2	9	1623459
small flat struct	blink	encode	1	1	2745956
small flat struct	blink	encode	1	2	2686079
small flat struct	blink	encode	1	3	2698514
small flat struct	blink	encode	1	4	2713041
small flat struct	blink	encode	1	5	2284197
small flat struct	blink	encode	1	6	2535444
small flat struct	blink	encode	1	7	2697348
small flat struct	blink	encode	1	8	2681587
small flat struct	blink	encode	1	9	2719033
small flat struct	blink	encode	2	1	2672840
small flat struct	blink	encode	2	2	2656828
small flat struct	blink	encode	2	3	2631914
small flat struct	blink	encode	2	4	2660707
small flat struct	blink	encode	2	5	2699540
small flat struct	blink	encode	2	6	2701166
small flat struct	blink	encode	2	7	2726657
small flat struct	blink	encode	2	8	2687340
small flat struct	blink	encode	2	9	2720337
small flat struct	blink	decode	1	1	3376091
small flat struct	blink	decode	1	2	3370989
small flat struct	blink	decode	1	3	3323222
small flat struct	blink	decode	1	4	3363044
small flat struct	blink	decode	1	5	3406638
small flat struct	blink	decode	1	6	3360680
small flat struct	blink	decode	1	7	3369446
small flat struct	blink	decode	1	8	3315474
small flat struct	blink	decode	1	9	3324977
small flat struct	blink	decode	2	1	3383557
small flat struct	blink	decode	2	2	3361886
small flat struct	blink	decode	2	3	3366164
small flat struct	blink	decode	2	4	3362088
small flat struct	blink	decode	2	5	3421163
small flat struct	blink	decode	2	6	3413371
small flat struct	blink	decode	2	7	3356137
small flat struct	blink	decode	2	8	3190527
small flat struct	blink	decode	2	9	3363694
small flat struct	baseline	encode	1	1	6207214
small flat struct	baseline	encode	1	2	6241926
small flat struct	baseline	encode	1	3	6208128
small flat struct	baseline	encode	1	4	6332358
small flat struct	baseline	encode	1	5	5650688
small flat struct	baseline	encode	1	6	5948664
small flat struct	baseline	encode	1	7	6240869
small flat struct	baseline	encode	1	8	6141232
small flat struct	baseline	encode	1	9	6165559
small flat struct	baseline	encode	2	1	6301183
small flat struct	baseline	encode	2	2	5706093
small flat struct	baseline	encode	2	3	5945953
small flat struct	baseline	encode	2	4	6069071
small flat struct	baseline	encode	2	5	6238300
small flat struct	baseline	encode	2	6	6200128
small flat struct	baseline	encode	2	7	6162139
small flat struct	baseline	encode	2	8	6187392
small flat struct	baseline	encode	2	9	6221523
small flat struct	baseline	decode	1	1	5822346
small flat struct	baseline	decode	1	2	5843539
small flat struct	baseline	decode	1	3	5678937
small flat struct	baseline	decode	1	4	5725629
small flat struct	baseline	decode	1	5	5766981
small flat struct	baseline	decode	1	6	5687153
small flat struct	baseline	decode	1	7	5677449
small flat struct	baseline	decode	1	8	5701203
small flat struct	baseline	decode	1	9	5737370
small flat struct	baseline	decode	2	1	5668676
small flat struct	baseline	decode	2	2	5806131
small flat struct	baseline	decode	2	3	5724691
small flat struct	baseline	decode	2	4	5451759
small flat struct	baseline	decode	2	5	5573159
small flat struct	baseline	decode	2	6	5637294
small flat struct	baseline	decode	2	7	5562108
small flat struct	baseline	decode	2	8	5273002
small flat struct	baseline	decode	2	9	5632784
deeply nested object	surge	encode	1	1	4748295
deeply nested object	surge	encode	1	2	4723961
deeply nested object	surge	encode	1	3	4605605
deeply nested object	surge	encode	1	4	4681231
deeply nested object	surge	encode	1	5	4724223
deeply nested object	surge	encode	1	6	4693039
deeply nested object	surge	encode	1	7	4307344
deeply nested object	surge	encode	1	8	4697383
deeply nested object	surge	encode	1	9	4686701
deeply nested object	surge	encode	2	1	4739531
deeply nested object	surge	encode	2	2	4730874
deeply nested object	surge	encode	2	3	4723181
deeply nested object	surge	encode	2	4	4653208
deeply nested object	surge	encode	2	5	4679916
deeply nested object	surge	encode	2	6	4613141
deeply nested object	surge	encode	2	7	4731639
deeply nested object	surge	encode	2	8	4612412
deeply nested object	surge	encode	2	9	4698668
deeply nested object	surge	decode	1	1	2715012
deeply nested object	surge	decode	1	2	2752275
deeply nested object	surge	decode	1	3	2720412
deeply nested object	surge	decode	1	4	2668886
deeply nested object	surge	decode	1	5	2740793
deeply nested object	surge	decode	1	6	2674868
deeply nested object	surge	decode	1	7	2702423
deeply nested object	surge	decode	1	8	2757716
deeply nested object	surge	decode	1	9	2662339
deeply nested object	surge	decode	2	1	2718522
deeply nested object	surge	decode	2	2	2699470
deeply nested object	surge	decode	2	3	2768787
deeply nested object	surge	decode	2	4	2732759
deeply nested object	surge	decode	2	5	2741061
deeply nested object	surge	decode	2	6	2765980
deeply nested object	surge	decode	2	7	2770345
deeply nested object	surge	decode	2	8	2769940
deeply nested object	surge	decode	2	9	2720373
deeply nested object	fbs	encode	1	1	1761477
deeply nested object	fbs	encode	1	2	1742838
deeply nested object	fbs	encode	1	3	1776101
deeply nested object	fbs	encode	1	4	1782977
deeply nested object	fbs	encode	1	5	1767283
deeply nested object	fbs	encode	1	6	1746641
deeply nested object	fbs	encode	1	7	1629563
deeply nested object	fbs	encode	1	8	1775774
deeply nested object	fbs	encode	1	9	1762125
deeply nested object	fbs	encode	2	1	1846900
deeply nested object	fbs	encode	2	2	1857146
deeply nested object	fbs	encode	2	3	1833142
deeply nested object	fbs	encode	2	4	1842966
deeply nested object	fbs	encode	2	5	1864498
deeply nested object	fbs	encode	2	6	1864967
deeply nested object	fbs	encode	2	7	1847720
deeply nested object	fbs	encode	2	8	1850982
deeply nested object	fbs	encode	2	9	1829995
deeply nested object	fbs	decode	1	1	1602132
deeply nested object	fbs	decode	1	2	1588675
deeply nested object	fbs	decode	1	3	1587699
deeply nested object	fbs	decode	1	4	1590399
deeply nested object	fbs	decode	1	5	1567378
deeply nested object	fbs	decode	1	6	1573667
deeply nested object	fbs	decode	1	7	1568888
deeply nested object	fbs	decode	1	8	1566198
deeply nested object	fbs	decode	1	9	1519041
deeply nested object	fbs	decode	2	1	1563603
deeply nested object	fbs	decode	2	2	1564718
deeply nested object	fbs	decode	2	3	1593793
deeply nested object	fbs	decode	2	4	1579688
deeply nested object	fbs	decode	2	5	1579524
deeply nested object	fbs	decode	2	6	1593697
deeply nested object	fbs	decode	2	7	1568352
deeply nested object	fbs	decode	2	8	1596892
deeply nested object	fbs	decode	2	9	1570743
deeply nested object	serio	encode	1	1	467987
deeply nested object	serio	encode	1	2	467381
deeply nested object	serio	encode	1	3	475815
deeply nested object	serio	encode	1	4	470296
deeply nested object	serio	encode	1	5	476722
deeply nested object	serio	encode	1	6	478238
deeply nested object	serio	encode	1	7	467828
deeply nested object	serio	encode	1	8	467791
deeply nested object	serio	encode	1	9	472327
deeply nested object	serio	encode	2	1	469538
deeply nested object	serio	encode	2	2	461033
deeply nested object	serio	encode	2	3	469490
deeply nested object	serio	encode	2	4	470001
deeply nested object	serio	encode	2	5	464027
deeply nested object	serio	encode	2	6	476448
deeply nested object	serio	encode	2	7	472753
deeply nested object	serio	encode	2	8	477415
deeply nested object	serio	encode	2	9	461577
deeply nested object	serio	decode	1	1	734550
deeply nested object	serio	decode	1	2	731029
deeply nested object	serio	decode	1	3	734165
deeply nested object	serio	decode	1	4	729519
deeply nested object	serio	decode	1	5	736546
deeply nested object	serio	decode	1	6	734942
deeply nested object	serio	decode	1	7	732591
deeply nested object	serio	decode	1	8	730807
deeply nested object	serio	decode	1	9	715653
deeply nested object	serio	decode	2	1	736210
deeply nested object	serio	decode	2	2	724793
deeply nested object	serio	decode	2	3	722418
deeply nested object	serio	decode	2	4	722081
deeply nested object	serio	decode	2	5	724831
deeply nested object	serio	decode	2	6	727156
deeply nested object	serio	decode	2	7	725863
deeply nested object	serio	decode	2	8	728420
deeply nested object	serio	decode	2	9	731159
deeply nested object	blink	encode	1	1	2216351
deeply nested object	blink	encode	1	2	2223519
deeply nested object	blink	encode	1	3	2221023
deeply nested object	blink	encode	1	4	2223346
deeply nested object	blink	encode	1	5	2226126
deeply nested object	blink	encode	1	6	2168288
deeply nested object	blink	encode	1	7	2186372
deeply nested object	blink	encode	1	8	2168155
deeply nested object	blink	encode	1	9	2231981
deeply nested object	blink	encode	2	1	2186957
deeply nested object	blink	encode	2	2	2228371
deeply nested object	blink	encode	2	3	2205617
deeply nested object	blink	encode	2	4	2154430
deeply nested object	blink	encode	2	5	2188699
deeply nested object	blink	encode	2	6	2174623
deeply nested object	blink	encode	2	7	2147145
deeply nested object	blink	encode	2	8	2167324
deeply nested object	blink	encode	2	9	2218889
deeply nested object	blink	decode	1	1	1664453
deeply nested object	blink	decode	1	2	1663433
deeply nested object	blink	decode	1	3	1663030
deeply nested object	blink	decode	1	4	1649381
deeply nested object	blink	decode	1	5	1682954
deeply nested object	blink	decode	1	6	1669464
deeply nested object	blink	decode	1	7	1679206
deeply nested object	blink	decode	1	8	1622703
deeply nested object	blink	decode	1	9	1576152
deeply nested object	blink	decode	2	1	1665214
deeply nested object	blink	decode	2	2	1628593
deeply nested object	blink	decode	2	3	1656044
deeply nested object	blink	decode	2	4	1645746
deeply nested object	blink	decode	2	5	1677737
deeply nested object	blink	decode	2	6	1683840
deeply nested object	blink	decode	2	7	1673281
deeply nested object	blink	decode	2	8	1652270
deeply nested object	blink	decode	2	9	1658202
deeply nested object	baseline	encode	1	1	4712096
deeply nested object	baseline	encode	1	2	4662547
deeply nested object	baseline	encode	1	3	4753256
deeply nested object	baseline	encode	1	4	4691421
deeply nested object	baseline	encode	1	5	4746705
deeply nested object	baseline	encode	1	6	4722162
deeply nested object	baseline	encode	1	7	4703678
deeply nested object	baseline	encode	1	8	4781474
deeply nested object	baseline	encode	1	9	4723386
deeply nested object	baseline	encode	2	1	4638346
deeply nested object	baseline	encode	2	2	4649937
deeply nested object	baseline	encode	2	3	4634592
deeply nested object	baseline	encode	2	4	4687252
deeply nested object	baseline	encode	2	5	4717915
deeply nested object	baseline	encode	2	6	4665046
deeply nested object	baseline	encode	2	7	4621511
deeply nested object	baseline	encode	2	8	4665744
deeply nested object	baseline	encode	2	9	4654246
deeply nested object	baseline	decode	1	1	2684438
deeply nested object	baseline	decode	1	2	2693693
deeply nested object	baseline	decode	1	3	2758194
deeply nested object	baseline	decode	1	4	2725703
deeply nested object	baseline	decode	1	5	2753209
deeply nested object	baseline	decode	1	6	2702542
deeply nested object	baseline	decode	1	7	2639385
deeply nested object	baseline	decode	1	8	2678672
deeply nested object	baseline	decode	1	9	2550343
deeply nested object	baseline	decode	2	1	2717355
deeply nested object	baseline	decode	2	2	2710982
deeply nested object	baseline	decode	2	3	2735186
deeply nested object	baseline	decode	2	4	2710904
deeply nested object	baseline	decode	2	5	2651140
deeply nested object	baseline	decode	2	6	2665837
deeply nested object	baseline	decode	2	7	2644461
deeply nested object	baseline	decode	2	8	2730491
deeply nested object	baseline	decode	2	9	2686248
wide struct	surge	encode	1	1	3055711
wide struct	surge	encode	1	2	3101858
wide struct	surge	encode	1	3	3135054
wide struct	surge	encode	1	4	3049428
wide struct	surge	encode	1	5	3056568
wide struct	surge	encode	1	6	3021319
wide struct	surge	encode	1	7	3119546
wide struct	surge	encode	1	8	3083092
wide struct	surge	encode	1	9	3038616
wide struct	surge	encode	2	1	2823581
wide struct	surge	encode	2	2	2784570
wide struct	surge	encode	2	3	2767144
wide struct	surge	encode	2	4	2806348
wide struct	surge	encode	2	5	2769165
wide struct	surge	encode	2	6	2742412
wide struct	surge	encode	2	7	2771602
wide struct	surge	encode	2	8	2793723
wide struct	surge	encode	2	9	2621518
wide struct	surge	decode	1	1	717456
wide struct	surge	decode	1	2	582811
wide struct	surge	decode	1	3	718728
wide struct	surge	decode	1	4	734934
wide struct	surge	decode	1	5	715124
wide struct	surge	decode	1	6	724866
wide struct	surge	decode	1	7	706218
wide struct	surge	decode	1	8	725148
wide struct	surge	decode	1	9	725627
wide struct	surge	decode	2	1	709097
wide struct	surge	decode	2	2	720120
wide struct	surge	decode	2	3	719447
wide struct	surge	decode	2	4	720352
wide struct	surge	decode	2	5	716226
wide struct	surge	decode	2	6	707296
wide struct	surge	decode	2	7	704442
wide struct	surge	decode	2	8	725329
wide struct	surge	decode	2	9	721765
wide struct	fbs	encode	1	1	764514
wide struct	fbs	encode	1	2	778063
wide struct	fbs	encode	1	3	768146
wide struct	fbs	encode	1	4	766916
wide struct	fbs	encode	1	5	773050
wide struct	fbs	encode	1	6	772421
wide struct	fbs	encode	1	7	779482
wide struct	fbs	encode	1	8	774983
wide struct	fbs	encode	1	9	777080
wide struct	fbs	encode	2	1	771621
wide struct	fbs	encode	2	2	783651
wide struct	fbs	encode	2	3	768132
wide struct	fbs	encode	2	4	777105
wide struct	fbs	encode	2	5	784287
wide struct	fbs	encode	2	6	773689
wide struct	fbs	encode	2	7	760492
wide struct	fbs	encode	2	8	777488
wide struct	fbs	encode	2	9	764683
wide struct	fbs	decode	1	1	527719
wide struct	fbs	decode	1	2	481090
wide struct	fbs	decode	1	3	525055
wide struct	fbs	decode	1	4	514005
wide struct	fbs	decode	1	5	530548
wide struct	fbs	decode	1	6	524445
wide struct	fbs	decode	1	7	529362
wide struct	fbs	decode	1	8	521348
wide struct	fbs	decode	1	9	529919
wide struct	fbs	decode	2	1	533482
wide struct	fbs	decode	2	2	529993
wide struct	fbs	decode	2	3	528303
wide struct	fbs	decode	2	4	537007
wide struct	fbs	decode	2	5	528254
wide struct	fbs	decode	2	6	534551
wide struct	fbs	decode	2	7	525634
wide struct	fbs	decode	2	8	522469
wide struct	fbs	decode	2	9	534013
wide struct	serio	encode	1	1	117942
wide struct	serio	encode	1	2	117666
wide struct	serio	encode	1	3	118791
wide struct	serio	encode	1	4	118343
wide struct	serio	encode	1	5	116626
wide struct	serio	encode	1	6	117737
wide struct	serio	encode	1	7	117978
wide struct	serio	encode	1	8	117167
wide struct	serio	encode	1	9	116524
wide struct	serio	encode	2	1	118815
wide struct	serio	encode	2	2	116726
wide struct	serio	encode	2	3	115537
wide struct	serio	encode	2	4	117615
wide struct	serio	encode	2	5	117110
wide struct	serio	encode	2	6	117084
wide struct	serio	encode	2	7	117229
wide struct	serio	encode	2	8	117376
wide struct	serio	encode	2	9	116511
wide struct	serio	decode	1	1	243951
wide struct	serio	decode	1	2	242193
wide struct	serio	decode	1	3	241865
wide struct	serio	decode	1	4	242217
wide struct	serio	decode	1	5	243347
wide struct	serio	decode	1	6	245301
wide struct	serio	decode	1	7	243622
wide struct	serio	decode	1	8	243558
wide struct	serio	decode	1	9	242605
wide struct	serio	decode	2	1	241244
wide struct	serio	decode	2	2	244377
wide struct	serio	decode	2	3	243003
wide struct	serio	decode	2	4	242402
wide struct	serio	decode	2	5	238823
wide struct	serio	decode	2	6	244033
wide struct	serio	decode	2	7	243727
wide struct	serio	decode	2	8	241115
wide struct	serio	decode	2	9	239487
wide struct	blink	encode	1	1	1386012
wide struct	blink	encode	1	2	1367329
wide struct	blink	encode	1	3	1379317
wide struct	blink	encode	1	4	1409008
wide struct	blink	encode	1	5	1428614
wide struct	blink	encode	1	6	1355910
wide struct	blink	encode	1	7	1382486
wide struct	blink	encode	1	8	1407905
wide struct	blink	encode	1	9	1379430
wide struct	blink	encode	2	1	1391755
wide struct	blink	encode	2	2	1407919
wide struct	blink	encode	2	3	1397428
wide struct	blink	encode	2	4	1369940
wide struct	blink	encode	2	5	1395817
wide struct	blink	encode	2	6	1413344
wide struct	blink	encode	2	7	1381069
wide struct	blink	encode	2	8	1380229
wide struct	blink	encode	2	9	1303558
wide struct	blink	decode	1	1	460994
wide struct	blink	decode	1	2	472151
wide struct	blink	decode	1	3	477815
wide struct	blink	decode	1	4	473179
wide struct	blink	decode	1	5	478645
wide struct	blink	decode	1	6	480368
wide struct	blink	decode	1	7	491123
wide struct	blink	decode	1	8	477282
wide struct	blink	decode	1	9	486198
wide struct	blink	decode	2	1	481794
wide struct	blink	decode	2	2	482832
wide struct	blink	decode	2	3	481837
wide struct	blink	decode	2	4	484425
wide struct	blink	decode	2	5	477291
wide struct	blink	decode	2	6	480858
wide struct	blink	decode	2	7	485664
wide struct	blink	decode	2	8	482283
wide struct	blink	decode	2	9	478962
large array	surge	encode	1	1	326838
large array	surge	encode	1	2	330179
large array	surge	encode	1	3	326089
large array	surge	encode	1	4	332827
large array	surge	encode	1	5	323325
large array	surge	encode	1	6	329974
large array	surge	encode	1	7	322760
large array	surge	encode	1	8	329448
large array	surge	encode	1	9	323674
large array	surge	encode	2	1	328528
large array	surge	encode	2	2	330801
large array	surge	encode	2	3	327371
large array	surge	encode	2	4	323612
large array	surge	encode	2	5	329539
large array	surge	encode	2	6	323477
large array	surge	encode	2	7	331158
large array	surge	encode	2	8	322171
large array	surge	encode	2	9	322207
large array	surge	decode	1	1	118651
large array	surge	decode	1	2	117449
large array	surge	decode	1	3	117123
large array	surge	decode	1	4	114273
large array	surge	decode	1	5	117759
large array	surge	decode	1	6	119721
large array	surge	decode	1	7	116222
large array	surge	decode	1	8	117770
large array	surge	decode	1	9	118620
large array	surge	decode	2	1	114916
large array	surge	decode	2	2	117286
large array	surge	decode	2	3	107816
large array	surge	decode	2	4	113586
large array	surge	decode	2	5	116031
large array	surge	decode	2	6	119607
large array	surge	decode	2	7	117742
large array	surge	decode	2	8	116509
large array	surge	decode	2	9	116622
large array	fbs	encode	1	1	73824
large array	fbs	encode	1	2	74129
large array	fbs	encode	1	3	72712
large array	fbs	encode	1	4	74154
large array	fbs	encode	1	5	72906
large array	fbs	encode	1	6	74084
large array	fbs	encode	1	7	74096
large array	fbs	encode	1	8	72334
large array	fbs	encode	1	9	74039
large array	fbs	encode	2	1	73404
large array	fbs	encode	2	2	72458
large array	fbs	encode	2	3	72626
large array	fbs	encode	2	4	74985
large array	fbs	encode	2	5	73905
large array	fbs	encode	2	6	72176
large array	fbs	encode	2	7	72552
large array	fbs	encode	2	8	75490
large array	fbs	encode	2	9	73955
large array	fbs	decode	1	1	43414
large array	fbs	decode	1	2	43372
large array	fbs	decode	1	3	43091
large array	fbs	decode	1	4	42864
large array	fbs	decode	1	5	43967
large array	fbs	decode	1	6	43074
large array	fbs	decode	1	7	43446
large array	fbs	decode	1	8	43614
large array	fbs	decode	1	9	43609
large array	fbs	decode	2	1	43731
large array	fbs	decode	2	2	42627
large array	fbs	decode	2	3	42315
large array	fbs	decode	2	4	43644
large array	fbs	decode	2	5	43635
large array	fbs	decode	2	6	43182
large array	fbs	decode	2	7	43722
large array	fbs	decode	2	8	43451
large array	fbs	decode	2	9	43351
large array	serio	encode	1	1	7904
large array	serio	encode	1	2	7865
large array	serio	encode	1	3	7840
large array	serio	encode	1	4	7917
large array	serio	encode	1	5	8025
large array	serio	encode	1	6	7910
large array	serio	encode	1	7	7920
large array	serio	encode	1	8	7954
large array	serio	encode	1	9	7910
large array	serio	encode	2	1	7849
large array	serio	encode	2	2	7776
large array	serio	encode	2	3	7782
large array	serio	encode	2	4	7787
large array	serio	encode	2	5	7786
large array	serio	encode	2	6	7794
large array	serio	encode	2	7	7722
large array	serio	encode	2	8	7781
large array	serio	encode	2	9	7838
large array	serio	decode	1	1	24967
large array	serio	decode	1	2	24873
large array	serio	decode	1	3	24801
large array	serio	decode	1	4	24756
large array	serio	decode	1	5	24434
large array	serio	decode	1	6	24725
large array	serio	decode	1	7	24729
large array	serio	decode	1	8	24658
large array	serio	decode	1	9	24640
large array	serio	decode	2	1	24844
large array	serio	decode	2	2	24491
large array	serio	decode	2	3	24596
large array	serio	decode	2	4	24659
large array	serio	decode	2	5	24632
large array	serio	decode	2	6	24679
large array	serio	decode	2	7	24782
large array	serio	decode	2	8	24591
large array	serio	decode	2	9	24738
large array	blink	encode	1	1	141103
large array	blink	encode	1	2	143178
large array	blink	encode	1	3	144761
large array	blink	encode	1	4	142532
large array	blink	encode	1	5	144657
large array	blink	encode	1	6	141214
large array	blink	encode	1	7	142462
large array	blink	encode	1	8	144216
large array	blink	encode	1	9	145040
large array	blink	encode	2	1	141743
large array	blink	encode	2	2	140945
large array	blink	encode	2	3	141008
large array	blink	encode	2	4	142711
large array	blink	encode	2	5	143731
large array	blink	encode	2	6	139982
large array	blink	encode	2	7	143644
large array	blink	encode	2	8	142511
large array	blink	encode	2	9	129977
large array	blink	decode	1	1	75710
large array	blink	decode	1	2	76309
large array	blink	decode	1	3	76550
large array	blink	decode	1	4	76612
large array	blink	decode	1	5	75365
large array	blink	decode	1	6	75657
large array	blink	decode	1	7	76282
large array	blink	decode	1	8	76769
large array	blink	decode	1	9	75925
large array	blink	decode	2	1	76638
large array	blink	decode	2	2	72713
large array	blink	decode	2	3	76855
large array	blink	decode	2	4	73593
large array	blink	decode	2	5	76203
large array	blink	decode	2	6	76227
large array	blink	decode	2	7	75929
large array	blink	decode	2	8	77033
large array	blink	decode	2	9	76096
large record	surge	encode	1	1	164035
large record	surge	encode	1	2	163254
large record	surge	encode	1	3	160263
large record	surge	encode	1	4	163296
large record	surge	encode	1	5	166423
large record	surge	encode	1	6	164166
large record	surge	encode	1	7	163839
large record	surge	encode	1	8	165329
large record	surge	encode	1	9	163282
large record	surge	encode	2	1	164205
large record	surge	encode	2	2	162747
large record	surge	encode	2	3	164777
large record	surge	encode	2	4	163293
large record	surge	encode	2	5	161003
large record	surge	encode	2	6	161006
large record	surge	encode	2	7	162624
large record	surge	encode	2	8	165619
large record	surge	encode	2	9	163545
large record	surge	decode	1	1	76795
large record	surge	decode	1	2	76632
large record	surge	decode	1	3	76899
large record	surge	decode	1	4	76186
large record	surge	decode	1	5	76562
large record	surge	decode	1	6	76155
large record	surge	decode	1	7	77628
large record	surge	decode	1	8	76555
large record	surge	decode	1	9	76862
large record	surge	decode	2	1	75605
large record	surge	decode	2	2	76116
large record	surge	decode	2	3	75496
large record	surge	decode	2	4	75472
large record	surge	decode	2	5	75852
large record	surge	decode	2	6	75819
large record	surge	decode	2	7	75014
large record	surge	decode	2	8	74879
large record	surge	decode	2	9	75957
large record	fbs	encode	1	1	79430
large record	fbs	encode	1	2	79247
large record	fbs	encode	1	3	78148
large record	fbs	encode	1	4	80024
large record	fbs	encode	1	5	78586
large record	fbs	encode	1	6	79840
large record	fbs	encode	1	7	79636
large record	fbs	encode	1	8	79978
large record	fbs	encode	1	9	78123
large record	fbs	encode	2	1	95631
large record	fbs	encode	2	2	97370
large record	fbs	encode	2	3	95416
large record	fbs	encode	2	4	95717
large record	fbs	encode	2	5	98506
large record	fbs	encode	2	6	99195
large record	fbs	encode	2	7	97367
large record	fbs	encode	2	8	97738
large record	fbs	encode	2	9	98165
large record	fbs	decode	1	1	54410
large record	fbs	decode	1	2	53900
large record	fbs	decode	1	3	55283
large record	fbs	decode	1	4	54213
large record	fbs	decode	1	5	55012
large record	fbs	decode	1	6	55149
large record	fbs	decode	1	7	54869
large record	fbs	decode	1	8	54433
large record	fbs	decode	1	9	55261
large record	fbs	decode	2	1	54912
large record	fbs	decode	2	2	54502
large record	fbs	decode	2	3	53982
large record	fbs	decode	2	4	54857
large record	fbs	decode	2	5	54416
large record	fbs	decode	2	6	54737
large record	fbs	decode	2	7	52924
large record	fbs	decode	2	8	54252
large record	fbs	decode	2	9	54529
large record	serio	encode	1	1	11950
large record	serio	encode	1	2	12092
large record	serio	encode	1	3	12005
large record	serio	encode	1	4	12165
large record	serio	encode	1	5	12014
large record	serio	encode	1	6	11987
large record	serio	encode	1	7	12280
large record	serio	encode	1	8	12076
large record	serio	encode	1	9	12197
large record	serio	encode	2	1	12083
large record	serio	encode	2	2	12018
large record	serio	encode	2	3	12042
large record	serio	encode	2	4	11865
large record	serio	encode	2	5	12039
large record	serio	encode	2	6	12073
large record	serio	encode	2	7	12176
large record	serio	encode	2	8	12010
large record	serio	encode	2	9	12024
large record	serio	decode	1	1	25162
large record	serio	decode	1	2	24805
large record	serio	decode	1	3	25261
large record	serio	decode	1	4	25233
large record	serio	decode	1	5	25130
large record	serio	decode	1	6	25030
large record	serio	decode	1	7	25360
large record	serio	decode	1	8	25103
large record	serio	decode	1	9	25193
large record	serio	decode	2	1	25050
large record	serio	decode	2	2	24889
large record	serio	decode	2	3	25263
large record	serio	decode	2	4	24905
large record	serio	decode	2	5	25124
large record	serio	decode	2	6	25008
large record	serio	decode	2	7	24641
large record	serio	decode	2	8	24929
large record	serio	decode	2	9	25188
large record	blink	encode	1	1	67171
large record	blink	encode	1	2	63901
large record	blink	encode	1	3	66570
large record	blink	encode	1	4	66577
large record	blink	encode	1	5	66668
large record	blink	encode	1	6	66743
large record	blink	encode	1	7	65857
large record	blink	encode	1	8	66773
large record	blink	encode	1	9	65999
large record	blink	encode	2	1	66689
large record	blink	encode	2	2	66724
large record	blink	encode	2	3	66301
large record	blink	encode	2	4	66291
large record	blink	encode	2	5	66975
large record	blink	encode	2	6	66852
large record	blink	encode	2	7	65783
large record	blink	encode	2	8	66855
large record	blink	encode	2	9	66007
large record	blink	decode	1	1	72759
large record	blink	decode	1	2	72321
large record	blink	decode	1	3	70783
large record	blink	decode	1	4	72031
large record	blink	decode	1	5	72340
large record	blink	decode	1	6	72531
large record	blink	decode	1	7	71589
large record	blink	decode	1	8	72451
large record	blink	decode	1	9	72446
large record	blink	decode	2	1	70851
large record	blink	decode	2	2	72018
large record	blink	decode	2	3	71124
large record	blink	decode	2	4	71338
large record	blink	decode	2	5	71292
large record	blink	decode	2	6	72308
large record	blink	decode	2	7	69489
large record	blink	decode	2	8	71080
large record	blink	decode	2	9	71833
string-heavy	surge	encode	1	1	311351
string-heavy	surge	encode	1	2	325819
string-heavy	surge	encode	1	3	321886
string-heavy	surge	encode	1	4	318357
string-heavy	surge	encode	1	5	317893
string-heavy	surge	encode	1	6	318923
string-heavy	surge	encode	1	7	324593
string-heavy	surge	encode	1	8	314265
string-heavy	surge	encode	1	9	324662
string-heavy	surge	encode	2	1	260370
string-heavy	surge	encode	2	2	250848
string-heavy	surge	encode	2	3	254105
string-heavy	surge	encode	2	4	255485
string-heavy	surge	encode	2	5	256917
string-heavy	surge	encode	2	6	254860
string-heavy	surge	encode	2	7	257487
string-heavy	surge	encode	2	8	257019
string-heavy	surge	encode	2	9	258630
string-heavy	surge	decode	1	1	218481
string-heavy	surge	decode	1	2	221899
string-heavy	surge	decode	1	3	220954
string-heavy	surge	decode	1	4	220964
string-heavy	surge	decode	1	5	219388
string-heavy	surge	decode	1	6	216953
string-heavy	surge	decode	1	7	215833
string-heavy	surge	decode	1	8	221324
string-heavy	surge	decode	1	9	218569
string-heavy	surge	decode	2	1	214644
string-heavy	surge	decode	2	2	214654
string-heavy	surge	decode	2	3	214475
string-heavy	surge	decode	2	4	216908
string-heavy	surge	decode	2	5	214307
string-heavy	surge	decode	2	6	213998
string-heavy	surge	decode	2	7	216857
string-heavy	surge	decode	2	8	216003
string-heavy	surge	decode	2	9	217512
string-heavy	fbs	encode	1	1	164076
string-heavy	fbs	encode	1	2	166483
string-heavy	fbs	encode	1	3	168807
string-heavy	fbs	encode	1	4	164127
string-heavy	fbs	encode	1	5	164578
string-heavy	fbs	encode	1	6	165284
string-heavy	fbs	encode	1	7	166321
string-heavy	fbs	encode	1	8	167493
string-heavy	fbs	encode	1	9	162681
string-heavy	fbs	encode	2	1	220537
string-heavy	fbs	encode	2	2	222067
string-heavy	fbs	encode	2	3	216497
string-heavy	fbs	encode	2	4	222021
string-heavy	fbs	encode	2	5	217309
string-heavy	fbs	encode	2	6	220743
string-heavy	fbs	encode	2	7	219589
string-heavy	fbs	encode	2	8	217234
string-heavy	fbs	encode	2	9	218978
string-heavy	fbs	decode	1	1	173812
string-heavy	fbs	decode	1	2	175166
string-heavy	fbs	decode	1	3	175146
string-heavy	fbs	decode	1	4	173491
string-heavy	fbs	decode	1	5	174628
string-heavy	fbs	decode	1	6	173471
string-heavy	fbs	decode	1	7	173025
string-heavy	fbs	decode	1	8	172653
string-heavy	fbs	decode	1	9	173840
string-heavy	fbs	decode	2	1	165072
string-heavy	fbs	decode	2	2	173421
string-heavy	fbs	decode	2	3	171955
string-heavy	fbs	decode	2	4	172264
string-heavy	fbs	decode	2	5	173856
string-heavy	fbs	decode	2	6	174870
string-heavy	fbs	decode	2	7	173283
string-heavy	fbs	decode	2	8	172070
string-heavy	fbs	decode	2	9	172305
string-heavy	serio	encode	1	1	31419
string-heavy	serio	encode	1	2	31172
string-heavy	serio	encode	1	3	31083
string-heavy	serio	encode	1	4	31095
string-heavy	serio	encode	1	5	31540
string-heavy	serio	encode	1	6	31702
string-heavy	serio	encode	1	7	31168
string-heavy	serio	encode	1	8	30998
string-heavy	serio	encode	1	9	31335
string-heavy	serio	encode	2	1	32225
string-heavy	serio	encode	2	2	32105
string-heavy	serio	encode	2	3	32039
string-heavy	serio	encode	2	4	31607
string-heavy	serio	encode	2	5	32029
string-heavy	serio	encode	2	6	32202
string-heavy	serio	encode	2	7	32169
string-heavy	serio	encode	2	8	32420
string-heavy	serio	encode	2	9	32477
string-heavy	serio	decode	1	1	59009
string-heavy	serio	decode	1	2	60744
string-heavy	serio	decode	1	3	60047
string-heavy	serio	decode	1	4	59318
string-heavy	serio	decode	1	5	60339
string-heavy	serio	decode	1	6	60104
string-heavy	serio	decode	1	7	60351
string-heavy	serio	decode	1	8	60640
string-heavy	serio	decode	1	9	59477
string-heavy	serio	decode	2	1	59741
string-heavy	serio	decode	2	2	59515
string-heavy	serio	decode	2	3	59316
string-heavy	serio	decode	2	4	59351
string-heavy	serio	decode	2	5	59984
string-heavy	serio	decode	2	6	59720
string-heavy	serio	decode	2	7	59571
string-heavy	serio	decode	2	8	58638
string-heavy	serio	decode	2	9	59599
string-heavy	blink	encode	1	1	126868
string-heavy	blink	encode	1	2	125834
string-heavy	blink	encode	1	3	130728
string-heavy	blink	encode	1	4	126797
string-heavy	blink	encode	1	5	128574
string-heavy	blink	encode	1	6	125856
string-heavy	blink	encode	1	7	127085
string-heavy	blink	encode	1	8	129545
string-heavy	blink	encode	1	9	129480
string-heavy	blink	encode	2	1	130186
string-heavy	blink	encode	2	2	128830
string-heavy	blink	encode	2	3	128342
string-heavy	blink	encode	2	4	129310
string-heavy	blink	encode	2	5	127477
string-heavy	blink	encode	2	6	129914
string-heavy	blink	encode	2	7	127592
string-heavy	blink	encode	2	8	128953
string-heavy	blink	encode	2	9	125898
string-heavy	blink	decode	1	1	224456
string-heavy	blink	decode	1	2	226217
string-heavy	blink	decode	1	3	226825
string-heavy	blink	decode	1	4	226863
string-heavy	blink	decode	1	5	226612
string-heavy	blink	decode	1	6	228552
string-heavy	blink	decode	1	7	225406
string-heavy	blink	decode	1	8	227297
string-heavy	blink	decode	1	9	228100
string-heavy	blink	decode	2	1	227332
string-heavy	blink	decode	2	2	228324
string-heavy	blink	decode	2	3	227660
string-heavy	blink	decode	2	4	227221
string-heavy	blink	decode	2	5	226049
string-heavy	blink	decode	2	6	225963
string-heavy	blink	decode	2	7	226676
string-heavy	blink	decode	2	8	226204
string-heavy	blink	decode	2	9	225692
leaderboard	surge	encode	1	1	504793
leaderboard	surge	encode	1	2	508321
leaderboard	surge	encode	1	3	508717
leaderboard	surge	encode	1	4	500963
leaderboard	surge	encode	1	5	512522
leaderboard	surge	encode	1	6	504880
leaderboard	surge	encode	1	7	514158
leaderboard	surge	encode	1	8	495005
leaderboard	surge	encode	1	9	513465
leaderboard	surge	encode	2	1	496822
leaderboard	surge	encode	2	2	483459
leaderboard	surge	encode	2	3	491645
leaderboard	surge	encode	2	4	497345
leaderboard	surge	encode	2	5	499627
leaderboard	surge	encode	2	6	490511
leaderboard	surge	encode	2	7	488096
leaderboard	surge	encode	2	8	479970
leaderboard	surge	encode	2	9	496469
leaderboard	surge	decode	1	1	153676
leaderboard	surge	decode	1	2	172190
leaderboard	surge	decode	1	3	172320
leaderboard	surge	decode	1	4	170051
leaderboard	surge	decode	1	5	169062
leaderboard	surge	decode	1	6	166190
leaderboard	surge	decode	1	7	168965
leaderboard	surge	decode	1	8	168492
leaderboard	surge	decode	1	9	161926
leaderboard	surge	decode	2	1	167542
leaderboard	surge	decode	2	2	165645
leaderboard	surge	decode	2	3	167538
leaderboard	surge	decode	2	4	166056
leaderboard	surge	decode	2	5	168697
leaderboard	surge	decode	2	6	169494
leaderboard	surge	decode	2	7	163535
leaderboard	surge	decode	2	8	166191
leaderboard	surge	decode	2	9	169352
leaderboard	fbs	encode	1	1	165923
leaderboard	fbs	encode	1	2	160523
leaderboard	fbs	encode	1	3	161440
leaderboard	fbs	encode	1	4	164147
leaderboard	fbs	encode	1	5	166351
leaderboard	fbs	encode	1	6	162906
leaderboard	fbs	encode	1	7	158489
leaderboard	fbs	encode	1	8	162696
leaderboard	fbs	encode	1	9	164205
leaderboard	fbs	encode	2	1	180206
leaderboard	fbs	encode	2	2	182354
leaderboard	fbs	encode	2	3	176247
leaderboard	fbs	encode	2	4	177811
leaderboard	fbs	encode	2	5	181826
leaderboard	fbs	encode	2	6	177247
leaderboard	fbs	encode	2	7	181127
leaderboard	fbs	encode	2	8	178808
leaderboard	fbs	encode	2	9	179548
leaderboard	fbs	decode	1	1	90828
leaderboard	fbs	decode	1	2	93553
leaderboard	fbs	decode	1	3	95081
leaderboard	fbs	decode	1	4	96328
leaderboard	fbs	decode	1	5	93436
leaderboard	fbs	decode	1	6	95355
leaderboard	fbs	decode	1	7	94655
leaderboard	fbs	decode	1	8	95311
leaderboard	fbs	decode	1	9	94920
leaderboard	fbs	decode	2	1	95801
leaderboard	fbs	decode	2	2	95140
leaderboard	fbs	decode	2	3	97206
leaderboard	fbs	decode	2	4	95933
leaderboard	fbs	decode	2	5	95610
leaderboard	fbs	decode	2	6	96072
leaderboard	fbs	decode	2	7	96570
leaderboard	fbs	decode	2	8	96631
leaderboard	fbs	decode	2	9	95564
leaderboard	serio	encode	1	1	26912
leaderboard	serio	encode	1	2	27114
leaderboard	serio	encode	1	3	26619
leaderboard	serio	encode	1	4	26772
leaderboard	serio	encode	1	5	27054
leaderboard	serio	encode	1	6	26618
leaderboard	serio	encode	1	7	26803
leaderboard	serio	encode	1	8	26825
leaderboard	serio	encode	1	9	26695
leaderboard	serio	encode	2	1	26397
leaderboard	serio	encode	2	2	26526
leaderboard	serio	encode	2	3	26846
leaderboard	serio	encode	2	4	26447
leaderboard	serio	encode	2	5	26331
leaderboard	serio	encode	2	6	26195
leaderboard	serio	encode	2	7	26618
leaderboard	serio	encode	2	8	26070
leaderboard	serio	encode	2	9	26752
leaderboard	serio	decode	1	1	43282
leaderboard	serio	decode	1	2	42734
leaderboard	serio	decode	1	3	43168
leaderboard	serio	decode	1	4	42936
leaderboard	serio	decode	1	5	43280
leaderboard	serio	decode	1	6	43174
leaderboard	serio	decode	1	7	43720
leaderboard	serio	decode	1	8	43208
leaderboard	serio	decode	1	9	43527
leaderboard	serio	decode	2	1	43162
leaderboard	serio	decode	2	2	43165
leaderboard	serio	decode	2	3	42813
leaderboard	serio	decode	2	4	43401
leaderboard	serio	decode	2	5	42530
leaderboard	serio	decode	2	6	42774
leaderboard	serio	decode	2	7	43575
leaderboard	serio	decode	2	8	42900
leaderboard	serio	decode	2	9	43295
leaderboard	blink	encode	1	1	213412
leaderboard	blink	encode	1	2	217667
leaderboard	blink	encode	1	3	217514
leaderboard	blink	encode	1	4	214447
leaderboard	blink	encode	1	5	213744
leaderboard	blink	encode	1	6	215543
leaderboard	blink	encode	1	7	209952
leaderboard	blink	encode	1	8	214998
leaderboard	blink	encode	1	9	219079
leaderboard	blink	encode	2	1	207835
leaderboard	blink	encode	2	2	209297
leaderboard	blink	encode	2	3	206443
leaderboard	blink	encode	2	4	207164
leaderboard	blink	encode	2	5	205527
leaderboard	blink	encode	2	6	206758
leaderboard	blink	encode	2	7	206505
leaderboard	blink	encode	2	8	197000
leaderboard	blink	encode	2	9	208420
leaderboard	blink	decode	1	1	97181
leaderboard	blink	decode	1	2	96576
leaderboard	blink	decode	1	3	98850
leaderboard	blink	decode	1	4	97437
leaderboard	blink	decode	1	5	97132
leaderboard	blink	decode	1	6	96325
leaderboard	blink	decode	1	7	96223
leaderboard	blink	decode	1	8	95933
leaderboard	blink	decode	1	9	96862
leaderboard	blink	decode	2	1	96867
leaderboard	blink	decode	2	2	98674
leaderboard	blink	decode	2	3	97925
leaderboard	blink	decode	2	4	97312
leaderboard	blink	decode	2	5	94801
leaderboard	blink	decode	2	6	96088
leaderboard	blink	decode	2	7	97485
leaderboard	blink	decode	2	8	97053
leaderboard	blink	decode	2	9	96740
leaderboard	baseline	encode	1	1	526130
leaderboard	baseline	encode	1	2	513370
leaderboard	baseline	encode	1	3	521453
leaderboard	baseline	encode	1	4	525957
leaderboard	baseline	encode	1	5	511297
leaderboard	baseline	encode	1	6	530721
leaderboard	baseline	encode	1	7	511167
leaderboard	baseline	encode	1	8	524826
leaderboard	baseline	encode	1	9	517318
leaderboard	baseline	encode	2	1	511494
leaderboard	baseline	encode	2	2	509912
leaderboard	baseline	encode	2	3	510493
leaderboard	baseline	encode	2	4	507293
leaderboard	baseline	encode	2	5	507060
leaderboard	baseline	encode	2	6	509405
leaderboard	baseline	encode	2	7	501228
leaderboard	baseline	encode	2	8	487393
leaderboard	baseline	encode	2	9	502397
leaderboard	baseline	decode	1	1	158224
leaderboard	baseline	decode	1	2	161249
leaderboard	baseline	decode	1	3	159715
leaderboard	baseline	decode	1	4	160438
leaderboard	baseline	decode	1	5	158727
leaderboard	baseline	decode	1	6	159244
leaderboard	baseline	decode	1	7	161991
leaderboard	baseline	decode	1	8	162662
leaderboard	baseline	decode	1	9	165034
leaderboard	baseline	decode	2	1	161948
leaderboard	baseline	decode	2	2	159772
leaderboard	baseline	decode	2	3	159700
leaderboard	baseline	decode	2	4	160666
leaderboard	baseline	decode	2	5	159071
leaderboard	baseline	decode	2	6	162980
leaderboard	baseline	decode	2	7	160827
leaderboard	baseline	decode	2	8	158233
leaderboard	baseline	decode	2	9	158353
enum-heavy	surge	encode	1	1	328746
enum-heavy	surge	encode	1	2	324280
enum-heavy	surge	encode	1	3	324945
enum-heavy	surge	encode	1	4	332388
enum-heavy	surge	encode	1	5	323923
enum-heavy	surge	encode	1	6	334208
enum-heavy	surge	encode	1	7	321922
enum-heavy	surge	encode	1	8	325856
enum-heavy	surge	encode	1	9	326350
enum-heavy	surge	encode	2	1	318354
enum-heavy	surge	encode	2	2	316294
enum-heavy	surge	encode	2	3	320368
enum-heavy	surge	encode	2	4	315030
enum-heavy	surge	encode	2	5	321639
enum-heavy	surge	encode	2	6	319398
enum-heavy	surge	encode	2	7	316080
enum-heavy	surge	encode	2	8	316463
enum-heavy	surge	encode	2	9	323009
enum-heavy	surge	decode	1	1	794681
enum-heavy	surge	decode	1	2	786900
enum-heavy	surge	decode	1	3	783694
enum-heavy	surge	decode	1	4	770194
enum-heavy	surge	decode	1	5	786589
enum-heavy	surge	decode	1	6	789775
enum-heavy	surge	decode	1	7	791551
enum-heavy	surge	decode	1	8	785383
enum-heavy	surge	decode	1	9	792480
enum-heavy	surge	decode	2	1	787741
enum-heavy	surge	decode	2	2	775476
enum-heavy	surge	decode	2	3	785244
enum-heavy	surge	decode	2	4	777849
enum-heavy	surge	decode	2	5	779405
enum-heavy	surge	decode	2	6	787124
enum-heavy	surge	decode	2	7	779573
enum-heavy	surge	decode	2	8	779393
enum-heavy	surge	decode	2	9	779201
enum-heavy	fbs	encode	1	1	85444
enum-heavy	fbs	encode	1	2	85281
enum-heavy	fbs	encode	1	3	85719
enum-heavy	fbs	encode	1	4	85208
enum-heavy	fbs	encode	1	5	86101
enum-heavy	fbs	encode	1	6	85079
enum-heavy	fbs	encode	1	7	85809
enum-heavy	fbs	encode	1	8	85970
enum-heavy	fbs	encode	1	9	84557
enum-heavy	fbs	encode	2	1	85258
enum-heavy	fbs	encode	2	2	85374
enum-heavy	fbs	encode	2	3	85387
enum-heavy	fbs	encode	2	4	85549
enum-heavy	fbs	encode	2	5	85888
enum-heavy	fbs	encode	2	6	84812
enum-heavy	fbs	encode	2	7	86373
enum-heavy	fbs	encode	2	8	85258
enum-heavy	fbs	encode	2	9	85160
enum-heavy	fbs	decode	1	1	270958
enum-heavy	fbs	decode	1	2	269967
enum-heavy	fbs	decode	1	3	273330
enum-heavy	fbs	decode	1	4	272944
enum-heavy	fbs	decode	1	5	276260
enum-heavy	fbs	decode	1	6	274226
enum-heavy	fbs	decode	1	7	271148
enum-heavy	fbs	decode	1	8	275151
enum-heavy	fbs	decode	1	9	269653
enum-heavy	fbs	decode	2	1	273703
enum-heavy	fbs	decode	2	2	275444
enum-heavy	fbs	decode	2	3	273394
enum-heavy	fbs	decode	2	4	269875
enum-heavy	fbs	decode	2	5	272848
enum-heavy	fbs	decode	2	6	273764
enum-heavy	fbs	decode	2	7	271069
enum-heavy	fbs	decode	2	8	269910
enum-heavy	fbs	decode	2	9	275249
enum-heavy	serio	encode	1	1	41792
enum-heavy	serio	encode	1	2	42315
enum-heavy	serio	encode	1	3	41821
enum-heavy	serio	encode	1	4	41768
enum-heavy	serio	encode	1	5	41725
enum-heavy	serio	encode	1	6	41498
enum-heavy	serio	encode	1	7	41935
enum-heavy	serio	encode	1	8	41324
enum-heavy	serio	encode	1	9	41404
enum-heavy	serio	encode	2	1	42031
enum-heavy	serio	encode	2	2	42081
enum-heavy	serio	encode	2	3	41970
enum-heavy	serio	encode	2	4	42169
enum-heavy	serio	encode	2	5	42020
enum-heavy	serio	encode	2	6	42101
enum-heavy	serio	encode	2	7	42165
enum-heavy	serio	encode	2	8	41927
enum-heavy	serio	encode	2	9	41871
enum-heavy	serio	decode	1	1	108197
enum-heavy	serio	decode	1	2	109011
enum-heavy	serio	decode	1	3	108932
enum-heavy	serio	decode	1	4	108107
enum-heavy	serio	decode	1	5	106987
enum-heavy	serio	decode	1	6	108357
enum-heavy	serio	decode	1	7	107970
enum-heavy	serio	decode	1	8	106707
enum-heavy	serio	decode	1	9	109758
enum-heavy	serio	decode	2	1	109195
enum-heavy	serio	decode	2	2	108726
enum-heavy	serio	decode	2	3	108216
enum-heavy	serio	decode	2	4	107620
enum-heavy	serio	decode	2	5	106361
enum-heavy	serio	decode	2	6	109472
enum-heavy	serio	decode	2	7	109228
enum-heavy	serio	decode	2	8	108728
enum-heavy	serio	decode	2	9	109009
tagged union	surge	encode	1	1	369403
tagged union	surge	encode	1	2	366165
tagged union	surge	encode	1	3	355039
tagged union	surge	encode	1	4	365554
tagged union	surge	encode	1	5	360727
tagged union	surge	encode	1	6	362990
tagged union	surge	encode	1	7	361513
tagged union	surge	encode	1	8	366500
tagged union	surge	encode	1	9	364131
tagged union	surge	encode	2	1	344907
tagged union	surge	encode	2	2	347250
tagged union	surge	encode	2	3	343616
tagged union	surge	encode	2	4	348000
tagged union	surge	encode	2	5	343771
tagged union	surge	encode	2	6	344617
tagged union	surge	encode	2	7	343070
tagged union	surge	encode	2	8	344845
tagged union	surge	encode	2	9	347414
tagged union	surge	decode	1	1	103867
tagged union	surge	decode	1	2	101198
tagged union	surge	decode	1	3	102811
tagged union	surge	decode	1	4	100491
tagged union	surge	decode	1	5	102253
tagged union	surge	decode	1	6	100179
tagged union	surge	decode	1	7	103114
tagged union	surge	decode	1	8	100719
tagged union	surge	decode	1	9	99220
tagged union	surge	decode	2	1	100279
tagged union	surge	decode	2	2	101679
tagged union	surge	decode	2	3	102482
tagged union	surge	decode	2	4	99358
tagged union	surge	decode	2	5	97349
tagged union	surge	decode	2	6	102014
tagged union	surge	decode	2	7	88962
tagged union	surge	decode	2	8	100151
tagged union	surge	decode	2	9	101261
tagged union	fbs	encode	1	1	88413
tagged union	fbs	encode	1	2	88897
tagged union	fbs	encode	1	3	89334
tagged union	fbs	encode	1	4	91249
tagged union	fbs	encode	1	5	88711
tagged union	fbs	encode	1	6	91238
tagged union	fbs	encode	1	7	89998
tagged union	fbs	encode	1	8	89308
tagged union	fbs	encode	1	9	90448
tagged union	fbs	encode	2	1	91636
tagged union	fbs	encode	2	2	90831
tagged union	fbs	encode	2	3	89372
tagged union	fbs	encode	2	4	89233
tagged union	fbs	encode	2	5	88928
tagged union	fbs	encode	2	6	88718
tagged union	fbs	encode	2	7	88634
tagged union	fbs	encode	2	8	88717
tagged union	fbs	encode	2	9	88396
tagged union	fbs	decode	1	1	44919
tagged union	fbs	decode	1	2	44804
tagged union	fbs	decode	1	3	45128
tagged union	fbs	decode	1	4	45361
tagged union	fbs	decode	1	5	44995
tagged union	fbs	decode	1	6	45567
tagged union	fbs	decode	1	7	45267
tagged union	fbs	decode	1	8	46292
tagged union	fbs	decode	1	9	44753
tagged union	fbs	decode	2	1	45243
tagged union	fbs	decode	2	2	45621
tagged union	fbs	decode	2	3	44734
tagged union	fbs	decode	2	4	45109
tagged union	fbs	decode	2	5	44763
tagged union	fbs	decode	2	6	44695
tagged union	fbs	decode	2	7	42907
tagged union	fbs	decode	2	8	44932
tagged union	fbs	decode	2	9	45294
tagged union	serio	encode	1	1	13407
tagged union	serio	encode	1	2	13161
tagged union	serio	encode	1	3	13382
tagged union	serio	encode	1	4	13374
tagged union	serio	encode	1	5	13425
tagged union	serio	encode	1	6	13308
tagged union	serio	encode	1	7	13333
tagged union	serio	encode	1	8	13311
tagged union	serio	encode	1	9	13312
tagged union	serio	encode	2	1	13388
tagged union	serio	encode	2	2	13505
tagged union	serio	encode	2	3	12603
tagged union	serio	encode	2	4	12743
tagged union	serio	encode	2	5	12704
tagged union	serio	encode	2	6	12734
tagged union	serio	encode	2	7	12683
tagged union	serio	encode	2	8	12688
tagged union	serio	encode	2	9	12697
tagged union	serio	decode	1	1	20049
tagged union	serio	decode	1	2	20150
tagged union	serio	decode	1	3	19892
tagged union	serio	decode	1	4	20330
tagged union	serio	decode	1	5	20402
tagged union	serio	decode	1	6	19752
tagged union	serio	decode	1	7	20081
tagged union	serio	decode	1	8	19716
tagged union	serio	decode	1	9	19967
tagged union	serio	decode	2	1	19997
tagged union	serio	decode	2	2	19641
tagged union	serio	decode	2	3	20265
tagged union	serio	decode	2	4	19907
tagged union	serio	decode	2	5	20313
tagged union	serio	decode	2	6	19878
tagged union	serio	decode	2	7	19660
tagged union	serio	decode	2	8	19701
tagged union	serio	decode	2	9	19929
tagged union	blink	encode	1	1	147615
tagged union	blink	encode	1	2	149496
tagged union	blink	encode	1	3	136272
tagged union	blink	encode	1	4	146167
tagged union	blink	encode	1	5	146727
tagged union	blink	encode	1	6	147135
tagged union	blink	encode	1	7	147060
tagged union	blink	encode	1	8	148545
tagged union	blink	encode	1	9	147105
tagged union	blink	encode	2	1	141878
tagged union	blink	encode	2	2	141138
tagged union	blink	encode	2	3	143958
tagged union	blink	encode	2	4	144067
tagged union	blink	encode	2	5	145243
tagged union	blink	encode	2	6	145604
tagged union	blink	encode	2	7	145022
tagged union	blink	encode	2	8	145814
tagged union	blink	encode	2	9	144892
tagged union	blink	decode	1	1	57390
tagged union	blink	decode	1	2	58174
tagged union	blink	decode	1	3	58681
tagged union	blink	decode	1	4	57808
tagged union	blink	decode	1	5	58034
tagged union	blink	decode	1	6	58085
tagged union	blink	decode	1	7	58430
tagged union	blink	decode	1	8	57972
tagged union	blink	decode	1	9	58120
tagged union	blink	decode	2	1	57445
tagged union	blink	decode	2	2	57774
tagged union	blink	decode	2	3	55666
tagged union	blink	decode	2	4	56789
tagged union	blink	decode	2	5	56415
tagged union	blink	decode	2	6	56146
tagged union	blink	decode	2	7	55864
tagged union	blink	decode	2	8	56552
tagged union	blink	decode	2	9	56925
tagged union	baseline	encode	1	1	388406
tagged union	baseline	encode	1	2	387076
tagged union	baseline	encode	1	3	377320
tagged union	baseline	encode	1	4	397025
tagged union	baseline	encode	1	5	387247
tagged union	baseline	encode	1	6	389924
tagged union	baseline	encode	1	7	386711
tagged union	baseline	encode	1	8	381011
tagged union	baseline	encode	1	9	382077
tagged union	baseline	encode	2	1	362388
tagged union	baseline	encode	2	2	366847
tagged union	baseline	encode	2	3	362733
tagged union	baseline	encode	2	4	363286
tagged union	baseline	encode	2	5	364372
tagged union	baseline	encode	2	6	361305
tagged union	baseline	encode	2	7	363009
tagged union	baseline	encode	2	8	363845
tagged union	baseline	encode	2	9	365296
tagged union	baseline	decode	1	1	101114
tagged union	baseline	decode	1	2	101218
tagged union	baseline	decode	1	3	98210
tagged union	baseline	decode	1	4	100274
tagged union	baseline	decode	1	5	96859
tagged union	baseline	decode	1	6	101199
tagged union	baseline	decode	1	7	100322
tagged union	baseline	decode	1	8	102809
tagged union	baseline	decode	1	9	100714
tagged union	baseline	decode	2	1	98629
tagged union	baseline	decode	2	2	99856
tagged union	baseline	decode	2	3	102572
tagged union	baseline	decode	2	4	100971
tagged union	baseline	decode	2	5	100630
tagged union	baseline	decode	2	6	91247
tagged union	baseline	decode	2	7	101558
tagged union	baseline	decode	2	8	100716
tagged union	baseline	decode	2	9	99689
guarded union	surge	encode	1	1	641591
guarded union	surge	encode	1	2	637990
guarded union	surge	encode	1	3	651216
guarded union	surge	encode	1	4	643465
guarded union	surge	encode	1	5	644191
guarded union	surge	encode	1	6	643381
guarded union	surge	encode	1	7	649431
guarded union	surge	encode	1	8	650605
guarded union	surge	encode	1	9	650190
guarded union	surge	encode	2	1	644289
guarded union	surge	encode	2	2	648529
guarded union	surge	encode	2	3	632417
guarded union	surge	encode	2	4	642373
guarded union	surge	encode	2	5	644365
guarded union	surge	encode	2	6	622450
guarded union	surge	encode	2	7	654151
guarded union	surge	encode	2	8	639611
guarded union	surge	encode	2	9	653677
guarded union	surge	decode	1	1	463240
guarded union	surge	decode	1	2	462328
guarded union	surge	decode	1	3	449473
guarded union	surge	decode	1	4	461124
guarded union	surge	decode	1	5	465915
guarded union	surge	decode	1	6	458361
guarded union	surge	decode	1	7	463013
guarded union	surge	decode	1	8	458298
guarded union	surge	decode	1	9	462067
guarded union	surge	decode	2	1	462624
guarded union	surge	decode	2	2	463299
guarded union	surge	decode	2	3	460568
guarded union	surge	decode	2	4	454112
guarded union	surge	decode	2	5	457644
guarded union	surge	decode	2	6	460416
guarded union	surge	decode	2	7	463740
guarded union	surge	decode	2	8	459307
guarded union	surge	decode	2	9	460660
guarded union	fbs	encode	1	1	73098
guarded union	fbs	encode	1	2	73794
guarded union	fbs	encode	1	3	73180
guarded union	fbs	encode	1	4	72596
guarded union	fbs	encode	1	5	71868
guarded union	fbs	encode	1	6	72851
guarded union	fbs	encode	1	7	72253
guarded union	fbs	encode	1	8	72201
guarded union	fbs	encode	1	9	71945
guarded union	fbs	encode	2	1	73376
guarded union	fbs	encode	2	2	73181
guarded union	fbs	encode	2	3	72906
guarded union	fbs	encode	2	4	73219
guarded union	fbs	encode	2	5	72631
guarded union	fbs	encode	2	6	72623
guarded union	fbs	encode	2	7	72297
guarded union	fbs	encode	2	8	73447
guarded union	fbs	encode	2	9	72368
guarded union	fbs	decode	1	1	157895
guarded union	fbs	decode	1	2	157490
guarded union	fbs	decode	1	3	158421
guarded union	fbs	decode	1	4	154011
guarded union	fbs	decode	1	5	158202
guarded union	fbs	decode	1	6	156548
guarded union	fbs	decode	1	7	160204
guarded union	fbs	decode	1	8	153333
guarded union	fbs	decode	1	9	157224
guarded union	fbs	decode	2	1	157686
guarded union	fbs	decode	2	2	161673
guarded union	fbs	decode	2	3	157364
guarded union	fbs	decode	2	4	159942
guarded union	fbs	decode	2	5	159154
guarded union	fbs	decode	2	6	158209
guarded union	fbs	decode	2	7	157939
guarded union	fbs	decode	2	8	157604
guarded union	fbs	decode	2	9	158476
guarded union	serio	encode	1	1	20142
guarded union	serio	encode	1	2	20089
guarded union	serio	encode	1	3	20265
guarded union	serio	encode	1	4	20304
guarded union	serio	encode	1	5	19981
guarded union	serio	encode	1	6	20161
guarded union	serio	encode	1	7	20091
guarded union	serio	encode	1	8	20341
guarded union	serio	encode	1	9	20098
guarded union	serio	encode	2	1	19932
guarded union	serio	encode	2	2	20110
guarded union	serio	encode	2	3	20002
guarded union	serio	encode	2	4	20021
guarded union	serio	encode	2	5	19861
guarded union	serio	encode	2	6	19875
guarded union	serio	encode	2	7	19973
guarded union	serio	encode	2	8	19928
guarded union	serio	encode	2	9	20078
guarded union	serio	decode	1	1	46524
guarded union	serio	decode	1	2	47167
guarded union	serio	decode	1	3	46806
guarded union	serio	decode	1	4	47188
guarded union	serio	decode	1	5	46832
guarded union	serio	decode	1	6	47079
guarded union	serio	decode	1	7	46974
guarded union	serio	decode	1	8	45743
guarded union	serio	decode	1	9	47285
guarded union	serio	decode	2	1	46849
guarded union	serio	decode	2	2	46555
guarded union	serio	decode	2	3	46656
guarded union	serio	decode	2	4	47072
guarded union	serio	decode	2	5	46781
guarded union	serio	decode	2	6	46680
guarded union	serio	decode	2	7	47240
guarded union	serio	decode	2	8	46628
guarded union	serio	decode	2	9	47384
tree	surge	encode	1	1	471544
tree	surge	encode	1	2	472948
tree	surge	encode	1	3	474849
tree	surge	encode	1	4	483314
tree	surge	encode	1	5	474965
tree	surge	encode	1	6	474019
tree	surge	encode	1	7	472939
tree	surge	encode	1	8	472695
tree	surge	encode	1	9	467253
tree	surge	encode	2	1	441102
tree	surge	encode	2	2	444690
tree	surge	encode	2	3	450823
tree	surge	encode	2	4	443900
tree	surge	encode	2	5	426569
tree	surge	encode	2	6	443986
tree	surge	encode	2	7	447484
tree	surge	encode	2	8	452620
tree	surge	encode	2	9	441404
tree	surge	decode	1	1	100235
tree	surge	decode	1	2	101248
tree	surge	decode	1	3	95072
tree	surge	decode	1	4	92474
tree	surge	decode	1	5	92852
tree	surge	decode	1	6	99442
tree	surge	decode	1	7	97955
tree	surge	decode	1	8	101485
tree	surge	decode	1	9	102287
tree	surge	decode	2	1	98554
tree	surge	decode	2	2	97865
tree	surge	decode	2	3	98674
tree	surge	decode	2	4	98469
tree	surge	decode	2	5	96199
tree	surge	decode	2	6	99654
tree	surge	decode	2	7	98924
tree	surge	decode	2	8	99555
tree	surge	decode	2	9	98982
tree	baseline	encode	1	1	449068
tree	baseline	encode	1	2	455933
tree	baseline	encode	1	3	447586
tree	baseline	encode	1	4	447095
tree	baseline	encode	1	5	443012
tree	baseline	encode	1	6	453866
tree	baseline	encode	1	7	452296
tree	baseline	encode	1	8	449061
tree	baseline	encode	1	9	446514
tree	baseline	encode	2	1	404069
tree	baseline	encode	2	2	401213
tree	baseline	encode	2	3	397317
tree	baseline	encode	2	4	383164
tree	baseline	encode	2	5	392669
tree	baseline	encode	2	6	402557
tree	baseline	encode	2	7	393800
tree	baseline	encode	2	8	397590
tree	baseline	encode	2	9	399805
tree	baseline	decode	1	1	102099
tree	baseline	decode	1	2	102309
tree	baseline	decode	1	3	97133
tree	baseline	decode	1	4	96588
tree	baseline	decode	1	5	101143
tree	baseline	decode	1	6	105583
tree	baseline	decode	1	7	104547
tree	baseline	decode	1	8	99563
tree	baseline	decode	1	9	100887
tree	baseline	decode	2	1	102938
tree	baseline	decode	2	2	102462
tree	baseline	decode	2	3	103728
tree	baseline	decode	2	4	104987
tree	baseline	decode	2	5	104097
tree	baseline	decode	2	6	101986
tree	baseline	decode	2	7	101215
tree	baseline	decode	2	8	100858
tree	baseline	decode	2	9	103469
instance references	surge	encode	1	1	738253
instance references	surge	encode	1	2	694250
instance references	surge	encode	1	3	732142
instance references	surge	encode	1	4	724837
instance references	surge	encode	1	5	739061
instance references	surge	encode	1	6	737394
instance references	surge	encode	1	7	723762
instance references	surge	encode	1	8	736634
instance references	surge	encode	1	9	732046
instance references	surge	encode	2	1	738392
instance references	surge	encode	2	2	740021
instance references	surge	encode	2	3	744940
instance references	surge	encode	2	4	736450
instance references	surge	encode	2	5	741013
instance references	surge	encode	2	6	738427
instance references	surge	encode	2	7	683320
instance references	surge	encode	2	8	736884
instance references	surge	encode	2	9	738316
instance references	surge	decode	1	1	270764
instance references	surge	decode	1	2	272816
instance references	surge	decode	1	3	273754
instance references	surge	decode	1	4	282179
instance references	surge	decode	1	5	269307
instance references	surge	decode	1	6	277191
instance references	surge	decode	1	7	270690
instance references	surge	decode	1	8	272026
instance references	surge	decode	1	9	281867
instance references	surge	decode	2	1	283049
instance references	surge	decode	2	2	272266
instance references	surge	decode	2	3	276862
instance references	surge	decode	2	4	280892
instance references	surge	decode	2	5	274613
instance references	surge	decode	2	6	275769
instance references	surge	decode	2	7	276124
instance references	surge	decode	2	8	276644
instance references	surge	decode	2	9	267326
instance references	fbs	encode	1	1	244192
instance references	fbs	encode	1	2	246795
instance references	fbs	encode	1	3	243721
instance references	fbs	encode	1	4	251018
instance references	fbs	encode	1	5	249737
instance references	fbs	encode	1	6	244192
instance references	fbs	encode	1	7	246015
instance references	fbs	encode	1	8	248753
instance references	fbs	encode	1	9	249347
instance references	fbs	encode	2	1	246141
instance references	fbs	encode	2	2	250950
instance references	fbs	encode	2	3	247929
instance references	fbs	encode	2	4	251622
instance references	fbs	encode	2	5	249054
instance references	fbs	encode	2	6	245879
instance references	fbs	encode	2	7	246894
instance references	fbs	encode	2	8	247781
instance references	fbs	encode	2	9	252361
instance references	fbs	decode	1	1	148672
instance references	fbs	decode	1	2	145670
instance references	fbs	decode	1	3	149673
instance references	fbs	decode	1	4	146339
instance references	fbs	decode	1	5	148517
instance references	fbs	decode	1	6	144916
instance references	fbs	decode	1	7	148884
instance references	fbs	decode	1	8	147224
instance references	fbs	decode	1	9	147282
instance references	fbs	decode	2	1	147695
instance references	fbs	decode	2	2	149913
instance references	fbs	decode	2	3	150918
instance references	fbs	decode	2	4	147929
instance references	fbs	decode	2	5	149691
instance references	fbs	decode	2	6	149680
instance references	fbs	decode	2	7	147471
instance references	fbs	decode	2	8	149168
instance references	fbs	decode	2	9	151872
instance references	serio	encode	1	1	48047
instance references	serio	encode	1	2	47482
instance references	serio	encode	1	3	48122
instance references	serio	encode	1	4	47766
instance references	serio	encode	1	5	47928
instance references	serio	encode	1	6	47908
instance references	serio	encode	1	7	48231
instance references	serio	encode	1	8	47649
instance references	serio	encode	1	9	46926
instance references	serio	encode	2	1	49059
instance references	serio	encode	2	2	47798
instance references	serio	encode	2	3	48413
instance references	serio	encode	2	4	48394
instance references	serio	encode	2	5	48001
instance references	serio	encode	2	6	48061
instance references	serio	encode	2	7	47232
instance references	serio	encode	2	8	48555
instance references	serio	encode	2	9	47787
instance references	serio	decode	1	1	60844
instance references	serio	decode	1	2	59488
instance references	serio	decode	1	3	59868
instance references	serio	decode	1	4	58508
instance references	serio	decode	1	5	60063
instance references	serio	decode	1	6	61409
instance references	serio	decode	1	7	60581
instance references	serio	decode	1	8	59065
instance references	serio	decode	1	9	59435
instance references	serio	decode	2	1	59070
instance references	serio	decode	2	2	59226
instance references	serio	decode	2	3	59432
instance references	serio	decode	2	4	58386
instance references	serio	decode	2	5	60152
instance references	serio	decode	2	6	58831
instance references	serio	decode	2	7	60349
instance references	serio	decode	2	8	59936
instance references	serio	decode	2	9	60001
instance references	baseline	encode	1	1	958561
instance references	baseline	encode	1	2	957171
instance references	baseline	encode	1	3	936083
instance references	baseline	encode	1	4	955138
instance references	baseline	encode	1	5	935733
instance references	baseline	encode	1	6	948838
instance references	baseline	encode	1	7	942138
instance references	baseline	encode	1	8	952472
instance references	baseline	encode	1	9	813965
instance references	baseline	encode	2	1	946461
instance references	baseline	encode	2	2	955131
instance references	baseline	encode	2	3	939770
instance references	baseline	encode	2	4	944146
instance references	baseline	encode	2	5	915568
instance references	baseline	encode	2	6	884865
instance references	baseline	encode	2	7	953715
instance references	baseline	encode	2	8	944646
instance references	baseline	encode	2	9	948889
instance references	baseline	decode	1	1	286054
instance references	baseline	decode	1	2	285581
instance references	baseline	decode	1	3	277200
instance references	baseline	decode	1	4	280914
instance references	baseline	decode	1	5	280994
instance references	baseline	decode	1	6	285638
instance references	baseline	decode	1	7	275814
instance references	baseline	decode	1	8	279564
instance references	baseline	decode	1	9	279761
instance references	baseline	decode	2	1	286443
instance references	baseline	decode	2	2	278305
instance references	baseline	decode	2	3	274382
instance references	baseline	decode	2	4	285599
instance references	baseline	decode	2	5	282284
instance references	baseline	decode	2	6	281624
instance references	baseline	decode	2	7	279357
instance references	baseline	decode	2	8	281279
instance references	baseline	decode	2	9	271114
toggles (unpacked)	surge	encode	1	1	4553042
toggles (unpacked)	surge	encode	1	2	4565711
toggles (unpacked)	surge	encode	1	3	4458925
toggles (unpacked)	surge	encode	1	4	4523433
toggles (unpacked)	surge	encode	1	5	4529592
toggles (unpacked)	surge	encode	1	6	4536502
toggles (unpacked)	surge	encode	1	7	4454929
toggles (unpacked)	surge	encode	1	8	4553611
toggles (unpacked)	surge	encode	1	9	4536804
toggles (unpacked)	surge	encode	2	1	4568275
toggles (unpacked)	surge	encode	2	2	4608181
toggles (unpacked)	surge	encode	2	3	4489883
toggles (unpacked)	surge	encode	2	4	4559590
toggles (unpacked)	surge	encode	2	5	4581865
toggles (unpacked)	surge	encode	2	6	4518857
toggles (unpacked)	surge	encode	2	7	4554073
toggles (unpacked)	surge	encode	2	8	4466401
toggles (unpacked)	surge	encode	2	9	4558565
toggles (unpacked)	surge	decode	1	1	3019441
toggles (unpacked)	surge	decode	1	2	3032297
toggles (unpacked)	surge	decode	1	3	2999007
toggles (unpacked)	surge	decode	1	4	3027347
toggles (unpacked)	surge	decode	1	5	3064359
toggles (unpacked)	surge	decode	1	6	3021385
toggles (unpacked)	surge	decode	1	7	3001788
toggles (unpacked)	surge	decode	1	8	3054863
toggles (unpacked)	surge	decode	1	9	3044221
toggles (unpacked)	surge	decode	2	1	3049565
toggles (unpacked)	surge	decode	2	2	3061149
toggles (unpacked)	surge	decode	2	3	2946796
toggles (unpacked)	surge	decode	2	4	3073574
toggles (unpacked)	surge	decode	2	5	2977769
toggles (unpacked)	surge	decode	2	6	3011673
toggles (unpacked)	surge	decode	2	7	3058236
toggles (unpacked)	surge	decode	2	8	3069194
toggles (unpacked)	surge	decode	2	9	3031481
toggles (unpacked)	fbs	encode	1	1	1504413
toggles (unpacked)	fbs	encode	1	2	1484555
toggles (unpacked)	fbs	encode	1	3	1493905
toggles (unpacked)	fbs	encode	1	4	1492744
toggles (unpacked)	fbs	encode	1	5	1519011
toggles (unpacked)	fbs	encode	1	6	1502830
toggles (unpacked)	fbs	encode	1	7	1507963
toggles (unpacked)	fbs	encode	1	8	1498137
toggles (unpacked)	fbs	encode	1	9	1481149
toggles (unpacked)	fbs	encode	2	1	1500744
toggles (unpacked)	fbs	encode	2	2	1504207
toggles (unpacked)	fbs	encode	2	3	1517542
toggles (unpacked)	fbs	encode	2	4	1496502
toggles (unpacked)	fbs	encode	2	5	1496314
toggles (unpacked)	fbs	encode	2	6	1528066
toggles (unpacked)	fbs	encode	2	7	1511969
toggles (unpacked)	fbs	encode	2	8	1516020
toggles (unpacked)	fbs	encode	2	9	1511558
toggles (unpacked)	fbs	decode	1	1	1549995
toggles (unpacked)	fbs	decode	1	2	1549167
toggles (unpacked)	fbs	decode	1	3	1550840
toggles (unpacked)	fbs	decode	1	4	1574883
toggles (unpacked)	fbs	decode	1	5	1534331
toggles (unpacked)	fbs	decode	1	6	1584902
toggles (unpacked)	fbs	decode	1	7	1562811
toggles (unpacked)	fbs	decode	1	8	1579408
toggles (unpacked)	fbs	decode	1	9	1559108
toggles (unpacked)	fbs	decode	2	1	1549768
toggles (unpacked)	fbs	decode	2	2	1544322
toggles (unpacked)	fbs	decode	2	3	1559690
toggles (unpacked)	fbs	decode	2	4	1539528
toggles (unpacked)	fbs	decode	2	5	1573755
toggles (unpacked)	fbs	decode	2	6	1572505
toggles (unpacked)	fbs	decode	2	7	1546946
toggles (unpacked)	fbs	decode	2	8	1534294
toggles (unpacked)	fbs	decode	2	9	1574210
toggles (unpacked)	serio	encode	1	1	403950
toggles (unpacked)	serio	encode	1	2	415520
toggles (unpacked)	serio	encode	1	3	416570
toggles (unpacked)	serio	encode	1	4	412097
toggles (unpacked)	serio	encode	1	5	422690
toggles (unpacked)	serio	encode	1	6	408767
toggles (unpacked)	serio	encode	1	7	417742
toggles (unpacked)	serio	encode	1	8	408467
toggles (unpacked)	serio	encode	1	9	422625
toggles (unpacked)	serio	encode	2	1	397992
toggles (unpacked)	serio	encode	2	2	410851
toggles (unpacked)	serio	encode	2	3	409158
toggles (unpacked)	serio	encode	2	4	402214
toggles (unpacked)	serio	encode	2	5	414378
toggles (unpacked)	serio	encode	2	6	411658
toggles (unpacked)	serio	encode	2	7	397096
toggles (unpacked)	serio	encode	2	8	411990
toggles (unpacked)	serio	encode	2	9	407018
toggles (unpacked)	serio	decode	1	1	645571
toggles (unpacked)	serio	decode	1	2	654899
toggles (unpacked)	serio	decode	1	3	654626
toggles (unpacked)	serio	decode	1	4	640606
toggles (unpacked)	serio	decode	1	5	652430
toggles (unpacked)	serio	decode	1	6	652321
toggles (unpacked)	serio	decode	1	7	644493
toggles (unpacked)	serio	decode	1	8	642625
toggles (unpacked)	serio	decode	1	9	653328
toggles (unpacked)	serio	decode	2	1	639329
toggles (unpacked)	serio	decode	2	2	639610
toggles (unpacked)	serio	decode	2	3	641106
toggles (unpacked)	serio	decode	2	4	648125
toggles (unpacked)	serio	decode	2	5	639711
toggles (unpacked)	serio	decode	2	6	646437
toggles (unpacked)	serio	decode	2	7	649562
toggles (unpacked)	serio	decode	2	8	641184
toggles (unpacked)	serio	decode	2	9	641459
toggles (unpacked)	blink	encode	1	1	2244505
toggles (unpacked)	blink	encode	1	2	2220417
toggles (unpacked)	blink	encode	1	3	2239961
toggles (unpacked)	blink	encode	1	4	2225694
toggles (unpacked)	blink	encode	1	5	2178945
toggles (unpacked)	blink	encode	1	6	2234455
toggles (unpacked)	blink	encode	1	7	2196886
toggles (unpacked)	blink	encode	1	8	2188913
toggles (unpacked)	blink	encode	1	9	2091970
toggles (unpacked)	blink	encode	2	1	2235040
toggles (unpacked)	blink	encode	2	2	2214811
toggles (unpacked)	blink	encode	2	3	2215520
toggles (unpacked)	blink	encode	2	4	2236573
toggles (unpacked)	blink	encode	2	5	2223749
toggles (unpacked)	blink	encode	2	6	2221595
toggles (unpacked)	blink	encode	2	7	2240129
toggles (unpacked)	blink	encode	2	8	2200511
toggles (unpacked)	blink	encode	2	9	2258771
toggles (unpacked)	blink	decode	1	1	1798886
toggles (unpacked)	blink	decode	1	2	1798630
toggles (unpacked)	blink	decode	1	3	1827633
toggles (unpacked)	blink	decode	1	4	1794356
toggles (unpacked)	blink	decode	1	5	1758462
toggles (unpacked)	blink	decode	1	6	1812418
toggles (unpacked)	blink	decode	1	7	1788840
toggles (unpacked)	blink	decode	1	8	1811314
toggles (unpacked)	blink	decode	1	9	1798594
toggles (unpacked)	blink	decode	2	1	1815415
toggles (unpacked)	blink	decode	2	2	1800864
toggles (unpacked)	blink	decode	2	3	1806409
toggles (unpacked)	blink	decode	2	4	1791891
toggles (unpacked)	blink	decode	2	5	1828012
toggles (unpacked)	blink	decode	2	6	1793376
toggles (unpacked)	blink	decode	2	7	1794482
toggles (unpacked)	blink	decode	2	8	1826861
toggles (unpacked)	blink	decode	2	9	1808579
toggles (packed)	surge	encode	1	1	4574426
toggles (packed)	surge	encode	1	2	4677231
toggles (packed)	surge	encode	1	3	4788707
toggles (packed)	surge	encode	1	4	4710461
toggles (packed)	surge	encode	1	5	4766408
toggles (packed)	surge	encode	1	6	4709788
toggles (packed)	surge	encode	1	7	4731797
toggles (packed)	surge	encode	1	8	4730380
toggles (packed)	surge	encode	1	9	4767464
toggles (packed)	surge	encode	2	1	4784914
toggles (packed)	surge	encode	2	2	4847953
toggles (packed)	surge	encode	2	3	4846490
toggles (packed)	surge	encode	2	4	4834364
toggles (packed)	surge	encode	2	5	4775603
toggles (packed)	surge	encode	2	6	4782848
toggles (packed)	surge	encode	2	7	4729002
toggles (packed)	surge	encode	2	8	4833085
toggles (packed)	surge	encode	2	9	4791172
toggles (packed)	surge	decode	1	1	3278008
toggles (packed)	surge	decode	1	2	3232251
toggles (packed)	surge	decode	1	3	3273590
toggles (packed)	surge	decode	1	4	3341417
toggles (packed)	surge	decode	1	5	3309707
toggles (packed)	surge	decode	1	6	3342941
toggles (packed)	surge	decode	1	7	3319895
toggles (packed)	surge	decode	1	8	3320564
toggles (packed)	surge	decode	1	9	3324990
toggles (packed)	surge	decode	2	1	3300955
toggles (packed)	surge	decode	2	2	3326595
toggles (packed)	surge	decode	2	3	3371863
toggles (packed)	surge	decode	2	4	3292264
toggles (packed)	surge	decode	2	5	2985723
toggles (packed)	surge	decode	2	6	3243385
toggles (packed)	surge	decode	2	7	3296184
toggles (packed)	surge	decode	2	8	3318609
toggles (packed)	surge	decode	2	9	3322425
toggles (packed)	fbs	encode	1	1	1224107
toggles (packed)	fbs	encode	1	2	1247941
toggles (packed)	fbs	encode	1	3	1233521
toggles (packed)	fbs	encode	1	4	1251086
toggles (packed)	fbs	encode	1	5	1238622
toggles (packed)	fbs	encode	1	6	1247908
toggles (packed)	fbs	encode	1	7	1235286
toggles (packed)	fbs	encode	1	8	1243550
toggles (packed)	fbs	encode	1	9	1244654
toggles (packed)	fbs	encode	2	1	1347681
toggles (packed)	fbs	encode	2	2	1337285
toggles (packed)	fbs	encode	2	3	1324069
toggles (packed)	fbs	encode	2	4	1352321
toggles (packed)	fbs	encode	2	5	1347922
toggles (packed)	fbs	encode	2	6	1349529
toggles (packed)	fbs	encode	2	7	1332776
toggles (packed)	fbs	encode	2	8	1350503
toggles (packed)	fbs	encode	2	9	1353259
toggles (packed)	fbs	decode	1	1	1238863
toggles (packed)	fbs	decode	1	2	1258201
toggles (packed)	fbs	decode	1	3	1265538
toggles (packed)	fbs	decode	1	4	1237239
toggles (packed)	fbs	decode	1	5	1256679
toggles (packed)	fbs	decode	1	6	1269977
toggles (packed)	fbs	decode	1	7	1267210
toggles (packed)	fbs	decode	1	8	1242812
toggles (packed)	fbs	decode	1	9	1263280
toggles (packed)	fbs	decode	2	1	1241371
toggles (packed)	fbs	decode	2	2	1251434
toggles (packed)	fbs	decode	2	3	1251776
toggles (packed)	fbs	decode	2	4	1158752
toggles (packed)	fbs	decode	2	5	1201938
toggles (packed)	fbs	decode	2	6	1237160
toggles (packed)	fbs	decode	2	7	1222473
toggles (packed)	fbs	decode	2	8	1276646
toggles (packed)	fbs	decode	2	9	1258634
toggles (packed)	serio	encode	1	1	345987
toggles (packed)	serio	encode	1	2	333493
toggles (packed)	serio	encode	1	3	342350
toggles (packed)	serio	encode	1	4	340533
toggles (packed)	serio	encode	1	5	343514
toggles (packed)	serio	encode	1	6	339491
toggles (packed)	serio	encode	1	7	345047
toggles (packed)	serio	encode	1	8	339811
toggles (packed)	serio	encode	1	9	346691
toggles (packed)	serio	encode	2	1	342909
toggles (packed)	serio	encode	2	2	342077
toggles (packed)	serio	encode	2	3	338147
toggles (packed)	serio	encode	2	4	339938
toggles (packed)	serio	encode	2	5	337456
toggles (packed)	serio	encode	2	6	341645
toggles (packed)	serio	encode	2	7	338580
toggles (packed)	serio	encode	2	8	338059
toggles (packed)	serio	encode	2	9	337332
toggles (packed)	serio	decode	1	1	443095
toggles (packed)	serio	decode	1	2	455954
toggles (packed)	serio	decode	1	3	448374
toggles (packed)	serio	decode	1	4	454138
toggles (packed)	serio	decode	1	5	449249
toggles (packed)	serio	decode	1	6	448144
toggles (packed)	serio	decode	1	7	457577
toggles (packed)	serio	decode	1	8	455957
toggles (packed)	serio	decode	1	9	447725
toggles (packed)	serio	decode	2	1	442931
toggles (packed)	serio	decode	2	2	447078
toggles (packed)	serio	decode	2	3	446326
toggles (packed)	serio	decode	2	4	422201
toggles (packed)	serio	decode	2	5	442739
toggles (packed)	serio	decode	2	6	444675
toggles (packed)	serio	decode	2	7	449894
toggles (packed)	serio	decode	2	8	454090
toggles (packed)	serio	decode	2	9	452912
toggles (packed)	baseline	encode	1	1	4877320
toggles (packed)	baseline	encode	1	2	4979061
toggles (packed)	baseline	encode	1	3	4889022
toggles (packed)	baseline	encode	1	4	4898199
toggles (packed)	baseline	encode	1	5	4882000
toggles (packed)	baseline	encode	1	6	4917249
toggles (packed)	baseline	encode	1	7	4877234
toggles (packed)	baseline	encode	1	8	4863074
toggles (packed)	baseline	encode	1	9	4896604
toggles (packed)	baseline	encode	2	1	4906862
toggles (packed)	baseline	encode	2	2	4953740
toggles (packed)	baseline	encode	2	3	4872987
toggles (packed)	baseline	encode	2	4	4924766
toggles (packed)	baseline	encode	2	5	4788197
toggles (packed)	baseline	encode	2	6	4938577
toggles (packed)	baseline	encode	2	7	4895295
toggles (packed)	baseline	encode	2	8	4938669
toggles (packed)	baseline	encode	2	9	4978648
toggles (packed)	baseline	decode	1	1	3408635
toggles (packed)	baseline	decode	1	2	3266479
toggles (packed)	baseline	decode	1	3	3266254
toggles (packed)	baseline	decode	1	4	3269562
toggles (packed)	baseline	decode	1	5	3265137
toggles (packed)	baseline	decode	1	6	3281910
toggles (packed)	baseline	decode	1	7	3327193
toggles (packed)	baseline	decode	1	8	3242297
toggles (packed)	baseline	decode	1	9	3333262
toggles (packed)	baseline	decode	2	1	3306025
toggles (packed)	baseline	decode	2	2	3279979
toggles (packed)	baseline	decode	2	3	3252368
toggles (packed)	baseline	decode	2	4	3148059
toggles (packed)	baseline	decode	2	5	2969798
toggles (packed)	baseline	decode	2	6	3421995
toggles (packed)	baseline	decode	2	7	3292331
toggles (packed)	baseline	decode	2	8	3277230
toggles (packed)	baseline	decode	2	9	3283198
CFrame array	surge	encode	1	1	278449
CFrame array	surge	encode	1	2	280012
CFrame array	surge	encode	1	3	278849
CFrame array	surge	encode	1	4	274767
CFrame array	surge	encode	1	5	276418
CFrame array	surge	encode	1	6	276662
CFrame array	surge	encode	1	7	278394
CFrame array	surge	encode	1	8	281301
CFrame array	surge	encode	1	9	278960
CFrame array	surge	encode	2	1	271072
CFrame array	surge	encode	2	2	272993
CFrame array	surge	encode	2	3	268970
CFrame array	surge	encode	2	4	268016
CFrame array	surge	encode	2	5	272062
CFrame array	surge	encode	2	6	270866
CFrame array	surge	encode	2	7	266966
CFrame array	surge	encode	2	8	272881
CFrame array	surge	encode	2	9	269934
CFrame array	surge	decode	1	1	140855
CFrame array	surge	decode	1	2	141344
CFrame array	surge	decode	1	3	143718
CFrame array	surge	decode	1	4	144361
CFrame array	surge	decode	1	5	142135
CFrame array	surge	decode	1	6	140546
CFrame array	surge	decode	1	7	137224
CFrame array	surge	decode	1	8	143741
CFrame array	surge	decode	1	9	143488
CFrame array	surge	decode	2	1	143604
CFrame array	surge	decode	2	2	141154
CFrame array	surge	decode	2	3	141724
CFrame array	surge	decode	2	4	141238
CFrame array	surge	decode	2	5	141198
CFrame array	surge	decode	2	6	142286
CFrame array	surge	decode	2	7	143106
CFrame array	surge	decode	2	8	142273
CFrame array	surge	decode	2	9	142948
CFrame array	fbs	encode	1	1	212958
CFrame array	fbs	encode	1	2	213818
CFrame array	fbs	encode	1	3	209933
CFrame array	fbs	encode	1	4	214373
CFrame array	fbs	encode	1	5	211336
CFrame array	fbs	encode	1	6	212979
CFrame array	fbs	encode	1	7	210235
CFrame array	fbs	encode	1	8	212536
CFrame array	fbs	encode	1	9	213011
CFrame array	fbs	encode	2	1	209304
CFrame array	fbs	encode	2	2	205733
CFrame array	fbs	encode	2	3	205996
CFrame array	fbs	encode	2	4	208294
CFrame array	fbs	encode	2	5	207546
CFrame array	fbs	encode	2	6	205856
CFrame array	fbs	encode	2	7	206687
CFrame array	fbs	encode	2	8	207267
CFrame array	fbs	encode	2	9	206887
CFrame array	fbs	decode	1	1	123051
CFrame array	fbs	decode	1	2	121788
CFrame array	fbs	decode	1	3	123310
CFrame array	fbs	decode	1	4	123196
CFrame array	fbs	decode	1	5	121714
CFrame array	fbs	decode	1	6	121174
CFrame array	fbs	decode	1	7	116649
CFrame array	fbs	decode	1	8	123216
CFrame array	fbs	decode	1	9	123254
CFrame array	fbs	decode	2	1	120124
CFrame array	fbs	decode	2	2	121747
CFrame array	fbs	decode	2	3	121197
CFrame array	fbs	decode	2	4	121124
CFrame array	fbs	decode	2	5	122470
CFrame array	fbs	decode	2	6	120548
CFrame array	fbs	decode	2	7	120219
CFrame array	fbs	decode	2	8	119915
CFrame array	fbs	decode	2	9	119640
CFrame array	serio	encode	1	1	17205
CFrame array	serio	encode	1	2	17349
CFrame array	serio	encode	1	3	17419
CFrame array	serio	encode	1	4	17286
CFrame array	serio	encode	1	5	17245
CFrame array	serio	encode	1	6	17453
CFrame array	serio	encode	1	7	17488
CFrame array	serio	encode	1	8	17420
CFrame array	serio	encode	1	9	17382
CFrame array	serio	encode	2	1	17102
CFrame array	serio	encode	2	2	17205
CFrame array	serio	encode	2	3	17052
CFrame array	serio	encode	2	4	17276
CFrame array	serio	encode	2	5	17197
CFrame array	serio	encode	2	6	17232
CFrame array	serio	encode	2	7	17192
CFrame array	serio	encode	2	8	17186
CFrame array	serio	encode	2	9	17145
CFrame array	serio	decode	1	1	32442
CFrame array	serio	decode	1	2	32191
CFrame array	serio	decode	1	3	32311
CFrame array	serio	decode	1	4	32388
CFrame array	serio	decode	1	5	32131
CFrame array	serio	decode	1	6	31962
CFrame array	serio	decode	1	7	31812
CFrame array	serio	decode	1	8	32100
CFrame array	serio	decode	1	9	32011
CFrame array	serio	decode	2	1	32364
CFrame array	serio	decode	2	2	32350
CFrame array	serio	decode	2	3	32326
CFrame array	serio	decode	2	4	32183
CFrame array	serio	decode	2	5	31587
CFrame array	serio	decode	2	6	32352
CFrame array	serio	decode	2	7	32173
CFrame array	serio	decode	2	8	31975
CFrame array	serio	decode	2	9	32212
CFrame array	blink	encode	1	1	239327
CFrame array	blink	encode	1	2	239104
CFrame array	blink	encode	1	3	237838
CFrame array	blink	encode	1	4	235950
CFrame array	blink	encode	1	5	235968
CFrame array	blink	encode	1	6	236055
CFrame array	blink	encode	1	7	236665
CFrame array	blink	encode	1	8	234306
CFrame array	blink	encode	1	9	236898
CFrame array	blink	encode	2	1	239779
CFrame array	blink	encode	2	2	234824
CFrame array	blink	encode	2	3	237945
CFrame array	blink	encode	2	4	238047
CFrame array	blink	encode	2	5	234694
CFrame array	blink	encode	2	6	237054
CFrame array	blink	encode	2	7	239130
CFrame array	blink	encode	2	8	235810
CFrame array	blink	encode	2	9	234935
CFrame array	blink	decode	1	1	109613
CFrame array	blink	decode	1	2	109310
CFrame array	blink	decode	1	3	108616
CFrame array	blink	decode	1	4	108669
CFrame array	blink	decode	1	5	109204
CFrame array	blink	decode	1	6	103355
CFrame array	blink	decode	1	7	109615
CFrame array	blink	decode	1	8	107742
CFrame array	blink	decode	1	9	109458
CFrame array	blink	decode	2	1	107557
CFrame array	blink	decode	2	2	107935
CFrame array	blink	decode	2	3	106833
CFrame array	blink	decode	2	4	108331
CFrame array	blink	decode	2	5	106856
CFrame array	blink	decode	2	6	108464
CFrame array	blink	decode	2	7	108188
CFrame array	blink	decode	2	8	107537
CFrame array	blink	decode	2	9	107076
CFrame array	baseline	encode	1	1	280976
CFrame array	baseline	encode	1	2	278679
CFrame array	baseline	encode	1	3	281081
CFrame array	baseline	encode	1	4	286112
CFrame array	baseline	encode	1	5	283268
CFrame array	baseline	encode	1	6	285220
CFrame array	baseline	encode	1	7	283587
CFrame array	baseline	encode	1	8	285329
CFrame array	baseline	encode	1	9	281957
CFrame array	baseline	encode	2	1	271003
CFrame array	baseline	encode	2	2	279338
CFrame array	baseline	encode	2	3	276230
CFrame array	baseline	encode	2	4	271033
CFrame array	baseline	encode	2	5	277114
CFrame array	baseline	encode	2	6	276044
CFrame array	baseline	encode	2	7	273326
CFrame array	baseline	encode	2	8	274896
CFrame array	baseline	encode	2	9	276809
CFrame array	baseline	decode	1	1	143307
CFrame array	baseline	decode	1	2	142077
CFrame array	baseline	decode	1	3	143349
CFrame array	baseline	decode	1	4	145556
CFrame array	baseline	decode	1	5	142945
CFrame array	baseline	decode	1	6	135015
CFrame array	baseline	decode	1	7	143414
CFrame array	baseline	decode	1	8	142912
CFrame array	baseline	decode	1	9	142493
CFrame array	baseline	decode	2	1	142483
CFrame array	baseline	decode	2	2	142253
CFrame array	baseline	decode	2	3	140404
CFrame array	baseline	decode	2	4	142448
CFrame array	baseline	decode	2	5	140916
CFrame array	baseline	decode	2	6	142668
CFrame array	baseline	decode	2	7	141183
CFrame array	baseline	decode	2	8	143048
CFrame array	baseline	decode	2	9	141541
CFrame array (packed, axis-aligned)	surge	encode	1	1	187806
CFrame array (packed, axis-aligned)	surge	encode	1	2	188353
CFrame array (packed, axis-aligned)	surge	encode	1	3	182239
CFrame array (packed, axis-aligned)	surge	encode	1	4	182222
CFrame array (packed, axis-aligned)	surge	encode	1	5	182035
CFrame array (packed, axis-aligned)	surge	encode	1	6	180937
CFrame array (packed, axis-aligned)	surge	encode	1	7	179224
CFrame array (packed, axis-aligned)	surge	encode	1	8	181737
CFrame array (packed, axis-aligned)	surge	encode	1	9	182618
CFrame array (packed, axis-aligned)	surge	encode	2	1	188936
CFrame array (packed, axis-aligned)	surge	encode	2	2	190045
CFrame array (packed, axis-aligned)	surge	encode	2	3	187304
CFrame array (packed, axis-aligned)	surge	encode	2	4	189065
CFrame array (packed, axis-aligned)	surge	encode	2	5	189934
CFrame array (packed, axis-aligned)	surge	encode	2	6	188876
CFrame array (packed, axis-aligned)	surge	encode	2	7	185237
CFrame array (packed, axis-aligned)	surge	encode	2	8	187917
CFrame array (packed, axis-aligned)	surge	encode	2	9	185002
CFrame array (packed, axis-aligned)	surge	decode	1	1	280424
CFrame array (packed, axis-aligned)	surge	decode	1	2	277203
CFrame array (packed, axis-aligned)	surge	decode	1	3	277355
CFrame array (packed, axis-aligned)	surge	decode	1	4	277667
CFrame array (packed, axis-aligned)	surge	decode	1	5	275477
CFrame array (packed, axis-aligned)	surge	decode	1	6	278243
CFrame array (packed, axis-aligned)	surge	decode	1	7	279915
CFrame array (packed, axis-aligned)	surge	decode	1	8	278181
CFrame array (packed, axis-aligned)	surge	decode	1	9	279495
CFrame array (packed, axis-aligned)	surge	decode	2	1	269511
CFrame array (packed, axis-aligned)	surge	decode	2	2	272348
CFrame array (packed, axis-aligned)	surge	decode	2	3	274097
CFrame array (packed, axis-aligned)	surge	decode	2	4	267212
CFrame array (packed, axis-aligned)	surge	decode	2	5	271074
CFrame array (packed, axis-aligned)	surge	decode	2	6	274008
CFrame array (packed, axis-aligned)	surge	decode	2	7	272820
CFrame array (packed, axis-aligned)	surge	decode	2	8	268755
CFrame array (packed, axis-aligned)	surge	decode	2	9	273698
CFrame array (packed, axis-aligned)	fbs	encode	1	1	31325
CFrame array (packed, axis-aligned)	fbs	encode	1	2	31080
CFrame array (packed, axis-aligned)	fbs	encode	1	3	31442
CFrame array (packed, axis-aligned)	fbs	encode	1	4	31610
CFrame array (packed, axis-aligned)	fbs	encode	1	5	30249
CFrame array (packed, axis-aligned)	fbs	encode	1	6	31662
CFrame array (packed, axis-aligned)	fbs	encode	1	7	31403
CFrame array (packed, axis-aligned)	fbs	encode	1	8	31380
CFrame array (packed, axis-aligned)	fbs	encode	1	9	31370
CFrame array (packed, axis-aligned)	fbs	encode	2	1	32391
CFrame array (packed, axis-aligned)	fbs	encode	2	2	32319
CFrame array (packed, axis-aligned)	fbs	encode	2	3	32542
CFrame array (packed, axis-aligned)	fbs	encode	2	4	32702
CFrame array (packed, axis-aligned)	fbs	encode	2	5	31339
CFrame array (packed, axis-aligned)	fbs	encode	2	6	32127
CFrame array (packed, axis-aligned)	fbs	encode	2	7	31814
CFrame array (packed, axis-aligned)	fbs	encode	2	8	32053
CFrame array (packed, axis-aligned)	fbs	encode	2	9	32346
CFrame array (packed, axis-aligned)	fbs	decode	1	1	109519
CFrame array (packed, axis-aligned)	fbs	decode	1	2	111958
CFrame array (packed, axis-aligned)	fbs	decode	1	3	111462
CFrame array (packed, axis-aligned)	fbs	decode	1	4	113283
CFrame array (packed, axis-aligned)	fbs	decode	1	5	111789
CFrame array (packed, axis-aligned)	fbs	decode	1	6	112434
CFrame array (packed, axis-aligned)	fbs	decode	1	7	111017
CFrame array (packed, axis-aligned)	fbs	decode	1	8	109385
CFrame array (packed, axis-aligned)	fbs	decode	1	9	111336
CFrame array (packed, axis-aligned)	fbs	decode	2	1	112231
CFrame array (packed, axis-aligned)	fbs	decode	2	2	113323
CFrame array (packed, axis-aligned)	fbs	decode	2	3	113286
CFrame array (packed, axis-aligned)	fbs	decode	2	4	112393
CFrame array (packed, axis-aligned)	fbs	decode	2	5	111954
CFrame array (packed, axis-aligned)	fbs	decode	2	6	112250
CFrame array (packed, axis-aligned)	fbs	decode	2	7	112900
CFrame array (packed, axis-aligned)	fbs	decode	2	8	112210
CFrame array (packed, axis-aligned)	fbs	decode	2	9	112864
CFrame array (packed, axis-aligned)	serio	encode	1	1	5488
CFrame array (packed, axis-aligned)	serio	encode	1	2	5539
CFrame array (packed, axis-aligned)	serio	encode	1	3	5401
CFrame array (packed, axis-aligned)	serio	encode	1	4	5354
CFrame array (packed, axis-aligned)	serio	encode	1	5	5386
CFrame array (packed, axis-aligned)	serio	encode	1	6	5315
CFrame array (packed, axis-aligned)	serio	encode	1	7	5421
CFrame array (packed, axis-aligned)	serio	encode	1	8	5393
CFrame array (packed, axis-aligned)	serio	encode	1	9	5367
CFrame array (packed, axis-aligned)	serio	encode	2	1	5457
CFrame array (packed, axis-aligned)	serio	encode	2	2	5491
CFrame array (packed, axis-aligned)	serio	encode	2	3	5399
CFrame array (packed, axis-aligned)	serio	encode	2	4	5420
CFrame array (packed, axis-aligned)	serio	encode	2	5	5508
CFrame array (packed, axis-aligned)	serio	encode	2	6	5448
CFrame array (packed, axis-aligned)	serio	encode	2	7	5462
CFrame array (packed, axis-aligned)	serio	encode	2	8	5493
CFrame array (packed, axis-aligned)	serio	encode	2	9	5456
CFrame array (packed, axis-aligned)	serio	decode	1	1	28366
CFrame array (packed, axis-aligned)	serio	decode	1	2	28103
CFrame array (packed, axis-aligned)	serio	decode	1	3	28186
CFrame array (packed, axis-aligned)	serio	decode	1	4	27866
CFrame array (packed, axis-aligned)	serio	decode	1	5	28079
CFrame array (packed, axis-aligned)	serio	decode	1	6	28064
CFrame array (packed, axis-aligned)	serio	decode	1	7	28264
CFrame array (packed, axis-aligned)	serio	decode	1	8	28080
CFrame array (packed, axis-aligned)	serio	decode	1	9	28079
CFrame array (packed, axis-aligned)	serio	decode	2	1	27917
CFrame array (packed, axis-aligned)	serio	decode	2	2	27668
CFrame array (packed, axis-aligned)	serio	decode	2	3	28000
CFrame array (packed, axis-aligned)	serio	decode	2	4	28037
CFrame array (packed, axis-aligned)	serio	decode	2	5	28215
CFrame array (packed, axis-aligned)	serio	decode	2	6	27842
CFrame array (packed, axis-aligned)	serio	decode	2	7	27512
CFrame array (packed, axis-aligned)	serio	decode	2	8	28315
CFrame array (packed, axis-aligned)	serio	decode	2	9	27999
CFrame array (packed, arbitrary)	surge	encode	1	1	142514
CFrame array (packed, arbitrary)	surge	encode	1	2	143458
CFrame array (packed, arbitrary)	surge	encode	1	3	144136
CFrame array (packed, arbitrary)	surge	encode	1	4	145155
CFrame array (packed, arbitrary)	surge	encode	1	5	144722
CFrame array (packed, arbitrary)	surge	encode	1	6	141112
CFrame array (packed, arbitrary)	surge	encode	1	7	144043
CFrame array (packed, arbitrary)	surge	encode	1	8	144200
CFrame array (packed, arbitrary)	surge	encode	1	9	144918
CFrame array (packed, arbitrary)	surge	encode	2	1	141503
CFrame array (packed, arbitrary)	surge	encode	2	2	143539
CFrame array (packed, arbitrary)	surge	encode	2	3	141717
CFrame array (packed, arbitrary)	surge	encode	2	4	140498
CFrame array (packed, arbitrary)	surge	encode	2	5	141383
CFrame array (packed, arbitrary)	surge	encode	2	6	142084
CFrame array (packed, arbitrary)	surge	encode	2	7	142996
CFrame array (packed, arbitrary)	surge	encode	2	8	142968
CFrame array (packed, arbitrary)	surge	encode	2	9	142310
CFrame array (packed, arbitrary)	surge	decode	1	1	120775
CFrame array (packed, arbitrary)	surge	decode	1	2	122119
CFrame array (packed, arbitrary)	surge	decode	1	3	120258
CFrame array (packed, arbitrary)	surge	decode	1	4	119397
CFrame array (packed, arbitrary)	surge	decode	1	5	121048
CFrame array (packed, arbitrary)	surge	decode	1	6	119781
CFrame array (packed, arbitrary)	surge	decode	1	7	120544
CFrame array (packed, arbitrary)	surge	decode	1	8	119198
CFrame array (packed, arbitrary)	surge	decode	1	9	120313
CFrame array (packed, arbitrary)	surge	decode	2	1	119526
CFrame array (packed, arbitrary)	surge	decode	2	2	118199
CFrame array (packed, arbitrary)	surge	decode	2	3	119288
CFrame array (packed, arbitrary)	surge	decode	2	4	120116
CFrame array (packed, arbitrary)	surge	decode	2	5	119615
CFrame array (packed, arbitrary)	surge	decode	2	6	119507
CFrame array (packed, arbitrary)	surge	decode	2	7	118037
CFrame array (packed, arbitrary)	surge	decode	2	8	120542
CFrame array (packed, arbitrary)	surge	decode	2	9	119748
CFrame array (packed, arbitrary)	fbs	encode	1	1	30061
CFrame array (packed, arbitrary)	fbs	encode	1	2	30555
CFrame array (packed, arbitrary)	fbs	encode	1	3	30552
CFrame array (packed, arbitrary)	fbs	encode	1	4	30778
CFrame array (packed, arbitrary)	fbs	encode	1	5	30766
CFrame array (packed, arbitrary)	fbs	encode	1	6	30221
CFrame array (packed, arbitrary)	fbs	encode	1	7	30692
CFrame array (packed, arbitrary)	fbs	encode	1	8	30069
CFrame array (packed, arbitrary)	fbs	encode	1	9	30618
CFrame array (packed, arbitrary)	fbs	encode	2	1	31011
CFrame array (packed, arbitrary)	fbs	encode	2	2	31327
CFrame array (packed, arbitrary)	fbs	encode	2	3	31840
CFrame array (packed, arbitrary)	fbs	encode	2	4	31489
CFrame array (packed, arbitrary)	fbs	encode	2	5	31526
CFrame array (packed, arbitrary)	fbs	encode	2	6	31410
CFrame array (packed, arbitrary)	fbs	encode	2	7	30824
CFrame array (packed, arbitrary)	fbs	encode	2	8	31136
CFrame array (packed, arbitrary)	fbs	encode	2	9	31245
CFrame array (packed, arbitrary)	fbs	decode	1	1	111217
CFrame array (packed, arbitrary)	fbs	decode	1	2	110306
CFrame array (packed, arbitrary)	fbs	decode	1	3	110297
CFrame array (packed, arbitrary)	fbs	decode	1	4	110968
CFrame array (packed, arbitrary)	fbs	decode	1	5	111113
CFrame array (packed, arbitrary)	fbs	decode	1	6	111576
CFrame array (packed, arbitrary)	fbs	decode	1	7	110993
CFrame array (packed, arbitrary)	fbs	decode	1	8	110757
CFrame array (packed, arbitrary)	fbs	decode	1	9	111113
CFrame array (packed, arbitrary)	fbs	decode	2	1	111146
CFrame array (packed, arbitrary)	fbs	decode	2	2	111302
CFrame array (packed, arbitrary)	fbs	decode	2	3	110677
CFrame array (packed, arbitrary)	fbs	decode	2	4	111127
CFrame array (packed, arbitrary)	fbs	decode	2	5	109526
CFrame array (packed, arbitrary)	fbs	decode	2	6	111349
CFrame array (packed, arbitrary)	fbs	decode	2	7	110953
CFrame array (packed, arbitrary)	fbs	decode	2	8	109825
CFrame array (packed, arbitrary)	fbs	decode	2	9	111672
CFrame array (packed, arbitrary)	serio	encode	1	1	5278
CFrame array (packed, arbitrary)	serio	encode	1	2	5375
CFrame array (packed, arbitrary)	serio	encode	1	3	5332
CFrame array (packed, arbitrary)	serio	encode	1	4	5280
CFrame array (packed, arbitrary)	serio	encode	1	5	5328
CFrame array (packed, arbitrary)	serio	encode	1	6	5325
CFrame array (packed, arbitrary)	serio	encode	1	7	5374
CFrame array (packed, arbitrary)	serio	encode	1	8	5293
CFrame array (packed, arbitrary)	serio	encode	1	9	5340
CFrame array (packed, arbitrary)	serio	encode	2	1	5422
CFrame array (packed, arbitrary)	serio	encode	2	2	5331
CFrame array (packed, arbitrary)	serio	encode	2	3	5376
CFrame array (packed, arbitrary)	serio	encode	2	4	5426
CFrame array (packed, arbitrary)	serio	encode	2	5	5335
CFrame array (packed, arbitrary)	serio	encode	2	6	5359
CFrame array (packed, arbitrary)	serio	encode	2	7	5432
CFrame array (packed, arbitrary)	serio	encode	2	8	5376
CFrame array (packed, arbitrary)	serio	encode	2	9	5384
CFrame array (packed, arbitrary)	serio	decode	1	1	27858
CFrame array (packed, arbitrary)	serio	decode	1	2	28269
CFrame array (packed, arbitrary)	serio	decode	1	3	28625
CFrame array (packed, arbitrary)	serio	decode	1	4	28680
CFrame array (packed, arbitrary)	serio	decode	1	5	28044
CFrame array (packed, arbitrary)	serio	decode	1	6	28491
CFrame array (packed, arbitrary)	serio	decode	1	7	28628
CFrame array (packed, arbitrary)	serio	decode	1	8	28807
CFrame array (packed, arbitrary)	serio	decode	1	9	28244
CFrame array (packed, arbitrary)	serio	decode	2	1	28060
CFrame array (packed, arbitrary)	serio	decode	2	2	28266
CFrame array (packed, arbitrary)	serio	decode	2	3	27900
CFrame array (packed, arbitrary)	serio	decode	2	4	27939
CFrame array (packed, arbitrary)	serio	decode	2	5	28344
CFrame array (packed, arbitrary)	serio	decode	2	6	28036
CFrame array (packed, arbitrary)	serio	decode	2	7	28495
CFrame array (packed, arbitrary)	serio	decode	2	8	28234
CFrame array (packed, arbitrary)	serio	decode	2	9	27544
Blink: Booleans	surge	encode	1	1	170186
Blink: Booleans	surge	encode	1	2	172778
Blink: Booleans	surge	encode	1	3	169129
Blink: Booleans	surge	encode	1	4	170755
Blink: Booleans	surge	encode	1	5	166233
Blink: Booleans	surge	encode	1	6	172146
Blink: Booleans	surge	encode	1	7	171589
Blink: Booleans	surge	encode	1	8	170278
Blink: Booleans	surge	encode	1	9	174836
Blink: Booleans	surge	encode	2	1	201427
Blink: Booleans	surge	encode	2	2	197043
Blink: Booleans	surge	encode	2	3	199788
Blink: Booleans	surge	encode	2	4	197350
Blink: Booleans	surge	encode	2	5	198463
Blink: Booleans	surge	encode	2	6	200664
Blink: Booleans	surge	encode	2	7	203229
Blink: Booleans	surge	encode	2	8	199441
Blink: Booleans	surge	encode	2	9	200621
Blink: Booleans	surge	decode	1	1	89777
Blink: Booleans	surge	decode	1	2	115798
Blink: Booleans	surge	decode	1	3	114816
Blink: Booleans	surge	decode	1	4	116794
Blink: Booleans	surge	decode	1	5	113608
Blink: Booleans	surge	decode	1	6	113812
Blink: Booleans	surge	decode	1	7	116047
Blink: Booleans	surge	decode	1	8	116959
Blink: Booleans	surge	decode	1	9	114998
Blink: Booleans	surge	decode	2	1	113753
Blink: Booleans	surge	decode	2	2	115520
Blink: Booleans	surge	decode	2	3	115948
Blink: Booleans	surge	decode	2	4	114341
Blink: Booleans	surge	decode	2	5	116778
Blink: Booleans	surge	decode	2	6	115181
Blink: Booleans	surge	decode	2	7	114308
Blink: Booleans	surge	decode	2	8	115119
Blink: Booleans	surge	decode	2	9	102329
Blink: Booleans	fbs	encode	1	1	52170
Blink: Booleans	fbs	encode	1	2	52742
Blink: Booleans	fbs	encode	1	3	52022
Blink: Booleans	fbs	encode	1	4	51803
Blink: Booleans	fbs	encode	1	5	53032
Blink: Booleans	fbs	encode	1	6	52516
Blink: Booleans	fbs	encode	1	7	51848
Blink: Booleans	fbs	encode	1	8	52219
Blink: Booleans	fbs	encode	1	9	52532
Blink: Booleans	fbs	encode	2	1	51944
Blink: Booleans	fbs	encode	2	2	52854
Blink: Booleans	fbs	encode	2	3	50682
Blink: Booleans	fbs	encode	2	4	52296
Blink: Booleans	fbs	encode	2	5	52821
Blink: Booleans	fbs	encode	2	6	52338
Blink: Booleans	fbs	encode	2	7	52351
Blink: Booleans	fbs	encode	2	8	52266
Blink: Booleans	fbs	encode	2	9	53481
Blink: Booleans	fbs	decode	1	1	38140
Blink: Booleans	fbs	decode	1	2	40244
Blink: Booleans	fbs	decode	1	3	41517
Blink: Booleans	fbs	decode	1	4	41123
Blink: Booleans	fbs	decode	1	5	41030
Blink: Booleans	fbs	decode	1	6	40436
Blink: Booleans	fbs	decode	1	7	40371
Blink: Booleans	fbs	decode	1	8	41070
Blink: Booleans	fbs	decode	1	9	41210
Blink: Booleans	fbs	decode	2	1	40341
Blink: Booleans	fbs	decode	2	2	40605
Blink: Booleans	fbs	decode	2	3	40112
Blink: Booleans	fbs	decode	2	4	40814
Blink: Booleans	fbs	decode	2	5	40846
Blink: Booleans	fbs	decode	2	6	40684
Blink: Booleans	fbs	decode	2	7	40168
Blink: Booleans	fbs	decode	2	8	41138
Blink: Booleans	fbs	decode	2	9	39377
Blink: Booleans	serio	encode	1	1	10265
Blink: Booleans	serio	encode	1	2	10289
Blink: Booleans	serio	encode	1	3	10268
Blink: Booleans	serio	encode	1	4	10307
Blink: Booleans	serio	encode	1	5	10295
Blink: Booleans	serio	encode	1	6	10195
Blink: Booleans	serio	encode	1	7	10294
Blink: Booleans	serio	encode	1	8	10343
Blink: Booleans	serio	encode	1	9	10205
Blink: Booleans	serio	encode	2	1	10295
Blink: Booleans	serio	encode	2	2	10295
Blink: Booleans	serio	encode	2	3	10341
Blink: Booleans	serio	encode	2	4	10351
Blink: Booleans	serio	encode	2	5	10273
Blink: Booleans	serio	encode	2	6	10294
Blink: Booleans	serio	encode	2	7	10293
Blink: Booleans	serio	encode	2	8	10273
Blink: Booleans	serio	encode	2	9	10311
Blink: Booleans	serio	decode	1	1	12197
Blink: Booleans	serio	decode	1	2	12182
Blink: Booleans	serio	decode	1	3	12080
Blink: Booleans	serio	decode	1	4	12060
Blink: Booleans	serio	decode	1	5	12173
Blink: Booleans	serio	decode	1	6	12057
Blink: Booleans	serio	decode	1	7	11966
Blink: Booleans	serio	decode	1	8	11939
Blink: Booleans	serio	decode	1	9	12056
Blink: Booleans	serio	decode	2	1	12222
Blink: Booleans	serio	decode	2	2	12018
Blink: Booleans	serio	decode	2	3	11945
Blink: Booleans	serio	decode	2	4	12120
Blink: Booleans	serio	decode	2	5	12210
Blink: Booleans	serio	decode	2	6	12232
Blink: Booleans	serio	decode	2	7	12105
Blink: Booleans	serio	decode	2	8	11955
Blink: Booleans	serio	decode	2	9	12174
Blink: Booleans	blink	encode	1	1	117404
Blink: Booleans	blink	encode	1	2	116138
Blink: Booleans	blink	encode	1	3	114143
Blink: Booleans	blink	encode	1	4	117111
Blink: Booleans	blink	encode	1	5	113565
Blink: Booleans	blink	encode	1	6	117809
Blink: Booleans	blink	encode	1	7	116180
Blink: Booleans	blink	encode	1	8	116016
Blink: Booleans	blink	encode	1	9	115356
Blink: Booleans	blink	encode	2	1	114216
Blink: Booleans	blink	encode	2	2	115029
Blink: Booleans	blink	encode	2	3	115454
Blink: Booleans	blink	encode	2	4	115773
Blink: Booleans	blink	encode	2	5	115326
Blink: Booleans	blink	encode	2	6	116242
Blink: Booleans	blink	encode	2	7	114491
Blink: Booleans	blink	encode	2	8	115687
Blink: Booleans	blink	encode	2	9	117140
Blink: Booleans	blink	decode	1	1	74886
Blink: Booleans	blink	decode	1	2	74923
Blink: Booleans	blink	decode	1	3	73050
Blink: Booleans	blink	decode	1	4	73775
Blink: Booleans	blink	decode	1	5	73807
Blink: Booleans	blink	decode	1	6	73920
Blink: Booleans	blink	decode	1	7	73458
Blink: Booleans	blink	decode	1	8	73522
Blink: Booleans	blink	decode	1	9	74271
Blink: Booleans	blink	decode	2	1	74284
Blink: Booleans	blink	decode	2	2	75473
Blink: Booleans	blink	decode	2	3	75631
Blink: Booleans	blink	decode	2	4	74104
Blink: Booleans	blink	decode	2	5	74196
Blink: Booleans	blink	decode	2	6	73732
Blink: Booleans	blink	decode	2	7	74658
Blink: Booleans	blink	decode	2	8	68626
Blink: Booleans	blink	decode	2	9	73604
Blink: Entities	surge	encode	1	1	532253
Blink: Entities	surge	encode	1	2	517926
Blink: Entities	surge	encode	1	3	532119
Blink: Entities	surge	encode	1	4	528521
Blink: Entities	surge	encode	1	5	525123
Blink: Entities	surge	encode	1	6	531711
Blink: Entities	surge	encode	1	7	528990
Blink: Entities	surge	encode	1	8	530343
Blink: Entities	surge	encode	1	9	530590
Blink: Entities	surge	encode	2	1	534202
Blink: Entities	surge	encode	2	2	529456
Blink: Entities	surge	encode	2	3	533771
Blink: Entities	surge	encode	2	4	535821
Blink: Entities	surge	encode	2	5	533628
Blink: Entities	surge	encode	2	6	498169
Blink: Entities	surge	encode	2	7	528083
Blink: Entities	surge	encode	2	8	532849
Blink: Entities	surge	encode	2	9	532860
Blink: Entities	surge	decode	1	1	64057
Blink: Entities	surge	decode	1	2	65820
Blink: Entities	surge	decode	1	3	67309
Blink: Entities	surge	decode	1	4	67458
Blink: Entities	surge	decode	1	5	67779
Blink: Entities	surge	decode	1	6	64779
Blink: Entities	surge	decode	1	7	67835
Blink: Entities	surge	decode	1	8	66787
Blink: Entities	surge	decode	1	9	67485
Blink: Entities	surge	decode	2	1	66044
Blink: Entities	surge	decode	2	2	65651
Blink: Entities	surge	decode	2	3	64539
Blink: Entities	surge	decode	2	4	66090
Blink: Entities	surge	decode	2	5	66038
Blink: Entities	surge	decode	2	6	66029
Blink: Entities	surge	decode	2	7	64851
Blink: Entities	surge	decode	2	8	66060
Blink: Entities	surge	decode	2	9	65177
Blink: Entities	fbs	encode	1	1	78614
Blink: Entities	fbs	encode	1	2	79775
Blink: Entities	fbs	encode	1	3	79725
Blink: Entities	fbs	encode	1	4	82602
Blink: Entities	fbs	encode	1	5	80450
Blink: Entities	fbs	encode	1	6	78625
Blink: Entities	fbs	encode	1	7	80735
Blink: Entities	fbs	encode	1	8	80016
Blink: Entities	fbs	encode	1	9	80080
Blink: Entities	fbs	encode	2	1	81337
Blink: Entities	fbs	encode	2	2	80267
Blink: Entities	fbs	encode	2	3	74011
Blink: Entities	fbs	encode	2	4	80746
Blink: Entities	fbs	encode	2	5	81615
Blink: Entities	fbs	encode	2	6	82293
Blink: Entities	fbs	encode	2	7	81904
Blink: Entities	fbs	encode	2	8	81091
Blink: Entities	fbs	encode	2	9	81900
Blink: Entities	fbs	decode	1	1	36241
Blink: Entities	fbs	decode	1	2	36443
Blink: Entities	fbs	decode	1	3	36265
Blink: Entities	fbs	decode	1	4	35850
Blink: Entities	fbs	decode	1	5	36102
Blink: Entities	fbs	decode	1	6	35915
Blink: Entities	fbs	decode	1	7	35631
Blink: Entities	fbs	decode	1	8	35796
Blink: Entities	fbs	decode	1	9	36334
Blink: Entities	fbs	decode	2	1	36227
Blink: Entities	fbs	decode	2	2	36677
Blink: Entities	fbs	decode	2	3	36714
Blink: Entities	fbs	decode	2	4	35192
Blink: Entities	fbs	decode	2	5	36381
Blink: Entities	fbs	decode	2	6	36511
Blink: Entities	fbs	decode	2	7	36515
Blink: Entities	fbs	decode	2	8	36217
Blink: Entities	fbs	decode	2	9	36560
Blink: Entities	serio	encode	1	1	11002
Blink: Entities	serio	encode	1	2	11164
Blink: Entities	serio	encode	1	3	11064
Blink: Entities	serio	encode	1	4	11081
Blink: Entities	serio	encode	1	5	11060
Blink: Entities	serio	encode	1	6	11052
Blink: Entities	serio	encode	1	7	10955
Blink: Entities	serio	encode	1	8	11112
Blink: Entities	serio	encode	1	9	10991
Blink: Entities	serio	encode	2	1	11110
Blink: Entities	serio	encode	2	2	11122
Blink: Entities	serio	encode	2	3	11112
Blink: Entities	serio	encode	2	4	11114
Blink: Entities	serio	encode	2	5	10879
Blink: Entities	serio	encode	2	6	11079
Blink: Entities	serio	encode	2	7	11107
Blink: Entities	serio	encode	2	8	11128
Blink: Entities	serio	encode	2	9	10919
Blink: Entities	serio	decode	1	1	22199
Blink: Entities	serio	decode	1	2	22698
Blink: Entities	serio	decode	1	3	22354
Blink: Entities	serio	decode	1	4	22177
Blink: Entities	serio	decode	1	5	22242
Blink: Entities	serio	decode	1	6	22466
Blink: Entities	serio	decode	1	7	22880
Blink: Entities	serio	decode	1	8	22146
Blink: Entities	serio	decode	1	9	22541
Blink: Entities	serio	decode	2	1	22158
Blink: Entities	serio	decode	2	2	22526
Blink: Entities	serio	decode	2	3	22350
Blink: Entities	serio	decode	2	4	22778
Blink: Entities	serio	decode	2	5	22401
Blink: Entities	serio	decode	2	6	22628
Blink: Entities	serio	decode	2	7	22574
Blink: Entities	serio	decode	2	8	22529
Blink: Entities	serio	decode	2	9	22454
Blink: Entities	blink	encode	1	1	308149
Blink: Entities	blink	encode	1	2	307244
Blink: Entities	blink	encode	1	3	296877
Blink: Entities	blink	encode	1	4	304373
Blink: Entities	blink	encode	1	5	306999
Blink: Entities	blink	encode	1	6	308201
Blink: Entities	blink	encode	1	7	307095
Blink: Entities	blink	encode	1	8	306251
Blink: Entities	blink	encode	1	9	310777
Blink: Entities	blink	encode	2	1	303000
Blink: Entities	blink	encode	2	2	307451
Blink: Entities	blink	encode	2	3	306706
Blink: Entities	blink	encode	2	4	306426
Blink: Entities	blink	encode	2	5	293114
Blink: Entities	blink	encode	2	6	304924
Blink: Entities	blink	encode	2	7	308511
Blink: Entities	blink	encode	2	8	305383
Blink: Entities	blink	encode	2	9	306771
Blink: Entities	blink	decode	1	1	37506
Blink: Entities	blink	decode	1	2	37351
Blink: Entities	blink	decode	1	3	38080
Blink: Entities	blink	decode	1	4	37830
Blink: Entities	blink	decode	1	5	38258
Blink: Entities	blink	decode	1	6	37604
Blink: Entities	blink	decode	1	7	37477
Blink: Entities	blink	decode	1	8	38307
Blink: Entities	blink	decode	1	9	37356
Blink: Entities	blink	decode	2	1	36540
Blink: Entities	blink	decode	2	2	37395
Blink: Entities	blink	decode	2	3	37908
Blink: Entities	blink	decode	2	4	37727
Blink: Entities	blink	decode	2	5	37257
Blink: Entities	blink	decode	2	6	37650
Blink: Entities	blink	decode	2	7	37796
Blink: Entities	blink	decode	2	8	38120
Blink: Entities	blink	decode	2	9	37655
